Date,Entraînement,Exercise,Equipement,Exécution,Type de Set,Reps,Charge,Durée,Distance,csv.headers.steps,RPE,Calories Brûlées,Durée de l'Entraînement
2024-08-26 23:57:00,Upper,Développé incliné,Haltères,Bilatéral,Normale,9,30,0,0,0,0,391,00:00:00
2024-08-26 23:57:00,Upper,Développé incliné,Haltères,Bilatéral,Normale,7,30,0,0,0,0,391,00:00:00
2024-08-26 23:57:00,Upper,Développé incliné,Haltères,Bilatéral,Normale,6,30,0,0,0,0,391,00:00:00
2024-08-26 23:57:00,Upper,Développé incliné,Barre,Bilatéral,Normale,6,70,0,0,0,0,391,00:00:00
2024-08-26 23:57:00,Upper,Développé incliné,Barre,Bilatéral,Normale,6,70,0,0,0,0,391,00:00:00
2024-08-26 23:57:00,Upper,Développé incliné,Barre,Bilatéral,Normale,9,60,0,0,0,0,391,00:00:00
2024-08-26 23:57:00,Upper,Traction prise large,Disque,Bilatéral,Normale,8,12,0,0,0,0,391,00:00:00
2024-08-26 23:57:00,Upper,Traction prise large,Disque,Bilatéral,Normale,6,12,0,0,0,0,391,00:00:00
2024-08-26 23:57:00,Upper,Traction prise large,Disque,Bilatéral,Normale,9,0,0,0,0,0,391,00:00:00
2024-08-26 23:57:00,Upper,Tirage horizontal assis prise serrée,Machine guidée à poulie,Bilatéral,Normale,8,70,0,0,0,0,391,00:00:00
2024-08-26 23:57:00,Upper,Tirage horizontal assis prise serrée,Machine guidée à poulie,Bilatéral,Normale,8,70,0,0,0,0,391,00:00:00
2024-08-26 23:57:00,Upper,Tirage horizontal assis prise serrée,Machine guidée à poulie,Bilatéral,Normale,8,70,0,0,0,0,391,00:00:00
2024-08-26 23:57:00,Upper,Élévation latérale,Poulie vis-à-vis,Unilatéral,Normale,12,7.5,0,0,0,0,391,00:00:00
2024-08-26 23:57:00,Upper,Élévation latérale,Poulie vis-à-vis,Unilatéral,Normale,12,7.5,0,0,0,0,391,00:00:00
2024-08-26 23:57:00,Upper,Élévation latérale,Poulie vis-à-vis,Unilatéral,Normale,12,7.5,0,0,0,0,391,00:00:00
2024-08-26 23:57:00,Upper,Élévation latérale,Poulie vis-à-vis,Unilatéral,Normale,12,7.5,0,0,0,0,391,00:00:00
2024-08-26 23:57:00,Upper,Élévation latérale,Poulie vis-à-vis,Unilatéral,Normale,12,7.5,0,0,0,0,391,00:00:00
2024-08-26 23:57:00,Upper,Élévation latérale,Poulie vis-à-vis,Unilatéral,Normale,12,7.5,0,0,0,0,391,00:00:00
2024-08-26 23:57:00,Upper,Extension de bras poulie haute,Poulie vis-à-vis,Bilatéral,Normale,10,32.5,0,0,0,0,391,00:00:00
2024-08-26 23:57:00,Upper,Extension de bras poulie haute,Poulie vis-à-vis,Bilatéral,Normale,10,32.5,0,0,0,0,391,00:00:00
2024-08-26 23:57:00,Upper,Extension de bras poulie haute,Poulie vis-à-vis,Bilatéral,Normale,10,32.5,0,0,0,0,391,00:00:00
2024-08-26 23:57:00,Upper,Curl biceps supination,Poulie vis-à-vis,Unilatéral,Normale,10,12.5,0,0,0,0,391,00:00:00
2024-08-26 23:57:00,Upper,Curl biceps supination,Poulie vis-à-vis,Unilatéral,Normale,10,12.5,0,0,0,0,391,00:00:00
2024-08-26 23:57:00,Upper,Curl biceps supination,Poulie vis-à-vis,Unilatéral,Normale,10,12.5,0,0,0,0,391,00:00:00
2024-08-28 23:58:00,Lower,Flexion jambes parallèles,Barre,Bilatéral,Normale,10,80,0,0,0,0,451,00:00:00
2024-08-28 23:58:00,Lower,Flexion jambes parallèles,Barre,Bilatéral,Normale,10,80,0,0,0,0,451,00:00:00
2024-08-28 23:58:00,Lower,Presse à cuisses,Machine guidée à levier,Bilatéral,Normale,10,200,0,0,0,0,451,00:00:00
2024-08-28 23:58:00,Lower,Presse à cuisses,Machine guidée à levier,Bilatéral,Normale,10,200,0,0,0,0,451,00:00:00
2024-08-28 23:58:00,Lower,Extension de jambes,Machine guidée à levier,Bilatéral,Normale,10,72.5,0,0,0,0,451,00:00:00
2024-08-28 23:58:00,Lower,Extension de jambes,Machine guidée à levier,Bilatéral,Normale,10,72.5,0,0,0,0,451,00:00:00
2024-08-28 23:58:00,Lower,Flexion de jambes assis,Machine guidée à poulie,Bilatéral,Normale,10,60,0,0,0,0,451,00:00:00
2024-08-28 23:58:00,Lower,Flexion de jambes assis,Machine guidée à poulie,Bilatéral,Normale,10,60,0,0,0,0,451,00:00:00
2024-08-28 23:58:00,Lower,Flexion de jambes assis,Machine guidée à poulie,Bilatéral,Normale,10,60,0,0,0,0,451,00:00:00
2024-08-28 23:58:00,Lower,Extension de mollet assis,Machine guidée à poulie,Bilatéral,Normale,15,40,0,0,0,0,451,00:00:00
2024-08-28 23:58:00,Lower,Extension de mollet assis,Machine guidée à poulie,Bilatéral,Normale,15,40,0,0,0,0,451,00:00:00
2024-08-28 23:58:00,Lower,Extension de mollet assis,Machine guidée à poulie,Bilatéral,Normale,15,40,0,0,0,0,451,00:00:00
2024-08-28 23:58:00,Lower,Extension de mollet assis,Machine guidée à poulie,Bilatéral,Normale,15,40,0,0,0,0,451,00:00:00
2024-08-28 23:58:00,Lower,Extension de mollet assis,Machine guidée à poulie,Bilatéral,Normale,15,40,0,0,0,0,451,00:00:00
2024-08-28 23:58:00,Lower,Curl pupitre,Machine guidée à levier,Bilatéral,Normale,10,25,0,0,0,0,451,00:00:00
2024-08-28 23:58:00,Lower,Curl pupitre,Machine guidée à levier,Bilatéral,Normale,10,25,0,0,0,0,451,00:00:00
2024-08-28 23:58:00,Lower,Curl pupitre,Machine guidée à levier,Bilatéral,Normale,10,25,0,0,0,0,451,00:00:00
2024-08-28 23:58:00,Lower,Curl biceps supination,Haltères,Unilatéral,Normale,10,14,0,0,0,0,451,00:00:00
2024-08-28 23:58:00,Lower,Curl biceps supination,Haltères,Unilatéral,Normale,10,14,0,0,0,0,451,00:00:00
2024-08-28 23:58:00,Lower,Curl biceps supination,Haltères,Unilatéral,Normale,10,14,0,0,0,0,451,00:00:00
2024-08-28 23:58:00,Lower,Extension verticale,Poulie vis-à-vis,Bilatéral,Normale,10,25,0,0,0,0,451,00:00:00
2024-08-28 23:58:00,Lower,Extension verticale,Poulie vis-à-vis,Bilatéral,Normale,10,25,0,0,0,0,451,00:00:00
2024-08-28 23:58:00,Lower,Extension verticale,Poulie vis-à-vis,Bilatéral,Normale,10,25,0,0,0,0,451,00:00:00
2024-08-28 23:58:00,Lower,Extension verticale,Poulie vis-à-vis,Bilatéral,Normale,10,25,0,0,0,0,451,00:00:00
2024-08-28 23:58:00,Lower,Extension verticale,Poulie vis-à-vis,Bilatéral,Normale,10,25,0,0,0,0,451,00:00:00
2024-08-28 23:58:00,Lower,Extension verticale,Poulie vis-à-vis,Bilatéral,Normale,10,25,0,0,0,0,451,00:00:00
2024-08-31 12:07:03,Upper B,Développé incliné,Haltères,Bilatéral,Normale,8,30,0,0,0,0,421,01:33:38
2024-08-31 12:07:03,Upper B,Développé incliné,Haltères,Bilatéral,Normale,6,30,0,0,0,0,421,01:33:38
2024-08-31 12:07:03,Upper B,Développé incliné,Haltères,Bilatéral,Normale,9,30,0,0,0,0,421,01:33:38
2024-08-31 12:07:03,Upper B,Dips prise large,Poids du corps,Bilatéral,Normale,7,0,0,0,0,0,421,01:33:38
2024-08-31 12:07:03,Upper B,Dips prise large,Poids du corps,Bilatéral,Normale,7,0,0,0,0,0,421,01:33:38
2024-08-31 12:07:03,Upper B,Pompe,Poids du corps,Bilatéral,Normale,14,0,0,0,0,0,421,01:33:38
2024-08-31 12:07:03,Upper B,Traction prise large,Poids du corps,Bilatéral,Normale,10,0,0,0,0,0,421,01:33:38
2024-08-31 12:07:03,Upper B,Traction prise large,Poids du corps,Bilatéral,Normale,7,0,0,0,0,0,421,01:33:38
2024-08-31 12:07:03,Upper B,Tirage horizontal assis prise serrée,Machine guidée à poulie,Bilatéral,Normale,8,70,0,0,0,0,421,01:33:38
2024-08-31 12:07:03,Upper B,Tirage horizontal assis prise serrée,Machine guidée à poulie,Bilatéral,Normale,8,70,0,0,0,0,421,01:33:38
2024-08-31 12:07:03,Upper B,Tirage visage,Élastique,Bilatéral,Normale,10,25,0,0,0,0,421,01:33:38
2024-08-31 12:07:03,Upper B,Tirage visage,Élastique,Bilatéral,Normale,10,25,0,0,0,0,421,01:33:38
2024-08-31 12:07:03,Upper B,Élévation latérale,Poulie vis-à-vis,Unilatéral,Normale,12,7.5,0,0,0,0,421,01:33:38
2024-08-31 12:07:03,Upper B,Élévation latérale,Poulie vis-à-vis,Unilatéral,Normale,9,7.5,0,0,0,0,421,01:33:38
2024-08-31 12:07:03,Upper B,Élévation latérale,Poulie vis-à-vis,Unilatéral,Normale,10,7.5,0,0,0,0,421,01:33:38
2024-08-31 12:07:03,Upper B,Élévation latérale,Poulie vis-à-vis,Unilatéral,Normale,10,7.5,0,0,0,0,421,01:33:38
2024-08-31 12:07:03,Upper B,Élévation latérale,Poulie vis-à-vis,Unilatéral,Normale,10,7.5,0,0,0,0,421,01:33:38
2024-08-31 12:07:03,Upper B,Élévation latérale,Poulie vis-à-vis,Unilatéral,Normale,10,7.5,0,0,0,0,421,01:33:38
2024-08-31 12:07:03,Upper B,Curl biceps supination,Poulie vis-à-vis,Unilatéral,Normale,10,12.5,0,0,0,0,421,01:33:38
2024-08-31 12:07:03,Upper B,Curl biceps supination,Poulie vis-à-vis,Unilatéral,Normale,10,12.5,0,0,0,0,421,01:33:38
2024-08-31 12:07:03,Upper B,Curl biceps supination,Poulie vis-à-vis,Unilatéral,Normale,10,12.5,0,0,0,0,421,01:33:38
2024-08-31 12:07:03,Upper B,Curl biceps supination,Poulie vis-à-vis,Unilatéral,Normale,10,12.5,0,0,0,0,421,01:33:38
2024-08-31 12:07:03,Upper B,Curl biceps supination,Poulie vis-à-vis,Unilatéral,Normale,10,12.5,0,0,0,0,421,01:33:38
2024-08-31 12:07:03,Upper B,Curl biceps supination,Poulie vis-à-vis,Unilatéral,Normale,10,12.5,0,0,0,0,421,01:33:38
2024-09-02 19:02:47,Lower B,Curl pupitre,Machine guidée à levier,Bilatéral,Normale,10,27.5,0,0,0,0,348,01:36:22
2024-09-02 19:02:47,Lower B,Curl pupitre,Machine guidée à levier,Bilatéral,Normale,9,27.5,0,0,0,0,348,01:36:22
2024-09-02 19:02:47,Lower B,Curl pupitre,Machine guidée à levier,Bilatéral,Normale,10,27.5,0,0,0,0,348,01:36:22
2024-09-02 19:02:47,Lower B,Curl biceps supination,Haltères,Unilatéral,Normale,8,14,0,0,0,0,348,01:36:22
2024-09-02 19:02:47,Lower B,Curl biceps supination,Haltères,Unilatéral,Normale,10,14,0,0,0,0,348,01:36:22
2024-09-02 19:02:47,Lower B,Curl biceps supination,Haltères,Unilatéral,Normale,10,14,0,0,0,0,348,01:36:22
2024-09-02 19:02:47,Lower B,Extension de bras poulie haute,Poulie vis-à-vis,Bilatéral,Normale,10,32.5,0,0,0,0,348,01:36:22
2024-09-02 19:02:47,Lower B,Extension de bras poulie haute,Poulie vis-à-vis,Bilatéral,Normale,10,32.5,0,0,0,0,348,01:36:22
2024-09-02 19:02:47,Lower B,Extension de bras poulie haute,Poulie vis-à-vis,Bilatéral,Normale,10,32.5,0,0,0,0,348,01:36:22
2024-09-02 19:02:47,Lower B,Extension de bras poulie haute,Poulie vis-à-vis,Bilatéral,Normale,10,32.5,0,0,0,0,348,01:36:22
2024-09-02 19:02:47,Lower B,Extension de bras poulie haute,Poulie vis-à-vis,Bilatéral,Normale,9,32.5,0,0,0,0,348,01:36:22
2024-09-02 19:02:47,Lower B,Extension de bras poulie haute,Poulie vis-à-vis,Bilatéral,Normale,7,32.5,0,0,0,0,348,01:36:22
2024-09-02 19:02:47,Lower B,Machine V Squat,Machine guidée à levier,Bilatéral,Normale,10,110,0,0,0,0,348,01:36:22
2024-09-02 19:02:47,Lower B,Machine V Squat,Machine guidée à levier,Bilatéral,Normale,10,110,0,0,0,0,348,01:36:22
2024-09-02 19:02:47,Lower B,Machine V Squat,Machine guidée à levier,Bilatéral,Normale,10,110,0,0,0,0,348,01:36:22
2024-09-02 19:02:47,Lower B,Flexion de jambes assis,Machine guidée à poulie,Bilatéral,Normale,10,60,0,0,0,0,348,01:36:22
2024-09-02 19:02:47,Lower B,Flexion de jambes assis,Machine guidée à poulie,Bilatéral,Normale,11,60,0,0,0,0,348,01:36:22
2024-09-02 19:02:47,Lower B,Flexion de jambes assis,Machine guidée à poulie,Bilatéral,Normale,10,60,0,0,0,0,348,01:36:22
2024-09-02 19:02:47,Lower B,Squat ceinture lestée,Machine guidée à levier,Bilatéral,Normale,8,90,0,0,0,0,348,01:36:22
2024-09-02 19:02:47,Lower B,Squat ceinture lestée,Machine guidée à levier,Bilatéral,Normale,7,90,0,0,0,0,348,01:36:22
2024-09-02 19:02:47,Lower B,Squat ceinture lestée,Machine guidée à levier,Bilatéral,Normale,6,90,0,0,0,0,348,01:36:22
2024-09-04 19:03:15,Upper,Développé incliné,Barre,Bilatéral,Normale,8,70,0,0,0,0,384,01:45:12
2024-09-04 19:03:15,Upper,Développé incliné,Barre,Bilatéral,Normale,8,70,0,0,0,0,384,01:45:12
2024-09-04 19:03:15,Upper,Développé incliné,Barre,Bilatéral,Normale,6,70,0,0,0,0,384,01:45:12
2024-09-04 19:03:15,Upper,Développé incliné,Haltères,Bilatéral,Normale,7,28,0,0,0,0,384,01:45:12
2024-09-04 19:03:15,Upper,Développé incliné,Haltères,Bilatéral,Normale,7,28,0,0,0,0,384,01:45:12
2024-09-04 19:03:15,Upper,Développé incliné,Haltères,Bilatéral,Normale,8,28,0,0,0,0,384,01:45:12
2024-09-04 19:03:15,Upper,Traction prise large,Poids du corps,Bilatéral,Normale,10,0,0,0,0,0,384,01:45:12
2024-09-04 19:03:15,Upper,Traction prise large,Poids du corps,Bilatéral,Normale,7,0,0,0,0,0,384,01:45:12
2024-09-04 19:03:15,Upper,Traction prise large,Poids du corps,Bilatéral,Normale,7,0,0,0,0,0,384,01:45:12
2024-09-04 19:03:15,Upper,Tirage horizontal prise large,Barre,Bilatéral,Normale,6,60,0,0,0,0,384,01:45:12
2024-09-04 19:03:15,Upper,Tirage horizontal prise large,Barre,Bilatéral,Normale,7,60,0,0,0,0,384,01:45:12
2024-09-04 19:03:15,Upper,Tirage horizontal prise large,Barre,Bilatéral,Normale,10,50,0,0,0,0,384,01:45:12
2024-09-04 19:03:15,Upper,Élévation latérale,Poulie vis-à-vis,Unilatéral,Normale,10,7.5,0,0,0,0,384,01:45:12
2024-09-04 19:03:15,Upper,Élévation latérale,Poulie vis-à-vis,Unilatéral,Normale,10,7.5,0,0,0,0,384,01:45:12
2024-09-04 19:03:15,Upper,Élévation latérale,Poulie vis-à-vis,Unilatéral,Normale,10,7.5,0,0,0,0,384,01:45:12
2024-09-04 19:03:15,Upper,Élévation latérale,Poulie vis-à-vis,Unilatéral,Normale,10,7.5,0,0,0,0,384,01:45:12
2024-09-04 19:03:15,Upper,Élévation latérale,Poulie vis-à-vis,Unilatéral,Normale,10,7.5,0,0,0,0,384,01:45:12
2024-09-04 19:03:15,Upper,Élévation latérale,Poulie vis-à-vis,Unilatéral,Normale,12,5,0,0,0,0,384,01:45:12
2024-09-04 19:03:15,Upper,Extension de bras poulie haute,Poulie vis-à-vis,Bilatéral,Normale,10,32.5,0,0,0,0,384,01:45:12
2024-09-04 19:03:15,Upper,Extension de bras poulie haute,Poulie vis-à-vis,Bilatéral,Normale,10,32.5,0,0,0,0,384,01:45:12
2024-09-04 19:03:15,Upper,Extension de bras poulie haute,Poulie vis-à-vis,Bilatéral,Normale,10,32.5,0,0,0,0,384,01:45:12
2024-09-04 19:03:15,Upper,Curl biceps supination,Poulie vis-à-vis,Unilatéral,Normale,10,12.5,0,0,0,0,384,01:45:12
2024-09-04 19:03:15,Upper,Curl biceps supination,Poulie vis-à-vis,Unilatéral,Normale,10,12.5,0,0,0,0,384,01:45:12
2024-09-04 19:03:15,Upper,Curl biceps supination,Poulie vis-à-vis,Unilatéral,Normale,10,12.5,0,0,0,0,384,01:45:12
2024-09-06 19:07:37,Lower,Curl pupitre,Machine guidée à levier,Bilatéral,Normale,10,27.5,0,0,0,0,393,01:45:38
2024-09-06 19:07:37,Lower,Curl pupitre,Machine guidée à levier,Bilatéral,Normale,10,27.5,0,0,0,0,393,01:45:38
2024-09-06 19:07:37,Lower,Curl pupitre,Machine guidée à levier,Bilatéral,Normale,10,27.5,0,0,0,0,393,01:45:38
2024-09-06 19:07:37,Lower,Curl biceps supination,Haltères,Unilatéral,Normale,10,14,0,0,0,0,393,01:45:38
2024-09-06 19:07:37,Lower,Curl biceps supination,Haltères,Unilatéral,Normale,10,14,0,0,0,0,393,01:45:38
2024-09-06 19:07:37,Lower,Curl biceps supination,Haltères,Unilatéral,Normale,10,14,0,0,0,0,393,01:45:38
2024-09-06 19:07:37,Lower,Extension verticale,Poulie vis-à-vis,Bilatéral,Normale,12,25,0,0,0,0,393,01:45:38
2024-09-06 19:07:37,Lower,Extension verticale,Poulie vis-à-vis,Bilatéral,Normale,10,25,0,0,0,0,393,01:45:38
2024-09-06 19:07:37,Lower,Extension verticale,Poulie vis-à-vis,Bilatéral,Normale,10,25,0,0,0,0,393,01:45:38
2024-09-06 19:07:37,Lower,Extension verticale,Poulie vis-à-vis,Bilatéral,Normale,11,25,0,0,0,0,393,01:45:38
2024-09-06 19:07:37,Lower,Extension verticale,Poulie vis-à-vis,Bilatéral,Normale,10,25,0,0,0,0,393,01:45:38
2024-09-06 19:07:37,Lower,Extension verticale,Poulie vis-à-vis,Bilatéral,Normale,10,25,0,0,0,0,393,01:45:38
2024-09-06 19:07:37,Lower,Flexion jambes parallèles,Barre,Bilatéral,Normale,10,90,0,0,0,0,393,01:45:38
2024-09-06 19:07:37,Lower,Flexion jambes parallèles,Barre,Bilatéral,Normale,10,90,0,0,0,0,393,01:45:38
2024-09-06 19:07:37,Lower,Flexion de jambes assis,Machine guidée à poulie,Bilatéral,Normale,10,62.5,0,0,0,0,393,01:45:38
2024-09-06 19:07:37,Lower,Flexion de jambes assis,Machine guidée à poulie,Bilatéral,Normale,10,62.5,0,0,0,0,393,01:45:38
2024-09-06 19:07:37,Lower,Flexion de jambes assis,Machine guidée à poulie,Bilatéral,Normale,10,62.5,0,0,0,0,393,01:45:38
2024-09-06 19:07:37,Lower,Extension de jambes,Machine guidée à levier,Bilatéral,Normale,11,72.5,0,0,0,0,393,01:45:38
2024-09-06 19:07:37,Lower,Extension de jambes,Machine guidée à levier,Bilatéral,Normale,10,72.5,0,0,0,0,393,01:45:38
2024-09-06 19:07:37,Lower,Extension de jambes,Machine guidée à levier,Bilatéral,Normale,10,72.5,0,0,0,0,393,01:45:38
2024-09-06 19:07:37,Lower,Extension de mollet debout,Poids du corps,Bilatéral,Normale,12,120,0,0,0,0,393,01:45:38
2024-09-06 19:07:37,Lower,Extension de mollet debout,Poids du corps,Bilatéral,Normale,10,120,0,0,0,0,393,01:45:38
2024-09-06 19:07:37,Lower,Extension de mollet debout,Poids du corps,Bilatéral,Normale,15,110,0,0,0,0,393,01:45:38
2024-09-09 18:42:01,Chest/Back,Traction prise large,Poids du corps,Bilatéral,Normale,12,0,0,0,0,0,280,01:59:30
2024-09-09 18:42:01,Chest/Back,Traction prise large,Poids du corps,Bilatéral,Normale,11,0,0,0,0,0,280,01:59:30
2024-09-09 18:42:01,Chest/Back,Traction prise large,Poids du corps,Bilatéral,Normale,9,0,0,0,0,0,280,01:59:30
2024-09-09 18:42:01,Chest/Back,Développé incliné,Haltères,Bilatéral,Normale,8,30,0,0,0,0,280,01:59:30
2024-09-09 18:42:01,Chest/Back,Développé incliné,Haltères,Bilatéral,Normale,7,30,0,0,0,0,280,01:59:30
2024-09-09 18:42:01,Chest/Back,Développé incliné,Haltères,Bilatéral,Normale,8,30,0,0,0,0,280,01:59:30
2024-09-09 18:42:01,Chest/Back,Tirage horizontal assis prise serrée,Machine guidée à poulie,Bilatéral,Normale,10,70,0,0,0,0,280,01:59:30
2024-09-09 18:42:01,Chest/Back,Tirage horizontal assis prise serrée,Machine guidée à poulie,Bilatéral,Normale,9,70,0,0,0,0,280,01:59:30
2024-09-09 18:42:01,Chest/Back,Tirage horizontal assis prise serrée,Machine guidée à poulie,Bilatéral,Normale,10,70,0,0,0,0,280,01:59:30
2024-09-09 18:42:01,Chest/Back,Développé incliné,Barre,Bilatéral,Normale,10,60,0,0,0,0,280,01:59:30
2024-09-09 18:42:01,Chest/Back,Développé incliné,Barre,Bilatéral,Normale,8,60,0,0,0,0,280,01:59:30
2024-09-09 18:42:01,Chest/Back,Développé incliné,Barre,Bilatéral,Normale,10,60,0,0,0,0,280,01:59:30
2024-09-09 18:42:01,Chest/Back,Tirage vertical prise large,Poulie vis-à-vis,Bilatéral,Normale,10,70,0,0,0,0,280,01:59:30
2024-09-09 18:42:01,Chest/Back,Tirage vertical prise large,Poulie vis-à-vis,Bilatéral,Normale,10,70,0,0,0,0,280,01:59:30
2024-09-09 18:42:01,Chest/Back,Écarté,Machine guidée à poulie,Bilatéral,Normale,8,72.5,0,0,0,0,280,01:59:30
2024-09-09 18:42:01,Chest/Back,Écarté,Machine guidée à poulie,Bilatéral,Normale,8,72.5,0,0,0,0,280,01:59:30
2024-09-10 18:59:08,Shoulders/Arms,Curl pupitre,Machine guidée à levier,Bilatéral,Normale,10,30,0,0,0,0,507,01:36:49
2024-09-10 18:59:08,Shoulders/Arms,Curl pupitre,Machine guidée à levier,Bilatéral,Normale,10,30,0,0,0,0,507,01:36:49
2024-09-10 18:59:08,Shoulders/Arms,Curl pupitre,Machine guidée à levier,Bilatéral,Normale,8,30,0,0,0,0,507,01:36:49
2024-09-10 18:59:08,Shoulders/Arms,Curl biceps supination,Barre,Unilatéral,Normale,6,30,0,0,0,0,507,01:36:49
2024-09-10 18:59:08,Shoulders/Arms,Curl biceps supination,Barre,Unilatéral,Normale,7,30,0,0,0,0,507,01:36:49
2024-09-10 18:59:08,Shoulders/Arms,Curl biceps supination,Barre,Unilatéral,Normale,7,30,0,0,0,0,507,01:36:49
2024-09-10 18:59:08,Shoulders/Arms,Extension de bras poulie haute,Poulie vis-à-vis,Bilatéral,Normale,12,36.25,0,0,0,0,507,01:36:49
2024-09-10 18:59:08,Shoulders/Arms,Extension de bras poulie haute,Poulie vis-à-vis,Bilatéral,Normale,9,36.25,0,0,0,0,507,01:36:49
2024-09-10 18:59:08,Shoulders/Arms,Extension de bras poulie haute,Poulie vis-à-vis,Bilatéral,Normale,8,36.25,0,0,0,0,507,01:36:49
2024-09-10 18:59:08,Shoulders/Arms,Extension verticale,Poulie vis-à-vis,Bilatéral,Normale,10,25,0,0,0,0,507,01:36:49
2024-09-10 18:59:08,Shoulders/Arms,Extension verticale,Poulie vis-à-vis,Bilatéral,Normale,12,25,0,0,0,0,507,01:36:49
2024-09-10 18:59:08,Shoulders/Arms,Extension verticale,Poulie vis-à-vis,Bilatéral,Normale,12,25,0,0,0,0,507,01:36:49
2024-09-10 18:59:08,Shoulders/Arms,Élévation latérale,Poulie vis-à-vis,Unilatéral,Normale,12,7.5,0,0,0,0,507,01:36:49
2024-09-10 18:59:08,Shoulders/Arms,Élévation latérale,Poulie vis-à-vis,Unilatéral,Normale,10,7.5,0,0,0,0,507,01:36:49
2024-09-10 18:59:08,Shoulders/Arms,Élévation latérale,Poulie vis-à-vis,Unilatéral,Normale,10,7.5,0,0,0,0,507,01:36:49
2024-09-10 18:59:08,Shoulders/Arms,Élévation latérale,Poulie vis-à-vis,Unilatéral,Normale,10,7.5,0,0,0,0,507,01:36:49
2024-09-10 18:59:08,Shoulders/Arms,Élévation latérale,Poulie vis-à-vis,Unilatéral,Normale,10,7.5,0,0,0,0,507,01:36:49
2024-09-10 18:59:08,Shoulders/Arms,Élévation latérale,Poulie vis-à-vis,Unilatéral,Normale,10,7.5,0,0,0,0,507,01:36:49
2024-09-10 18:59:08,Shoulders/Arms,Flexion de poignet,Haltères,Unilatéral,Normale,15,8,0,0,0,0,507,01:36:49
2024-09-10 18:59:08,Shoulders/Arms,Flexion de poignet,Haltères,Unilatéral,Normale,13,8,0,0,0,0,507,01:36:49
2024-09-10 18:59:08,Shoulders/Arms,Flexion de poignet,Haltères,Unilatéral,Normale,14,8,0,0,0,0,507,01:36:49
2024-09-10 18:59:08,Shoulders/Arms,Flexion de poignet,Haltères,Unilatéral,Normale,12,8,0,0,0,0,507,01:36:49
2024-09-10 18:59:08,Shoulders/Arms,Extension de poignet,Haltères,Unilatéral,Normale,13,6,0,0,0,0,507,01:36:49
2024-09-10 18:59:08,Shoulders/Arms,Extension de poignet,Haltères,Unilatéral,Normale,11,6,0,0,0,0,507,01:36:49
2024-09-10 18:59:08,Shoulders/Arms,Extension de poignet,Haltères,Unilatéral,Normale,11,6,0,0,0,0,507,01:36:49
2024-09-10 18:59:08,Shoulders/Arms,Extension de poignet,Haltères,Unilatéral,Normale,12,6,0,0,0,0,507,01:36:49
2024-09-10 18:59:08,Shoulders/Arms,Traction prise supination,Poids du corps,Bilatéral,Échec,8,0,0,0,0,0,507,01:36:49
2024-09-10 18:59:08,Shoulders/Arms,Pompe prise serrée,Poids du corps,Bilatéral,Échec,19,0,0,0,0,0,507,01:36:49
2024-09-11 19:08:18,Legs/Arms,Curl pupitre,Machine guidée à levier,Bilatéral,Normale,10,30,0,0,0,0,448,01:43:10
2024-09-11 19:08:18,Legs/Arms,Curl pupitre,Machine guidée à levier,Bilatéral,Normale,9,30,0,0,0,0,448,01:43:10
2024-09-11 19:08:18,Legs/Arms,Curl pupitre,Machine guidée à levier,Bilatéral,Normale,8,30,0,0,0,0,448,01:43:10
2024-09-11 19:08:18,Legs/Arms,Curl pupitre,Machine guidée à levier,Bilatéral,Normale,6,30,0,0,0,0,448,01:43:10
2024-09-11 19:08:18,Legs/Arms,Extension de bras poulie haute,Poulie vis-à-vis,Bilatéral,Normale,10,32.5,0,0,0,0,448,01:43:10
2024-09-11 19:08:18,Legs/Arms,Extension de bras poulie haute,Poulie vis-à-vis,Bilatéral,Normale,11,32.5,0,0,0,0,448,01:43:10
2024-09-11 19:08:18,Legs/Arms,Extension de bras poulie haute,Poulie vis-à-vis,Bilatéral,Normale,10,32.5,0,0,0,0,448,01:43:10
2024-09-11 19:08:18,Legs/Arms,Extension de bras poulie haute,Poulie vis-à-vis,Bilatéral,Normale,10,32.5,0,0,0,0,448,01:43:10
2024-09-11 19:08:18,Legs/Arms,Élévation latérale,Machine guidée à poulie,Bilatéral,Normale,8,42.5,0,0,0,0,448,01:43:10
2024-09-11 19:08:18,Legs/Arms,Élévation latérale,Machine guidée à poulie,Bilatéral,Normale,8,35,0,0,0,0,448,01:43:10
2024-09-11 19:08:18,Legs/Arms,Élévation latérale,Machine guidée à poulie,Bilatéral,Normale,9,35,0,0,0,0,448,01:43:10
2024-09-11 19:08:18,Legs/Arms,Élévation latérale,Machine guidée à poulie,Bilatéral,Normale,10,27,0,0,0,0,448,01:43:10
2024-09-11 19:08:18,Legs/Arms,Presse à cuisses,Machine guidée à levier,Bilatéral,Normale,12,200,0,0,0,0,448,01:43:10
2024-09-11 19:08:18,Legs/Arms,Presse à cuisses,Machine guidée à levier,Bilatéral,Normale,12,200,0,0,0,0,448,01:43:10
2024-09-11 19:08:18,Legs/Arms,Presse à cuisses,Machine guidée à levier,Bilatéral,Normale,12,200,0,0,0,0,448,01:43:10
2024-09-11 19:08:18,Legs/Arms,Extension de mollet assis,Machine guidée à poulie,Bilatéral,Normale,15,40,0,0,0,0,448,01:43:10
2024-09-11 19:08:18,Legs/Arms,Extension de mollet assis,Machine guidée à poulie,Bilatéral,Normale,15,40,0,0,0,0,448,01:43:10
2024-09-11 19:08:18,Legs/Arms,Extension de mollet assis,Machine guidée à poulie,Bilatéral,Normale,15,40,0,0,0,0,448,01:43:10
2024-09-11 19:08:18,Legs/Arms,Extension de mollet assis,Machine guidée à poulie,Bilatéral,Normale,15,40,0,0,0,0,448,01:43:10
2024-09-11 19:08:18,Legs/Arms,Extension de mollet assis,Machine guidée à poulie,Bilatéral,Normale,15,40,0,0,0,0,448,01:43:10
2024-09-11 19:08:18,Legs/Arms,Flexion de jambes assis,Machine guidée à poulie,Bilatéral,Normale,10,65,0,0,0,0,448,01:43:10
2024-09-11 19:08:18,Legs/Arms,Flexion de jambes assis,Machine guidée à poulie,Bilatéral,Normale,12,65,0,0,0,0,448,01:43:10
2024-09-11 19:08:18,Legs/Arms,Flexion de jambes assis,Machine guidée à poulie,Bilatéral,Normale,10,65,0,0,0,0,448,01:43:10
2024-09-11 19:08:18,Legs/Arms,Flexion de jambes assis,Machine guidée à poulie,Bilatéral,Normale,11,65,0,0,0,0,448,01:43:10
2024-09-11 19:08:18,Legs/Arms,Extension de jambes,Machine guidée à levier,Bilatéral,Normale,11,75,0,0,0,0,448,01:43:10
2024-09-11 19:08:18,Legs/Arms,Extension de jambes,Machine guidée à levier,Bilatéral,Normale,10,75,0,0,0,0,448,01:43:10
2024-09-11 19:08:18,Legs/Arms,Extension de jambes,Machine guidée à levier,Bilatéral,Normale,11,75,0,0,0,0,448,01:43:10
2024-09-12 19:19:49,Up,Développé couché,Machine guidée à levier,Bilatéral,Normale,10,80,0,0,0,0,314,01:34:30
2024-09-12 19:19:49,Up,Développé couché,Machine guidée à levier,Bilatéral,Normale,10,80,0,0,0,0,314,01:34:30
2024-09-12 19:19:49,Up,Développé couché,Machine guidée à levier,Bilatéral,Normale,10,80,0,0,0,0,314,01:34:30
2024-09-12 19:19:49,Up,Tirage horizontal assis prise serrée,Machine guidée à poulie,Bilatéral,Normale,12,70,0,0,0,0,314,01:34:30
2024-09-12 19:19:49,Up,Tirage horizontal assis prise serrée,Machine guidée à poulie,Bilatéral,Normale,12,70,0,0,0,0,314,01:34:30
2024-09-12 19:19:49,Up,Tirage horizontal assis prise serrée,Machine guidée à poulie,Bilatéral,Normale,11,70,0,0,0,0,314,01:34:30
2024-09-12 19:19:49,Up,Tirage vertical prise large,Machine guidée à poulie,Bilatéral,Normale,10,67.5,0,0,0,0,314,01:34:30
2024-09-12 19:19:49,Up,Tirage vertical prise large,Machine guidée à poulie,Bilatéral,Normale,10,67.5,0,0,0,0,314,01:34:30
2024-09-12 19:19:49,Up,Tirage vertical prise large,Machine guidée à poulie,Bilatéral,Normale,10,67.5,0,0,0,0,314,01:34:30
2024-09-12 19:19:49,Up,Curl pupitre,Machine guidée à levier,Bilatéral,Normale,8,30,0,0,0,0,314,01:34:30
2024-09-12 19:19:49,Up,Curl pupitre,Machine guidée à levier,Bilatéral,Normale,8,30,0,0,0,0,314,01:34:30
2024-09-12 19:19:49,Up,Curl pupitre,Machine guidée à levier,Bilatéral,Normale,10,25,0,0,0,0,314,01:34:30
2024-09-12 19:19:49,Up,Développé incliné,Machine guidée à levier,Bilatéral,Normale,8,90,0,0,0,0,314,01:34:30
2024-09-12 19:19:49,Up,Développé incliné,Machine guidée à levier,Bilatéral,Normale,8,70,0,0,0,0,314,01:34:30
2024-09-12 19:19:49,Up,Développé incliné,Machine guidée à levier,Bilatéral,Normale,8,70,0,0,0,0,314,01:34:30
2024-09-12 19:19:49,Up,Élévation latérale,Machine guidée à poulie,Bilatéral,Normale,11,27.5,0,0,0,0,314,01:34:30
2024-09-12 19:19:49,Up,Élévation latérale,Machine guidée à poulie,Bilatéral,Normale,10,27.5,0,0,0,0,314,01:34:30
2024-09-12 19:19:49,Up,Élévation latérale,Machine guidée à poulie,Bilatéral,Normale,10,27.5,0,0,0,0,314,01:34:30
2024-09-14 13:05:59,Lower B/Feel sport,Curl pupitre,Machine guidée à levier,Bilatéral,Normale,9,30,0,0,0,0,344,02:11:34
2024-09-14 13:05:59,Lower B/Feel sport,Curl pupitre,Machine guidée à levier,Bilatéral,Normale,7,30,0,0,0,0,344,02:11:34
2024-09-14 13:05:59,Lower B/Feel sport,Curl pupitre,Machine guidée à levier,Bilatéral,Normale,7,30,0,0,0,0,344,02:11:34
2024-09-14 13:05:59,Lower B/Feel sport,Curl biceps supination,Poulie vis-à-vis,Unilatéral,Normale,10,12.5,0,0,0,0,344,02:11:34
2024-09-14 13:05:59,Lower B/Feel sport,Curl biceps supination,Poulie vis-à-vis,Unilatéral,Normale,10,12.5,0,0,0,0,344,02:11:34
2024-09-14 13:05:59,Lower B/Feel sport,Curl biceps supination,Poulie vis-à-vis,Unilatéral,Normale,10,12.5,0,0,0,0,344,02:11:34
2024-09-14 13:05:59,Lower B/Feel sport,Extension de bras poulie haute,Poulie vis-à-vis,Bilatéral,Normale,10,32.5,0,0,0,0,344,02:11:34
2024-09-14 13:05:59,Lower B/Feel sport,Extension de bras poulie haute,Poulie vis-à-vis,Bilatéral,Normale,10,32.5,0,0,0,0,344,02:11:34
2024-09-14 13:05:59,Lower B/Feel sport,Extension de bras poulie haute,Poulie vis-à-vis,Bilatéral,Normale,10,32.5,0,0,0,0,344,02:11:34
2024-09-14 13:05:59,Lower B/Feel sport,Extension de bras poulie haute,Poulie vis-à-vis,Bilatéral,Normale,8,32.5,0,0,0,0,344,02:11:34
2024-09-14 13:05:59,Lower B/Feel sport,Presse à cuisses,Machine guidée à levier,Bilatéral,Normale,15,180,0,0,0,0,344,02:11:34
2024-09-14 13:05:59,Lower B/Feel sport,Presse à cuisses,Machine guidée à levier,Bilatéral,Normale,12,220,0,0,0,0,344,02:11:34
2024-09-14 13:05:59,Lower B/Feel sport,Presse à cuisses,Machine guidée à levier,Bilatéral,Normale,12,220,0,0,0,0,344,02:11:34
2024-09-14 13:05:59,Lower B/Feel sport,Flexion de jambes assis,Machine guidée à poulie,Bilatéral,Normale,15,50,0,0,0,0,344,02:11:34
2024-09-14 13:05:59,Lower B/Feel sport,Flexion de jambes assis,Machine guidée à poulie,Bilatéral,Normale,14,50,0,0,0,0,344,02:11:34
2024-09-14 13:05:59,Lower B/Feel sport,Flexion de jambes assis,Machine guidée à poulie,Bilatéral,Normale,15,50,0,0,0,0,344,02:11:34
2024-09-14 13:05:59,Lower B/Feel sport,Flexion de jambes assis,Machine guidée à poulie,Bilatéral,Normale,15,50,0,0,0,0,344,02:11:34
2024-09-14 13:05:59,Lower B/Feel sport,Extension de jambes,Machine guidée à poulie,Bilatéral,Normale,10,100,0,0,0,0,344,02:11:34
2024-09-14 13:05:59,Lower B/Feel sport,Extension de jambes,Machine guidée à poulie,Bilatéral,Normale,9,100,0,0,0,0,344,02:11:34
2024-09-14 13:05:59,Lower B/Feel sport,Extension de jambes,Machine guidée à poulie,Bilatéral,Normale,10,100,0,0,0,0,344,02:11:34
2024-09-16 11:43:07,Chest/Back,Développé incliné,Haltères,Bilatéral,Normale,11,28,0,0,0,0,281,01:34:43
2024-09-16 11:43:07,Chest/Back,Développé incliné,Haltères,Bilatéral,Normale,10,30,0,0,0,0,281,01:34:43
2024-09-16 11:43:07,Chest/Back,Développé incliné,Haltères,Bilatéral,Normale,8,30,0,0,0,0,281,01:34:43
2024-09-16 11:43:07,Chest/Back,Traction prise large,Disque,Bilatéral,Normale,8,12,0,0,0,0,281,01:34:43
2024-09-16 11:43:07,Chest/Back,Traction prise large,Disque,Bilatéral,Normale,7,12,0,0,0,0,281,01:34:43
2024-09-16 11:43:07,Chest/Back,Traction prise large,Disque,Bilatéral,Normale,10,0,0,0,0,0,281,01:34:43
2024-09-16 11:43:07,Chest/Back,Développé incliné,Barre,Bilatéral,Normale,12,65,0,0,0,0,281,01:34:43
2024-09-16 11:43:07,Chest/Back,Développé incliné,Barre,Bilatéral,Normale,10,65,0,0,0,0,281,01:34:43
2024-09-16 11:43:07,Chest/Back,Développé incliné,Barre,Bilatéral,Normale,8,65,0,0,0,0,281,01:34:43
2024-09-16 11:43:07,Chest/Back,Tirage vertical prise large,Poulie vis-à-vis,Bilatéral,Normale,12,70,0,0,0,0,281,01:34:43
2024-09-16 11:43:07,Chest/Back,Tirage vertical prise large,Poulie vis-à-vis,Bilatéral,Normale,8,80,0,0,0,0,281,01:34:43
2024-09-16 11:43:07,Chest/Back,Tirage horizontal assis prise serrée,Machine guidée à poulie,Bilatéral,Normale,10,70,0,0,0,0,281,01:34:43
2024-09-16 11:43:07,Chest/Back,Tirage horizontal assis prise serrée,Machine guidée à poulie,Bilatéral,Normale,10,70,0,0,0,0,281,01:34:43
2024-09-16 11:43:07,Chest/Back,Tirage horizontal assis prise serrée,Machine guidée à poulie,Bilatéral,Normale,9,70,0,0,0,0,281,01:34:43
2024-09-16 11:43:07,Chest/Back,Écarté,Machine guidée à poulie,Bilatéral,Normale,11,72.5,0,0,0,0,281,01:34:43
2024-09-16 11:43:07,Chest/Back,Écarté,Machine guidée à poulie,Bilatéral,Normale,9,72.5,0,0,0,0,281,01:34:43
2024-09-17 19:09:19,Shoulders/Arms,Curl pupitre,Machine guidée à levier,Bilatéral,Normale,9,32.5,0,0,0,0,525,01:26:38
2024-09-17 19:09:19,Shoulders/Arms,Curl pupitre,Machine guidée à levier,Bilatéral,Normale,8,32.5,0,0,0,0,525,01:26:38
2024-09-17 19:09:19,Shoulders/Arms,Curl pupitre,Machine guidée à levier,Bilatéral,Normale,6,32.5,0,0,0,0,525,01:26:38
2024-09-17 19:09:19,Shoulders/Arms,Curl biceps supination,Poulie vis-à-vis,Unilatéral,Normale,11,12.5,0,0,0,0,525,01:26:38
2024-09-17 19:09:19,Shoulders/Arms,Curl biceps supination,Poulie vis-à-vis,Unilatéral,Normale,10,12.5,0,0,0,0,525,01:26:38
2024-09-17 19:09:19,Shoulders/Arms,Curl biceps supination,Poulie vis-à-vis,Unilatéral,Normale,10,12.5,0,0,0,0,525,01:26:38
2024-09-17 19:09:19,Shoulders/Arms,Élévation latérale,Poulie vis-à-vis,Unilatéral,Normale,12,7.5,0,0,0,0,525,01:26:38
2024-09-17 19:09:19,Shoulders/Arms,Élévation latérale,Poulie vis-à-vis,Unilatéral,Normale,12,7.5,0,0,0,0,525,01:26:38
2024-09-17 19:09:19,Shoulders/Arms,Élévation latérale,Poulie vis-à-vis,Unilatéral,Normale,11,7.5,0,0,0,0,525,01:26:38
2024-09-17 19:09:19,Shoulders/Arms,Élévation latérale,Poulie vis-à-vis,Unilatéral,Normale,11,7.5,0,0,0,0,525,01:26:38
2024-09-17 19:09:19,Shoulders/Arms,Élévation latérale,Poulie vis-à-vis,Unilatéral,Normale,10,7.5,0,0,0,0,525,01:26:38
2024-09-17 19:09:19,Shoulders/Arms,Élévation latérale,Poulie vis-à-vis,Unilatéral,Normale,10,7.5,0,0,0,0,525,01:26:38
2024-09-17 19:09:19,Shoulders/Arms,Extension de bras poulie haute,Poulie vis-à-vis,Bilatéral,Normale,9,36.25,0,0,0,0,525,01:26:38
2024-09-17 19:09:19,Shoulders/Arms,Extension de bras poulie haute,Poulie vis-à-vis,Bilatéral,Normale,8,36.25,0,0,0,0,525,01:26:38
2024-09-17 19:09:19,Shoulders/Arms,Extension de bras poulie haute,Poulie vis-à-vis,Bilatéral,Normale,8,36.25,0,0,0,0,525,01:26:38
2024-09-17 19:09:19,Shoulders/Arms,Extension verticale,Poulie vis-à-vis,Bilatéral,Normale,10,28.75,0,0,0,0,525,01:26:38
2024-09-17 19:09:19,Shoulders/Arms,Extension verticale,Poulie vis-à-vis,Bilatéral,Normale,10,28.75,0,0,0,0,525,01:26:38
2024-09-17 19:09:19,Shoulders/Arms,Extension verticale,Poulie vis-à-vis,Bilatéral,Normale,10,28.75,0,0,0,0,525,01:26:38
2024-09-17 19:09:19,Shoulders/Arms,Flexion de poignet,Haltères,Unilatéral,Normale,16,8,0,0,0,0,525,01:26:38
2024-09-17 19:09:19,Shoulders/Arms,Flexion de poignet,Haltères,Unilatéral,Normale,15,8,0,0,0,0,525,01:26:38
2024-09-17 19:09:19,Shoulders/Arms,Flexion de poignet,Haltères,Unilatéral,Normale,14,8,0,0,0,0,525,01:26:38
2024-09-17 19:09:19,Shoulders/Arms,Flexion de poignet,Haltères,Unilatéral,Normale,12,8,0,0,0,0,525,01:26:38
2024-09-17 19:09:19,Shoulders/Arms,Extension de poignet,Haltères,Unilatéral,Normale,16,6,0,0,0,0,525,01:26:38
2024-09-17 19:09:19,Shoulders/Arms,Extension de poignet,Haltères,Unilatéral,Normale,14,6,0,0,0,0,525,01:26:38
2024-09-17 19:09:19,Shoulders/Arms,Extension de poignet,Haltères,Unilatéral,Normale,14,6,0,0,0,0,525,01:26:38
2024-09-17 19:09:19,Shoulders/Arms,Extension de poignet,Haltères,Unilatéral,Normale,13,6,0,0,0,0,525,01:26:38
2024-09-17 19:09:19,Shoulders/Arms,Traction prise supination,Poids du corps,Bilatéral,Échec,9,0,0,0,0,0,525,01:26:38
2024-09-17 19:09:19,Shoulders/Arms,Pompe prise serrée,Poids du corps,Bilatéral,Échec,25,0,0,0,0,0,525,01:26:38
2024-09-18 07:33:15,Legs,Flexion jambes parallèles,Barre,Bilatéral,Normale,8,100,0,0,0,0,267,01:51:08
2024-09-18 07:33:15,Legs,Flexion jambes parallèles,Barre,Bilatéral,Normale,10,100,0,0,0,0,267,01:51:08
2024-09-18 07:33:15,Legs,Extension de mollet assis,Machine guidée à poulie,Bilatéral,Normale,15,40,0,0,0,0,267,01:51:08
2024-09-18 07:33:15,Legs,Extension de mollet assis,Machine guidée à poulie,Bilatéral,Normale,15,40,0,0,0,0,267,01:51:08
2024-09-18 07:33:15,Legs,Extension de mollet assis,Machine guidée à poulie,Bilatéral,Normale,15,40,0,0,0,0,267,01:51:08
2024-09-18 07:33:15,Legs,Extension de mollet assis,Machine guidée à poulie,Bilatéral,Normale,15,40,0,0,0,0,267,01:51:08
2024-09-18 07:33:15,Legs,Extension de mollet assis,Machine guidée à poulie,Bilatéral,Normale,15,40,0,0,0,0,267,01:51:08
2024-09-18 07:33:15,Legs,Presse à cuisses,Machine guidée à levier,Bilatéral,Normale,12,210,0,0,0,0,267,01:51:08
2024-09-18 07:33:15,Legs,Presse à cuisses,Machine guidée à levier,Bilatéral,Normale,12,210,0,0,0,0,267,01:51:08
2024-09-18 07:33:15,Legs,Flexion de jambes assis,Machine guidée à poulie,Bilatéral,Normale,13,65,0,0,0,0,267,01:51:08
2024-09-18 07:33:15,Legs,Flexion de jambes assis,Machine guidée à poulie,Bilatéral,Normale,13,67.5,0,0,0,0,267,01:51:08
2024-09-18 07:33:15,Legs,Flexion de jambes assis,Machine guidée à poulie,Bilatéral,Normale,12,67.5,0,0,0,0,267,01:51:08
2024-09-18 07:33:15,Legs,Flexion de jambes assis,Machine guidée à poulie,Bilatéral,Normale,11,67.5,0,0,0,0,267,01:51:08
2024-09-18 07:33:15,Legs,Extension de jambes,Machine guidée à poulie,Bilatéral,Normale,8,60,0,0,0,0,267,01:51:08
2024-09-18 07:33:15,Legs,Extension de jambes,Machine guidée à poulie,Bilatéral,Normale,10,60,0,0,0,0,267,01:51:08
2024-09-20 19:01:06,Up,Tirage horizontal prise large,Barre,Bilatéral,Normale,12,55,0,0,0,0,343,01:33:55
2024-09-20 19:01:06,Up,Tirage horizontal prise large,Barre,Bilatéral,Normale,12,55,0,0,0,0,343,01:33:55
2024-09-20 19:01:06,Up,Tirage horizontal prise large,Barre,Bilatéral,Normale,11,55,0,0,0,0,343,01:33:55
2024-09-20 19:01:06,Up,Tirage vertical prise large,Poulie vis-à-vis,Bilatéral,Normale,9,80,0,0,0,0,343,01:33:55
2024-09-20 19:01:06,Up,Tirage vertical prise large,Poulie vis-à-vis,Bilatéral,Normale,8,80,0,0,0,0,343,01:33:55
2024-09-20 19:01:06,Up,Tirage vertical prise large,Poulie vis-à-vis,Bilatéral,Normale,8,80,0,0,0,0,343,01:33:55
2024-09-20 19:01:06,Up,Curl pupitre,Machine guidée à levier,Bilatéral,Normale,9,32.5,0,0,0,0,343,01:33:55
2024-09-20 19:01:06,Up,Curl pupitre,Machine guidée à levier,Bilatéral,Normale,8,32.5,0,0,0,0,343,01:33:55
2024-09-20 19:01:06,Up,Curl pupitre,Machine guidée à levier,Bilatéral,Normale,8,32.5,0,0,0,0,343,01:33:55
2024-09-20 19:01:06,Up,Tirage visage,Poulie vis-à-vis,Bilatéral,Normale,11,25,0,0,0,0,343,01:33:55
2024-09-20 19:01:06,Up,Tirage visage,Poulie vis-à-vis,Bilatéral,Normale,10,25,0,0,0,0,343,01:33:55
2024-09-20 19:01:06,Up,Développé couché,Machine guidée à levier,Bilatéral,Normale,11,85,0,0,0,0,343,01:33:55
2024-09-20 19:01:06,Up,Développé couché,Machine guidée à levier,Bilatéral,Normale,9,85,0,0,0,0,343,01:33:55
2024-09-20 19:01:06,Up,Développé couché,Machine guidée à levier,Bilatéral,Normale,8,85,0,0,0,0,343,01:33:55
2024-09-20 19:01:06,Up,Développé incliné,Machine guidée à levier,Bilatéral,Normale,6,90,0,0,0,0,343,01:33:55
2024-09-20 19:01:06,Up,Développé incliné,Machine guidée à levier,Bilatéral,Normale,5,90,0,0,0,0,343,01:33:55
2024-09-20 19:01:06,Up,Développé incliné,Machine guidée à levier,Bilatéral,Normale,8,80,0,0,0,0,343,01:33:55
2024-09-20 19:01:06,Up,Développé militaire,Barre,Bilatéral,Normale,3,45,0,0,0,0,343,01:33:55
2024-09-20 19:01:06,Up,Développé militaire,Barre,Bilatéral,Normale,6,45,0,0,0,0,343,01:33:55
2024-09-20 19:01:06,Up,Développé militaire,Barre,Bilatéral,Normale,7,45,0,0,0,0,343,01:33:55
2024-09-21 19:01:07,Legs/Arms,Curl pupitre,Machine guidée à levier,Bilatéral,Normale,12,30,0,0,0,0,357,01:48:38
2024-09-21 19:01:07,Legs/Arms,Curl pupitre,Machine guidée à levier,Bilatéral,Normale,8,30,0,0,0,0,357,01:48:38
2024-09-21 19:01:07,Legs/Arms,Curl pupitre,Machine guidée à levier,Bilatéral,Normale,7,30,0,0,0,0,357,01:48:38
2024-09-21 19:01:07,Legs/Arms,Curl pupitre,Machine guidée à levier,Bilatéral,Normale,9,30,0,0,0,0,357,01:48:38
2024-09-21 19:01:07,Legs/Arms,Dips prise serrée,Machine guidée à levier,Bilatéral,Normale,10,80,0,0,0,0,357,01:48:38
2024-09-21 19:01:07,Legs/Arms,Dips prise serrée,Machine guidée à levier,Bilatéral,Normale,9,80,0,0,0,0,357,01:48:38
2024-09-21 19:01:07,Legs/Arms,Dips prise serrée,Machine guidée à levier,Bilatéral,Normale,9,80,0,0,0,0,357,01:48:38
2024-09-21 19:01:07,Legs/Arms,Dips prise serrée,Machine guidée à levier,Bilatéral,Normale,9,80,0,0,0,0,357,01:48:38
2024-09-21 19:01:07,Legs/Arms,Élévation latérale,Machine guidée à poulie,Bilatéral,Normale,12,30,0,0,0,0,357,01:48:38
2024-09-21 19:01:07,Legs/Arms,Élévation latérale,Machine guidée à poulie,Bilatéral,Normale,11,30,0,0,0,0,357,01:48:38
2024-09-21 19:01:07,Legs/Arms,Élévation latérale,Machine guidée à poulie,Bilatéral,Normale,11,30,0,0,0,0,357,01:48:38
2024-09-21 19:01:07,Legs/Arms,Élévation latérale,Machine guidée à poulie,Bilatéral,Normale,11,30,0,0,0,0,357,01:48:38
2024-09-21 19:01:07,Legs/Arms,Presse à cuisses,Machine guidée à levier,Bilatéral,Normale,17,200,0,0,0,0,357,01:48:38
2024-09-21 19:01:07,Legs/Arms,Presse à cuisses,Machine guidée à levier,Bilatéral,Normale,14,200,0,0,0,0,357,01:48:38
2024-09-21 19:01:07,Legs/Arms,Presse à cuisses,Machine guidée à levier,Bilatéral,Normale,17,200,0,0,0,0,357,01:48:38
2024-09-21 19:01:07,Legs/Arms,Presse à cuisses,Machine guidée à levier,Bilatéral,Normale,15,200,0,0,0,0,357,01:48:38
2024-09-21 19:01:07,Legs/Arms,Extension de mollet assis,Machine guidée à poulie,Bilatéral,Normale,15,40,0,0,0,0,357,01:48:38
2024-09-21 19:01:07,Legs/Arms,Extension de mollet assis,Machine guidée à poulie,Bilatéral,Normale,15,40,0,0,0,0,357,01:48:38
2024-09-21 19:01:07,Legs/Arms,Extension de mollet assis,Machine guidée à poulie,Bilatéral,Normale,15,40,0,0,0,0,357,01:48:38
2024-09-21 19:01:07,Legs/Arms,Extension de mollet assis,Machine guidée à poulie,Bilatéral,Normale,15,40,0,0,0,0,357,01:48:38
2024-09-21 19:01:07,Legs/Arms,Extension de mollet assis,Machine guidée à poulie,Bilatéral,Normale,15,40,0,0,0,0,357,01:48:38
2024-09-24 19:02:26,Chest/Back,Développé incliné,Barre,Bilatéral,Normale,9,70,0,0,0,0,269,01:18:57
2024-09-24 19:02:26,Chest/Back,Développé incliné,Barre,Bilatéral,Normale,9,70,0,0,0,0,269,01:18:57
2024-09-24 19:02:26,Chest/Back,Développé incliné,Barre,Bilatéral,Normale,7,70,0,0,0,0,269,01:18:57
2024-09-24 19:02:26,Chest/Back,Développé incliné,Barre,Bilatéral,Normale,8,60,0,0,0,0,269,01:18:57
2024-09-24 19:02:26,Chest/Back,Développé incliné,Barre,Bilatéral,Normale,9,60,0,0,0,0,269,01:18:57
2024-09-24 19:02:26,Chest/Back,Développé incliné,Barre,Bilatéral,Normale,9,60,0,0,0,0,269,01:18:57
2024-09-24 19:02:26,Chest/Back,Traction prise large,Poids du corps,Bilatéral,Normale,12,0,0,0,0,0,269,01:18:57
2024-09-24 19:02:26,Chest/Back,Traction prise large,Poids du corps,Bilatéral,Normale,12,0,0,0,0,0,269,01:18:57
2024-09-24 19:02:26,Chest/Back,Traction prise large,Poids du corps,Bilatéral,Normale,9,0,0,0,0,0,269,01:18:57
2024-09-24 19:02:26,Chest/Back,Tirage horizontal assis prise serrée,Machine guidée à poulie,Bilatéral,Normale,8,70,0,0,0,0,269,01:18:57
2024-09-24 19:02:26,Chest/Back,Tirage horizontal assis prise serrée,Machine guidée à poulie,Bilatéral,Normale,8,70,0,0,0,0,269,01:18:57
2024-09-24 19:02:26,Chest/Back,Tirage horizontal assis prise serrée,Machine guidée à poulie,Bilatéral,Normale,9,70,0,0,0,0,269,01:18:57
2024-09-24 19:02:26,Chest/Back,Tirage vertical prise large,Poulie vis-à-vis,Bilatéral,Normale,9,70,0,0,0,0,269,01:18:57
2024-09-24 19:02:26,Chest/Back,Tirage vertical prise large,Poulie vis-à-vis,Bilatéral,Normale,9,70,0,0,0,0,269,01:18:57
2024-09-24 19:02:26,Chest/Back,Écarté,Machine guidée à poulie,Bilatéral,Normale,9,72.5,0,0,0,0,269,01:18:57
2024-09-24 19:02:26,Chest/Back,Écarté,Machine guidée à poulie,Bilatéral,Normale,8,72.5,0,0,0,0,269,01:18:57
2024-09-25 07:00:28,Shoulders/Arms,Curl pupitre,Machine guidée à levier,Bilatéral,Normale,10,32.5,0,0,0,0,511,02:00:50
2024-09-25 07:00:28,Shoulders/Arms,Curl pupitre,Machine guidée à levier,Bilatéral,Normale,8,32.5,0,0,0,0,511,02:00:50
2024-09-25 07:00:28,Shoulders/Arms,Curl pupitre,Machine guidée à levier,Bilatéral,Normale,8,32.5,0,0,0,0,511,02:00:50
2024-09-25 07:00:28,Shoulders/Arms,Extension de bras poulie haute,Poulie vis-à-vis,Bilatéral,Normale,10,36.25,0,0,0,0,511,02:00:50
2024-09-25 07:00:28,Shoulders/Arms,Extension de bras poulie haute,Poulie vis-à-vis,Bilatéral,Normale,9,36.25,0,0,0,0,511,02:00:50
2024-09-25 07:00:28,Shoulders/Arms,Extension de bras poulie haute,Poulie vis-à-vis,Bilatéral,Normale,9,36.25,0,0,0,0,511,02:00:50
2024-09-25 07:00:28,Shoulders/Arms,Curl biceps supination,Poulie vis-à-vis,Unilatéral,Normale,12,12.5,0,0,0,0,511,02:00:50
2024-09-25 07:00:28,Shoulders/Arms,Curl biceps supination,Poulie vis-à-vis,Unilatéral,Normale,12,12.5,0,0,0,0,511,02:00:50
2024-09-25 07:00:28,Shoulders/Arms,Curl biceps supination,Poulie vis-à-vis,Unilatéral,Normale,12,12.5,0,0,0,0,511,02:00:50
2024-09-25 07:00:28,Shoulders/Arms,Extension verticale,Poulie vis-à-vis,Bilatéral,Normale,10,28.75,0,0,0,0,511,02:00:50
2024-09-25 07:00:28,Shoulders/Arms,Extension verticale,Poulie vis-à-vis,Bilatéral,Normale,10,28.75,0,0,0,0,511,02:00:50
2024-09-25 07:00:28,Shoulders/Arms,Extension verticale,Poulie vis-à-vis,Bilatéral,Normale,10,28.75,0,0,0,0,511,02:00:50
2024-09-25 07:00:28,Shoulders/Arms,Élévation latérale,Poulie vis-à-vis,Unilatéral,Normale,12,7.5,0,0,0,0,511,02:00:50
2024-09-25 07:00:28,Shoulders/Arms,Élévation latérale,Poulie vis-à-vis,Unilatéral,Normale,12,7.5,0,0,0,0,511,02:00:50
2024-09-25 07:00:28,Shoulders/Arms,Élévation latérale,Poulie vis-à-vis,Unilatéral,Normale,12,7.5,0,0,0,0,511,02:00:50
2024-09-25 07:00:28,Shoulders/Arms,Élévation latérale,Poulie vis-à-vis,Unilatéral,Normale,12,7.5,0,0,0,0,511,02:00:50
2024-09-25 07:00:28,Shoulders/Arms,Élévation latérale,Poulie vis-à-vis,Unilatéral,Normale,12,7.5,0,0,0,0,511,02:00:50
2024-09-25 07:00:28,Shoulders/Arms,Élévation latérale,Poulie vis-à-vis,Unilatéral,Normale,12,7.5,0,0,0,0,511,02:00:50
2024-09-25 07:00:28,Shoulders/Arms,Flexion de poignet,Haltères,Unilatéral,Normale,15,8,0,0,0,0,511,02:00:50
2024-09-25 07:00:28,Shoulders/Arms,Flexion de poignet,Haltères,Unilatéral,Normale,13,8,0,0,0,0,511,02:00:50
2024-09-25 07:00:28,Shoulders/Arms,Flexion de poignet,Haltères,Unilatéral,Normale,14,8,0,0,0,0,511,02:00:50
2024-09-25 07:00:28,Shoulders/Arms,Flexion de poignet,Haltères,Unilatéral,Normale,12,8,0,0,0,0,511,02:00:50
2024-09-25 07:00:28,Shoulders/Arms,Extension de poignet,Haltères,Unilatéral,Normale,13,6,0,0,0,0,511,02:00:50
2024-09-25 07:00:28,Shoulders/Arms,Extension de poignet,Haltères,Unilatéral,Normale,11,6,0,0,0,0,511,02:00:50
2024-09-25 07:00:28,Shoulders/Arms,Extension de poignet,Haltères,Unilatéral,Normale,11,6,0,0,0,0,511,02:00:50
2024-09-25 07:00:28,Shoulders/Arms,Traction prise supination,Poids du corps,Bilatéral,Échec,10,0,0,0,0,0,511,02:00:50
2024-09-25 07:00:28,Shoulders/Arms,Pompe prise serrée,Poids du corps,Bilatéral,Échec,29,0,0,0,0,0,511,02:00:50
2024-09-30 13:53:21,Home training,Pompe,Poids du corps,Bilatéral,Normale,30,0,0,0,0,0,156,00:35:42
2024-09-30 13:53:21,Home training,Pompe,Poids du corps,Bilatéral,Normale,20,0,0,0,0,0,156,00:35:42
2024-09-30 13:53:21,Home training,Pompe,Poids du corps,Bilatéral,Normale,25,0,0,0,0,0,156,00:35:42
2024-09-30 13:53:21,Home training,Pompe,Poids du corps,Bilatéral,Normale,25,0,0,0,0,0,156,00:35:42
2024-09-30 13:53:21,Home training,Traction prise large,Poids du corps,Bilatéral,Normale,11,0,0,0,0,0,156,00:35:42
2024-09-30 13:53:21,Home training,Traction prise large,Poids du corps,Bilatéral,Normale,10,0,0,0,0,0,156,00:35:42
2024-09-30 13:53:21,Home training,Traction prise large,Poids du corps,Bilatéral,Normale,10,0,0,0,0,0,156,00:35:42
2024-09-30 13:53:21,Home training,Traction prise large,Poids du corps,Bilatéral,Normale,8,0,0,0,0,0,156,00:35:42
2024-09-30 13:53:21,Home training,Traction prise large,Poids du corps,Bilatéral,Normale,11,0,0,0,0,0,156,00:35:42
2024-10-02 14:59:33,Home training,Pompe,Poids du corps,Bilatéral,Normale,35,0,0,0,0,0,171,00:57:06
2024-10-02 14:59:33,Home training,Pompe,Poids du corps,Bilatéral,Normale,25,0,0,0,0,0,171,00:57:06
2024-10-02 14:59:33,Home training,Pompe,Poids du corps,Bilatéral,Normale,20,0,0,0,0,0,171,00:57:06
2024-10-02 14:59:33,Home training,Pompe prise serrée,Poids du corps,Bilatéral,Normale,20,0,0,0,0,0,171,00:57:06
2024-10-02 14:59:33,Home training,Pompe prise serrée,Poids du corps,Bilatéral,Normale,20,0,0,0,0,0,171,00:57:06
2024-10-02 14:59:33,Home training,Traction prise large,Poids du corps,Bilatéral,Normale,10,0,0,0,0,0,171,00:57:06
2024-10-02 14:59:33,Home training,Traction prise large,Poids du corps,Bilatéral,Normale,8,0,0,0,0,0,171,00:57:06
2024-10-02 14:59:33,Home training,Traction prise large,Poids du corps,Bilatéral,Normale,8,0,0,0,0,0,171,00:57:06
2024-10-02 14:59:33,Home training,Traction prise large,Poids du corps,Bilatéral,Normale,8,0,0,0,0,0,171,00:57:06
2024-10-06 10:18:23,Legs/Arms,Curl pupitre,Machine guidée à levier,Bilatéral,Normale,9,32.5,0,0,0,0,338,01:35:43
2024-10-06 10:18:23,Legs/Arms,Curl pupitre,Machine guidée à levier,Bilatéral,Normale,8,32.5,0,0,0,0,338,01:35:43
2024-10-06 10:18:23,Legs/Arms,Curl pupitre,Machine guidée à levier,Bilatéral,Normale,6,32.5,0,0,0,0,338,01:35:43
2024-10-06 10:18:23,Legs/Arms,Curl pupitre,Machine guidée à levier,Bilatéral,Normale,9,30,0,0,0,0,338,01:35:43
2024-10-06 10:18:23,Legs/Arms,Extension de bras poulie haute,Poulie vis-à-vis,Bilatéral,Normale,13,32.5,0,0,0,0,338,01:35:43
2024-10-06 10:18:23,Legs/Arms,Extension de bras poulie haute,Poulie vis-à-vis,Bilatéral,Normale,12,32.5,0,0,0,0,338,01:35:43
2024-10-06 10:18:23,Legs/Arms,Extension de bras poulie haute,Poulie vis-à-vis,Bilatéral,Normale,11,32.5,0,0,0,0,338,01:35:43
2024-10-06 10:18:23,Legs/Arms,Extension de bras poulie haute,Poulie vis-à-vis,Bilatéral,Normale,11,32.5,0,0,0,0,338,01:35:43
2024-10-06 10:18:23,Legs/Arms,Élévation latérale,Poulie vis-à-vis,Unilatéral,Normale,12,7.5,0,0,0,0,338,01:35:43
2024-10-06 10:18:23,Legs/Arms,Élévation latérale,Poulie vis-à-vis,Unilatéral,Normale,12,7.5,0,0,0,0,338,01:35:43
2024-10-06 10:18:23,Legs/Arms,Élévation latérale,Poulie vis-à-vis,Unilatéral,Normale,12,7.5,0,0,0,0,338,01:35:43
2024-10-06 10:18:23,Legs/Arms,Élévation latérale,Poulie vis-à-vis,Unilatéral,Normale,12,7.5,0,0,0,0,338,01:35:43
2024-10-06 10:18:23,Legs/Arms,Flexion de jambes assis,Machine guidée à poulie,Unilatéral,Normale,10,20,0,0,0,0,338,01:35:43
2024-10-06 10:18:23,Legs/Arms,Flexion de jambes assis,Machine guidée à poulie,Unilatéral,Normale,10,20,0,0,0,0,338,01:35:43
2024-10-06 10:18:23,Legs/Arms,Flexion de jambes assis,Machine guidée à poulie,Unilatéral,Normale,10,20,0,0,0,0,338,01:35:43
2024-10-06 10:18:23,Legs/Arms,Flexion de jambes assis,Machine guidée à poulie,Unilatéral,Normale,10,20,0,0,0,0,338,01:35:43
2024-10-06 10:18:23,Legs/Arms,Presse à cuisses,Machine guidée à levier,Unilatéral,Normale,9,90,0,0,0,0,338,01:35:43
2024-10-06 10:18:23,Legs/Arms,Presse à cuisses,Machine guidée à levier,Unilatéral,Normale,9,90,0,0,0,0,338,01:35:43
2024-10-06 10:18:23,Legs/Arms,Presse à cuisses,Machine guidée à levier,Unilatéral,Normale,9,90,0,0,0,0,338,01:35:43
2024-10-09 18:58:47,Up,Tirage horizontal prise large,Barre,Bilatéral,Normale,12,60,0,0,0,0,294,01:34:26
2024-10-09 18:58:47,Up,Tirage horizontal prise large,Barre,Bilatéral,Normale,11,60,0,0,0,0,294,01:34:26
2024-10-09 18:58:47,Up,Tirage horizontal prise large,Barre,Bilatéral,Normale,11,60,0,0,0,0,294,01:34:26
2024-10-09 18:58:47,Up,Développé incliné,Machine guidée à levier,Bilatéral,Normale,9,80,0,0,0,0,294,01:34:26
2024-10-09 18:58:47,Up,Développé incliné,Machine guidée à levier,Bilatéral,Normale,8,80,0,0,0,0,294,01:34:26
2024-10-09 18:58:47,Up,Développé incliné,Machine guidée à levier,Bilatéral,Normale,6,80,0,0,0,0,294,01:34:26
2024-10-09 18:58:47,Up,Développé couché,Machine guidée à levier,Bilatéral,Normale,7,80,0,0,0,0,294,01:34:26
2024-10-09 18:58:47,Up,Développé couché,Machine guidée à levier,Bilatéral,Normale,5,80,0,0,0,0,294,01:34:26
2024-10-09 18:58:47,Up,Développé couché,Machine guidée à levier,Bilatéral,Normale,10,60,0,0,0,0,294,01:34:26
2024-10-09 18:58:47,Up,Tirage visage,Poulie vis-à-vis,Bilatéral,Normale,11,25,0,0,0,0,294,01:34:26
2024-10-09 18:58:47,Up,Tirage visage,Poulie vis-à-vis,Bilatéral,Normale,11,25,0,0,0,0,294,01:34:26
2024-10-09 18:58:47,Up,Tirage vertical prise large,Poulie vis-à-vis,Bilatéral,Normale,10,80,0,0,0,0,294,01:34:26
2024-10-09 18:58:47,Up,Tirage vertical prise large,Poulie vis-à-vis,Bilatéral,Normale,8,80,0,0,0,0,294,01:34:26
2024-10-09 18:58:47,Up,Tirage vertical prise large,Poulie vis-à-vis,Bilatéral,Normale,7,80,0,0,0,0,294,01:34:26
2024-10-09 18:58:47,Up,Développé militaire,Barre,Bilatéral,Normale,7,40,0,0,0,0,294,01:34:26
2024-10-09 18:58:47,Up,Développé militaire,Barre,Bilatéral,Normale,7,40,0,0,0,0,294,01:34:26
2024-10-09 18:58:47,Up,Développé militaire,Barre,Bilatéral,Normale,8,40,0,0,0,0,294,01:34:26
2024-10-10 19:03:35,Legs/Arms,Curl biceps supination,Haltères,Unilatéral,Normale,11,16,0,0,0,0,352,01:41:51
2024-10-10 19:03:35,Legs/Arms,Curl biceps supination,Haltères,Unilatéral,Normale,11,16,0,0,0,0,352,01:41:51
2024-10-10 19:03:35,Legs/Arms,Curl biceps supination,Haltères,Unilatéral,Normale,10,16,0,0,0,0,352,01:41:51
2024-10-10 19:03:35,Legs/Arms,Curl biceps supination,Haltères,Unilatéral,Normale,10,16,0,0,0,0,352,01:41:51
2024-10-10 19:03:35,Legs/Arms,Extension de bras poulie haute,Poulie vis-à-vis,Bilatéral,Normale,10,36.25,0,0,0,0,352,01:41:51
2024-10-10 19:03:35,Legs/Arms,Extension de bras poulie haute,Poulie vis-à-vis,Bilatéral,Normale,8,36.25,0,0,0,0,352,01:41:51
2024-10-10 19:03:35,Legs/Arms,Extension de bras poulie haute,Poulie vis-à-vis,Bilatéral,Normale,11,32.5,0,0,0,0,352,01:41:51
2024-10-10 19:03:35,Legs/Arms,Extension de bras poulie haute,Poulie vis-à-vis,Bilatéral,Normale,9,32.5,0,0,0,0,352,01:41:51
2024-10-10 19:03:35,Legs/Arms,Flexion de jambes assis,Machine guidée à poulie,Unilatéral,Normale,10,20,0,0,0,0,352,01:41:51
2024-10-10 19:03:35,Legs/Arms,Flexion de jambes assis,Machine guidée à poulie,Unilatéral,Normale,10,20,0,0,0,0,352,01:41:51
2024-10-10 19:03:35,Legs/Arms,Flexion de jambes assis,Machine guidée à poulie,Unilatéral,Normale,10,20,0,0,0,0,352,01:41:51
2024-10-10 19:03:35,Legs/Arms,Flexion de jambes assis,Machine guidée à poulie,Unilatéral,Normale,10,20,0,0,0,0,352,01:41:51
2024-10-10 19:03:35,Legs/Arms,Extension de jambes,Machine guidée à levier,Unilatéral,Normale,10,60,0,0,0,0,352,01:41:51
2024-10-10 19:03:35,Legs/Arms,Extension de jambes,Machine guidée à levier,Unilatéral,Normale,10,60,0,0,0,0,352,01:41:51
2024-10-10 19:03:35,Legs/Arms,Extension de jambes,Machine guidée à levier,Unilatéral,Normale,10,60,0,0,0,0,352,01:41:51
2024-10-10 19:03:35,Legs/Arms,Extension de jambes,Machine guidée à levier,Unilatéral,Normale,10,60,0,0,0,0,352,01:41:51
2024-10-10 19:03:35,Legs/Arms,Élévation latérale,Haltères,Bilatéral,Normale,12,10,0,0,0,0,352,01:41:51
2024-10-10 19:03:35,Legs/Arms,Élévation latérale,Haltères,Bilatéral,Normale,11,10,0,0,0,0,352,01:41:51
2024-10-10 19:03:35,Legs/Arms,Élévation latérale,Haltères,Bilatéral,Normale,10,10,0,0,0,0,352,01:41:51
2024-10-10 19:03:35,Legs/Arms,Élévation latérale,Haltères,Bilatéral,Normale,10,10,0,0,0,0,352,01:41:51
2024-10-12 06:53:10,Shoulders/Arms,Curl pupitre,Machine guidée à levier,Bilatéral,Normale,9,32.5,0,0,0,0,450,01:33:13
2024-10-12 06:53:10,Shoulders/Arms,Curl pupitre,Machine guidée à levier,Bilatéral,Normale,9,32.5,0,0,0,0,450,01:33:13
2024-10-12 06:53:10,Shoulders/Arms,Curl pupitre,Machine guidée à levier,Bilatéral,Normale,9,32.5,0,0,0,0,450,01:33:13
2024-10-12 06:53:10,Shoulders/Arms,Curl biceps supination,Poulie vis-à-vis,Unilatéral,Normale,11,12.5,0,0,0,0,450,01:33:13
2024-10-12 06:53:10,Shoulders/Arms,Curl biceps supination,Poulie vis-à-vis,Unilatéral,Normale,12,12.5,0,0,0,0,450,01:33:13
2024-10-12 06:53:10,Shoulders/Arms,Curl biceps supination,Poulie vis-à-vis,Unilatéral,Normale,12,12.5,0,0,0,0,450,01:33:13
2024-10-12 06:53:10,Shoulders/Arms,Extension de bras poulie haute,Poulie vis-à-vis,Bilatéral,Normale,11,36.25,0,0,0,0,450,01:33:13
2024-10-12 06:53:10,Shoulders/Arms,Extension de bras poulie haute,Poulie vis-à-vis,Bilatéral,Normale,10,36.25,0,0,0,0,450,01:33:13
2024-10-12 06:53:10,Shoulders/Arms,Extension de bras poulie haute,Poulie vis-à-vis,Bilatéral,Normale,10,36.25,0,0,0,0,450,01:33:13
2024-10-12 06:53:10,Shoulders/Arms,Extension de bras poulie haute,Poulie vis-à-vis,Bilatéral,Normale,10,32.5,0,0,0,0,450,01:33:13
2024-10-12 06:53:10,Shoulders/Arms,Extension de bras poulie haute,Poulie vis-à-vis,Bilatéral,Normale,11,32.5,0,0,0,0,450,01:33:13
2024-10-12 06:53:10,Shoulders/Arms,Extension verticale,Poulie vis-à-vis,Bilatéral,Normale,9,28.75,0,0,0,0,450,01:33:13
2024-10-12 06:53:10,Shoulders/Arms,Élévation latérale,Poulie vis-à-vis,Unilatéral,Normale,12,7.5,0,0,0,0,450,01:33:13
2024-10-12 06:53:10,Shoulders/Arms,Élévation latérale,Poulie vis-à-vis,Unilatéral,Normale,12,7.5,0,0,0,0,450,01:33:13
2024-10-12 06:53:10,Shoulders/Arms,Élévation latérale,Poulie vis-à-vis,Unilatéral,Normale,12,7.5,0,0,0,0,450,01:33:13
2024-10-12 06:53:10,Shoulders/Arms,Élévation latérale,Poulie vis-à-vis,Unilatéral,Normale,12,7.5,0,0,0,0,450,01:33:13
2024-10-12 06:53:10,Shoulders/Arms,Élévation latérale,Poulie vis-à-vis,Unilatéral,Normale,12,7.5,0,0,0,0,450,01:33:13
2024-10-12 06:53:10,Shoulders/Arms,Élévation latérale,Poulie vis-à-vis,Unilatéral,Normale,12,7.5,0,0,0,0,450,01:33:13
2024-10-12 06:53:10,Shoulders/Arms,Flexion de poignet,Poulie vis-à-vis,Unilatéral,Normale,15,17.5,0,0,0,0,450,01:33:13
2024-10-12 06:53:10,Shoulders/Arms,Flexion de poignet,Poulie vis-à-vis,Unilatéral,Normale,14,17.5,0,0,0,0,450,01:33:13
2024-10-12 06:53:10,Shoulders/Arms,Flexion de poignet,Poulie vis-à-vis,Unilatéral,Normale,14,17.5,0,0,0,0,450,01:33:13
2024-10-12 06:53:10,Shoulders/Arms,Flexion de poignet,Poulie vis-à-vis,Unilatéral,Normale,14,17.5,0,0,0,0,450,01:33:13
2024-10-12 06:53:10,Shoulders/Arms,Traction prise supination,Poids du corps,Bilatéral,Échec,11,0,0,0,0,0,450,01:33:13
2024-10-12 06:53:10,Shoulders/Arms,Pompe prise serrée,Poids du corps,Bilatéral,Échec,22,0,0,0,0,0,450,01:33:13
2024-10-14 19:09:21,Chest/Back,Développé incliné,Haltères,Bilatéral,Normale,9,30,0,0,0,0,282,01:19:58
2024-10-14 19:09:21,Chest/Back,Développé incliné,Haltères,Bilatéral,Normale,9,30,0,0,0,0,282,01:19:58
2024-10-14 19:09:21,Chest/Back,Développé incliné,Haltères,Bilatéral,Normale,8,30,0,0,0,0,282,01:19:58
2024-10-14 19:09:21,Chest/Back,Traction prise large,Poids du corps,Bilatéral,Normale,12,0,0,0,0,0,282,01:19:58
2024-10-14 19:09:21,Chest/Back,Traction prise large,Poids du corps,Bilatéral,Normale,11,0,0,0,0,0,282,01:19:58
2024-10-14 19:09:21,Chest/Back,Traction prise large,Poids du corps,Bilatéral,Normale,8,0,0,0,0,0,282,01:19:58
2024-10-14 19:09:21,Chest/Back,Développé incliné,Barre,Bilatéral,Normale,8,70,0,0,0,0,282,01:19:58
2024-10-14 19:09:21,Chest/Back,Développé incliné,Barre,Bilatéral,Normale,8,70,0,0,0,0,282,01:19:58
2024-10-14 19:09:21,Chest/Back,Développé incliné,Barre,Bilatéral,Normale,7,70,0,0,0,0,282,01:19:58
2024-10-14 19:09:21,Chest/Back,Tirage horizontal assis prise serrée,Machine guidée à poulie,Bilatéral,Normale,9,70,0,0,0,0,282,01:19:58
2024-10-14 19:09:21,Chest/Back,Tirage horizontal assis prise serrée,Machine guidée à poulie,Bilatéral,Normale,8,70,0,0,0,0,282,01:19:58
2024-10-14 19:09:21,Chest/Back,Tirage horizontal assis prise serrée,Machine guidée à poulie,Bilatéral,Normale,8,70,0,0,0,0,282,01:19:58
2024-10-14 19:09:21,Chest/Back,Tirage vertical prise large,Poulie vis-à-vis,Bilatéral,Normale,10,70,0,0,0,0,282,01:19:58
2024-10-14 19:09:21,Chest/Back,Tirage vertical prise large,Poulie vis-à-vis,Bilatéral,Normale,9,70,0,0,0,0,282,01:19:58
2024-10-14 19:09:21,Chest/Back,Écarté,Machine guidée à poulie,Bilatéral,Normale,9,72.5,0,0,0,0,282,01:19:58
2024-10-14 19:09:21,Chest/Back,Écarté,Machine guidée à poulie,Bilatéral,Normale,7,72.5,0,0,0,0,282,01:19:58
2024-10-15 19:00:46,Shoulders/Arms,Extension de bras poulie haute,Poulie vis-à-vis,Bilatéral,Normale,11,36.25,0,0,0,0,426,01:10:47
2024-10-15 19:00:46,Shoulders/Arms,Extension de bras poulie haute,Poulie vis-à-vis,Bilatéral,Normale,10,36.25,0,0,0,0,426,01:10:47
2024-10-15 19:00:46,Shoulders/Arms,Extension de bras poulie haute,Poulie vis-à-vis,Bilatéral,Normale,9,36.25,0,0,0,0,426,01:10:47
2024-10-15 19:00:46,Shoulders/Arms,Extension de bras poulie haute,Poulie vis-à-vis,Bilatéral,Normale,8,36.25,0,0,0,0,426,01:10:47
2024-10-15 19:00:46,Shoulders/Arms,Extension de bras poulie haute,Poulie vis-à-vis,Bilatéral,Normale,9,32.5,0,0,0,0,426,01:10:47
2024-10-15 19:00:46,Shoulders/Arms,Extension de bras poulie haute,Poulie vis-à-vis,Bilatéral,Normale,11,32.5,0,0,0,0,426,01:10:47
2024-10-15 19:00:46,Shoulders/Arms,Curl biceps supination,Poulie vis-à-vis,Bilatéral,Normale,10,28.75,0,0,0,0,426,01:10:47
2024-10-15 19:00:46,Shoulders/Arms,Curl biceps supination,Poulie vis-à-vis,Bilatéral,Normale,11,28.75,0,0,0,0,426,01:10:47
2024-10-15 19:00:46,Shoulders/Arms,Curl biceps supination,Poulie vis-à-vis,Bilatéral,Normale,10,28.75,0,0,0,0,426,01:10:47
2024-10-15 19:00:46,Shoulders/Arms,Curl biceps supination,Poulie vis-à-vis,Unilatéral,Normale,11,12.5,0,0,0,0,426,01:10:47
2024-10-15 19:00:46,Shoulders/Arms,Curl biceps supination,Poulie vis-à-vis,Unilatéral,Normale,12,12.5,0,0,0,0,426,01:10:47
2024-10-15 19:00:46,Shoulders/Arms,Curl biceps supination,Poulie vis-à-vis,Unilatéral,Normale,12,12.5,0,0,0,0,426,01:10:47
2024-10-15 19:00:46,Shoulders/Arms,Élévation latérale,Poulie vis-à-vis,Unilatéral,Normale,13,7.5,0,0,0,0,426,01:10:47
2024-10-15 19:00:46,Shoulders/Arms,Élévation latérale,Poulie vis-à-vis,Unilatéral,Normale,13,7.5,0,0,0,0,426,01:10:47
2024-10-15 19:00:46,Shoulders/Arms,Élévation latérale,Poulie vis-à-vis,Unilatéral,Normale,11,7.5,0,0,0,0,426,01:10:47
2024-10-15 19:00:46,Shoulders/Arms,Élévation latérale,Poulie vis-à-vis,Unilatéral,Normale,12,7.5,0,0,0,0,426,01:10:47
2024-10-15 19:00:46,Shoulders/Arms,Élévation latérale,Poulie vis-à-vis,Unilatéral,Normale,12,7.5,0,0,0,0,426,01:10:47
2024-10-15 19:00:46,Shoulders/Arms,Élévation latérale,Poulie vis-à-vis,Unilatéral,Normale,12,7.5,0,0,0,0,426,01:10:47
2024-10-15 19:00:46,Shoulders/Arms,Flexion de poignet,Poulie vis-à-vis,Unilatéral,Normale,16,17.5,0,0,0,0,426,01:10:47
2024-10-15 19:00:46,Shoulders/Arms,Flexion de poignet,Poulie vis-à-vis,Unilatéral,Normale,15,17.5,0,0,0,0,426,01:10:47
2024-10-15 19:00:46,Shoulders/Arms,Flexion de poignet,Poulie vis-à-vis,Unilatéral,Normale,14,17.5,0,0,0,0,426,01:10:47
2024-10-15 19:00:46,Shoulders/Arms,Flexion de poignet,Poulie vis-à-vis,Unilatéral,Normale,14,17.5,0,0,0,0,426,01:10:47
2024-10-15 19:00:46,Shoulders/Arms,Traction prise supination,Poids du corps,Bilatéral,Échec,12,0,0,0,0,0,426,01:10:47
2024-10-15 19:00:46,Shoulders/Arms,Pompe prise serrée,Poids du corps,Bilatéral,Échec,30,0,0,0,0,0,426,01:10:47
2024-10-16 19:00:52,Legs/Arms,Curl biceps supination,Haltères,Unilatéral,Normale,12,16,0,0,0,0,379,01:41:54
2024-10-16 19:00:52,Legs/Arms,Curl biceps supination,Haltères,Unilatéral,Normale,12,16,0,0,0,0,379,01:41:54
2024-10-16 19:00:52,Legs/Arms,Curl biceps supination,Haltères,Unilatéral,Normale,10,16,0,0,0,0,379,01:41:54
2024-10-16 19:00:52,Legs/Arms,Curl biceps supination,Haltères,Unilatéral,Normale,11,16,0,0,0,0,379,01:41:54
2024-10-16 19:00:52,Legs/Arms,Extension de bras poulie haute,Poulie vis-à-vis,Bilatéral,Normale,10,36.25,0,0,0,0,379,01:41:54
2024-10-16 19:00:52,Legs/Arms,Extension de bras poulie haute,Poulie vis-à-vis,Bilatéral,Normale,10,36.25,0,0,0,0,379,01:41:54
2024-10-16 19:00:52,Legs/Arms,Extension de bras poulie haute,Poulie vis-à-vis,Bilatéral,Normale,10,36.25,0,0,0,0,379,01:41:54
2024-10-16 19:00:52,Legs/Arms,Extension de bras poulie haute,Poulie vis-à-vis,Bilatéral,Normale,9,36.25,0,0,0,0,379,01:41:54
2024-10-16 19:00:52,Legs/Arms,Élévation latérale,Machine guidée à poulie,Bilatéral,Normale,14,30,0,0,0,0,379,01:41:54
2024-10-16 19:00:52,Legs/Arms,Élévation latérale,Machine guidée à poulie,Bilatéral,Normale,12,30,0,0,0,0,379,01:41:54
2024-10-16 19:00:52,Legs/Arms,Élévation latérale,Machine guidée à poulie,Bilatéral,Normale,12,30,0,0,0,0,379,01:41:54
2024-10-16 19:00:52,Legs/Arms,Élévation latérale,Machine guidée à poulie,Bilatéral,Normale,12,30,0,0,0,0,379,01:41:54
2024-10-16 19:00:52,Legs/Arms,Flexion de jambes assis,Machine guidée à poulie,Unilatéral,Normale,13,40,0,0,0,0,379,01:41:54
2024-10-16 19:00:52,Legs/Arms,Flexion de jambes assis,Machine guidée à poulie,Unilatéral,Normale,12,40,0,0,0,0,379,01:41:54
2024-10-16 19:00:52,Legs/Arms,Flexion de jambes assis,Machine guidée à poulie,Unilatéral,Normale,12,40,0,0,0,0,379,01:41:54
2024-10-16 19:00:52,Legs/Arms,Flexion de jambes assis,Machine guidée à poulie,Unilatéral,Normale,12,40,0,0,0,0,379,01:41:54
2024-10-16 19:00:52,Legs/Arms,Extension de jambes,Machine guidée à levier,Unilatéral,Normale,12,60,0,0,0,0,379,01:41:54
2024-10-16 19:00:52,Legs/Arms,Extension de jambes,Machine guidée à levier,Unilatéral,Normale,13,60,0,0,0,0,379,01:41:54
2024-10-16 19:00:52,Legs/Arms,Extension de jambes,Machine guidée à levier,Unilatéral,Normale,11,60,0,0,0,0,379,01:41:54
2024-10-16 19:00:52,Legs/Arms,Extension de jambes,Machine guidée à levier,Unilatéral,Normale,12,60,0,0,0,0,379,01:41:54
2024-10-16 19:00:52,Legs/Arms,Extension de jambes,Machine guidée à levier,Unilatéral,Normale,12,60,0,0,0,0,379,01:41:54
2024-10-17 19:03:09,Up,Tirage horizontal prise large,Barre,Bilatéral,Normale,11,65,0,0,0,0,332,01:39:21
2024-10-17 19:03:09,Up,Tirage horizontal prise large,Barre,Bilatéral,Normale,10,65,0,0,0,0,332,01:39:21
2024-10-17 19:03:09,Up,Tirage horizontal prise large,Barre,Bilatéral,Normale,9,65,0,0,0,0,332,01:39:21
2024-10-17 19:03:09,Up,Traction prise large,Poids du corps,Bilatéral,Normale,10,0,0,0,0,0,332,01:39:21
2024-10-17 19:03:09,Up,Traction prise large,Poids du corps,Bilatéral,Normale,9,0,0,0,0,0,332,01:39:21
2024-10-17 19:03:09,Up,Traction prise large,Poids du corps,Bilatéral,Normale,8,0,0,0,0,0,332,01:39:21
2024-10-17 19:03:09,Up,Développé couché,Barre,Bilatéral,Normale,8,80,0,0,0,0,332,01:39:21
2024-10-17 19:03:09,Up,Développé couché,Barre,Bilatéral,Normale,7,80,0,0,0,0,332,01:39:21
2024-10-17 19:03:09,Up,Développé couché,Barre,Bilatéral,Normale,6,60,0,0,0,0,332,01:39:21
2024-10-17 19:03:09,Up,Développé incliné,Haltères,Bilatéral,Normale,6,30,0,0,0,0,332,01:39:21
2024-10-17 19:03:09,Up,Développé incliné,Haltères,Bilatéral,Normale,8,30,0,0,0,0,332,01:39:21
2024-10-17 19:03:09,Up,Développé incliné,Haltères,Bilatéral,Normale,6,30,0,0,0,0,332,01:39:21
2024-10-17 19:03:09,Up,Développé couché,Machine guidée à levier,Bilatéral,Normale,12,60,0,0,0,0,332,01:39:21
2024-10-17 19:03:09,Up,Développé couché,Machine guidée à levier,Bilatéral,Normale,11,60,0,0,0,0,332,01:39:21
2024-10-17 19:03:09,Up,Tirage visage,Poulie vis-à-vis,Bilatéral,Normale,12,25,0,0,0,0,332,01:39:21
2024-10-17 19:03:09,Up,Tirage visage,Poulie vis-à-vis,Bilatéral,Normale,11,25,0,0,0,0,332,01:39:21
2024-10-17 19:03:09,Up,Développé militaire,Barre,Bilatéral,Normale,4,50,0,0,0,0,332,01:39:21
2024-10-17 19:03:09,Up,Développé militaire,Barre,Bilatéral,Normale,3,50,0,0,0,0,332,01:39:21
2024-10-17 19:03:09,Up,Développé militaire,Barre,Bilatéral,Normale,10,40,0,0,0,0,332,01:39:21
2024-10-19 12:25:58,Legs/Arms,Extension de jambes,Machine guidée à poulie,Bilatéral,Normale,13,80,0,0,0,0,423,01:58:25
2024-10-19 12:25:58,Legs/Arms,Extension de jambes,Machine guidée à poulie,Bilatéral,Normale,12,90,0,0,0,0,423,01:58:25
2024-10-19 12:25:58,Legs/Arms,Extension de jambes,Machine guidée à poulie,Bilatéral,Normale,10,100,0,0,0,0,423,01:58:25
2024-10-19 12:25:58,Legs/Arms,Extension de jambes,Machine guidée à poulie,Bilatéral,Normale,10,100,0,0,0,0,423,01:58:25
2024-10-19 12:25:58,Legs/Arms,Extension de jambes,Machine guidée à poulie,Bilatéral,Normale,10,100,0,0,0,0,423,01:58:25
2024-10-19 12:25:58,Legs/Arms,Extension de jambes,Machine guidée à poulie,Bilatéral,Normale,10,100,0,0,0,0,423,01:58:25
2024-10-19 12:25:58,Legs/Arms,Curl pupitre,Machine guidée à levier,Bilatéral,Normale,9,32.5,0,0,0,0,423,01:58:25
2024-10-19 12:25:58,Legs/Arms,Curl pupitre,Machine guidée à levier,Bilatéral,Normale,10,32.5,0,0,0,0,423,01:58:25
2024-10-19 12:25:58,Legs/Arms,Curl pupitre,Machine guidée à levier,Bilatéral,Normale,9,32.5,0,0,0,0,423,01:58:25
2024-10-19 12:25:58,Legs/Arms,Curl pupitre,Machine guidée à levier,Bilatéral,Normale,9,32.5,0,0,0,0,423,01:58:25
2024-10-19 12:25:58,Legs/Arms,Flexion de jambes assis,Machine guidée à poulie,Bilatéral,Normale,13,70,0,0,0,0,423,01:58:25
2024-10-19 12:25:58,Legs/Arms,Flexion de jambes assis,Machine guidée à poulie,Bilatéral,Normale,13,70,0,0,0,0,423,01:58:25
2024-10-19 12:25:58,Legs/Arms,Flexion de jambes assis,Machine guidée à poulie,Bilatéral,Normale,13,70,0,0,0,0,423,01:58:25
2024-10-19 12:25:58,Legs/Arms,Flexion de jambes assis,Machine guidée à poulie,Bilatéral,Normale,13,70,0,0,0,0,423,01:58:25
2024-10-19 12:25:58,Legs/Arms,Curl biceps supination,Haltères,Unilatéral,Normale,11,16,0,0,0,0,423,01:58:25
2024-10-19 12:25:58,Legs/Arms,Curl biceps supination,Haltères,Unilatéral,Normale,10,16,0,0,0,0,423,01:58:25
2024-10-19 12:25:58,Legs/Arms,Extension de bras poulie haute,Poulie vis-à-vis,Bilatéral,Normale,10,36.25,0,0,0,0,423,01:58:25
2024-10-19 12:25:58,Legs/Arms,Extension de bras poulie haute,Poulie vis-à-vis,Bilatéral,Normale,11,36.25,0,0,0,0,423,01:58:25
2024-10-19 12:25:58,Legs/Arms,Extension de bras poulie haute,Poulie vis-à-vis,Bilatéral,Normale,8,40,0,0,0,0,423,01:58:25
2024-10-19 12:25:58,Legs/Arms,Extension de bras poulie haute,Poulie vis-à-vis,Bilatéral,Normale,11,36.25,0,0,0,0,423,01:58:25
2024-10-19 12:25:58,Legs/Arms,Extension de bras poulie haute,Poulie vis-à-vis,Bilatéral,Normale,9,36.25,0,0,0,0,423,01:58:25
2024-10-19 12:25:58,Legs/Arms,Extension de bras poulie haute,Poulie vis-à-vis,Bilatéral,Normale,10,36.25,0,0,0,0,423,01:58:25
2024-10-19 12:25:58,Legs/Arms,Élévation latérale,Haltères,Bilatéral,Normale,13,10,0,0,0,0,423,01:58:25
2024-10-19 12:25:58,Legs/Arms,Élévation latérale,Haltères,Bilatéral,Normale,12,10,0,0,0,0,423,01:58:25
2024-10-19 12:25:58,Legs/Arms,Élévation latérale,Haltères,Bilatéral,Normale,10,10,0,0,0,0,423,01:58:25
2024-10-19 12:25:58,Legs/Arms,Élévation latérale,Haltères,Bilatéral,Normale,11,10,0,0,0,0,423,01:58:25
2024-10-20 19:01:33,Chest/Back,Développé incliné,Barre,Bilatéral,Normale,10,70,0,0,0,0,324,01:23:14
2024-10-20 19:01:33,Chest/Back,Développé incliné,Barre,Bilatéral,Normale,10,70,0,0,0,0,324,01:23:14
2024-10-20 19:01:33,Chest/Back,Développé incliné,Barre,Bilatéral,Normale,9,70,0,0,0,0,324,01:23:14
2024-10-20 19:01:33,Chest/Back,Développé incliné,Machine guidée à levier,Bilatéral,Normale,8,80,0,0,0,0,324,01:23:14
2024-10-20 19:01:33,Chest/Back,Développé incliné,Machine guidée à levier,Bilatéral,Normale,9,80,0,0,0,0,324,01:23:14
2024-10-20 19:01:33,Chest/Back,Développé incliné,Machine guidée à levier,Bilatéral,Normale,8,80,0,0,0,0,324,01:23:14
2024-10-20 19:01:33,Chest/Back,Traction prise large,Poids du corps,Bilatéral,Normale,13,0,0,0,0,0,324,01:23:14
2024-10-20 19:01:33,Chest/Back,Traction prise large,Poids du corps,Bilatéral,Normale,11,0,0,0,0,0,324,01:23:14
2024-10-20 19:01:33,Chest/Back,Traction prise large,Poids du corps,Bilatéral,Normale,10,0,0,0,0,0,324,01:23:14
2024-10-20 19:01:33,Chest/Back,Tirage horizontal assis prise serrée,Machine guidée à poulie,Bilatéral,Normale,8,70,0,0,0,0,324,01:23:14
2024-10-20 19:01:33,Chest/Back,Tirage horizontal assis prise serrée,Machine guidée à poulie,Bilatéral,Normale,9,70,0,0,0,0,324,01:23:14
2024-10-20 19:01:33,Chest/Back,Tirage horizontal assis prise serrée,Machine guidée à poulie,Bilatéral,Normale,8,70,0,0,0,0,324,01:23:14
2024-10-20 19:01:33,Chest/Back,Tirage vertical prise large,Poulie vis-à-vis,Bilatéral,Normale,12,70,0,0,0,0,324,01:23:14
2024-10-20 19:01:33,Chest/Back,Tirage vertical prise large,Poulie vis-à-vis,Bilatéral,Normale,11,70,0,0,0,0,324,01:23:14
2024-10-20 19:01:33,Chest/Back,Développé incliné,Machine Smith,Bilatéral,Normale,10,40,0,0,0,0,324,01:23:14
2024-10-20 19:01:33,Chest/Back,Développé incliné,Machine Smith,Bilatéral,Normale,10,40,0,0,0,0,324,01:23:14
2024-10-21 19:05:28,Shoulders/Arms,Développé incliné prise serrée,Barre,Bilatéral,Normale,10,60,0,0,0,0,368,01:38:45
2024-10-21 19:05:28,Shoulders/Arms,Développé incliné prise serrée,Barre,Bilatéral,Normale,9,60,0,0,0,0,368,01:38:45
2024-10-21 19:05:28,Shoulders/Arms,Développé incliné prise serrée,Barre,Bilatéral,Normale,12,60,0,0,0,0,368,01:38:45
2024-10-21 19:05:28,Shoulders/Arms,Extension de bras poulie haute,Poulie vis-à-vis,Bilatéral,Normale,10,32.5,0,0,0,0,368,01:38:45
2024-10-21 19:05:28,Shoulders/Arms,Extension de bras poulie haute,Poulie vis-à-vis,Bilatéral,Normale,10,36.25,0,0,0,0,368,01:38:45
2024-10-21 19:05:28,Shoulders/Arms,Extension de bras poulie haute,Poulie vis-à-vis,Bilatéral,Normale,10,36.25,0,0,0,0,368,01:38:45
2024-10-21 19:05:28,Shoulders/Arms,Extension de bras poulie haute,Poulie vis-à-vis,Bilatéral,Normale,9,36.25,0,0,0,0,368,01:38:45
2024-10-21 19:05:28,Shoulders/Arms,Curl biceps supination,Poulie vis-à-vis,Bilatéral,Normale,12,28.75,0,0,0,0,368,01:38:45
2024-10-21 19:05:28,Shoulders/Arms,Curl biceps supination,Poulie vis-à-vis,Bilatéral,Normale,12,28.75,0,0,0,0,368,01:38:45
2024-10-21 19:05:28,Shoulders/Arms,Curl biceps supination,Poulie vis-à-vis,Bilatéral,Normale,12,28.75,0,0,0,0,368,01:38:45
2024-10-21 19:05:28,Shoulders/Arms,Curl biceps supination,Poulie vis-à-vis,Unilatéral,Normale,13,12.5,0,0,0,0,368,01:38:45
2024-10-21 19:05:28,Shoulders/Arms,Curl biceps supination,Poulie vis-à-vis,Unilatéral,Normale,13,12.5,0,0,0,0,368,01:38:45
2024-10-21 19:05:28,Shoulders/Arms,Curl biceps supination,Poulie vis-à-vis,Unilatéral,Normale,13,12.5,0,0,0,0,368,01:38:45
2024-10-21 19:05:28,Shoulders/Arms,Élévation latérale,Poulie vis-à-vis,Unilatéral,Normale,13,7.5,0,0,0,0,368,01:38:45
2024-10-21 19:05:28,Shoulders/Arms,Élévation latérale,Poulie vis-à-vis,Unilatéral,Normale,13,7.5,0,0,0,0,368,01:38:45
2024-10-21 19:05:28,Shoulders/Arms,Élévation latérale,Poulie vis-à-vis,Unilatéral,Normale,13,7.5,0,0,0,0,368,01:38:45
2024-10-21 19:05:28,Shoulders/Arms,Élévation latérale,Poulie vis-à-vis,Unilatéral,Normale,12,7.5,0,0,0,0,368,01:38:45
2024-10-21 19:05:28,Shoulders/Arms,Rear Delt Fly,Machine guidée à poulie,Unilatéral,Normale,8,20,0,0,0,0,368,01:38:45
2024-10-21 19:05:28,Shoulders/Arms,Rear Delt Fly,Machine guidée à poulie,Unilatéral,Normale,8,20,0,0,0,0,368,01:38:45
2024-10-21 19:05:28,Shoulders/Arms,Rear Delt Fly,Machine guidée à poulie,Unilatéral,Normale,8,20,0,0,0,0,368,01:38:45
2024-10-25 12:03:40,Legs/Arms,Extension de jambes,Machine guidée à levier,Unilatéral,Normale,10,65,0,0,0,0,458,02:40:23
2024-10-25 12:03:40,Legs/Arms,Extension de jambes,Machine guidée à levier,Unilatéral,Normale,10,65,0,0,0,0,458,02:40:23
2024-10-25 12:03:40,Legs/Arms,Extension de jambes,Machine guidée à levier,Unilatéral,Normale,11,65,0,0,0,0,458,02:40:23
2024-10-25 12:03:40,Legs/Arms,Extension de jambes,Machine guidée à levier,Unilatéral,Normale,11,65,0,0,0,0,458,02:40:23
2024-10-25 12:03:40,Legs/Arms,Extension de jambes,Machine guidée à levier,Unilatéral,Normale,11,65,0,0,0,0,458,02:40:23
2024-10-25 12:03:40,Legs/Arms,Extension de jambes,Machine guidée à levier,Unilatéral,Normale,11,65,0,0,0,0,458,02:40:23
2024-10-25 12:03:40,Legs/Arms,Flexion de jambes assis,Machine guidée à poulie,Unilatéral,Normale,11,45,0,0,0,0,458,02:40:23
2024-10-25 12:03:40,Legs/Arms,Flexion de jambes assis,Machine guidée à poulie,Unilatéral,Normale,11,45,0,0,0,0,458,02:40:23
2024-10-25 12:03:40,Legs/Arms,Flexion de jambes assis,Machine guidée à poulie,Unilatéral,Normale,12,45,0,0,0,0,458,02:40:23
2024-10-25 12:03:40,Legs/Arms,Flexion de jambes assis,Machine guidée à poulie,Unilatéral,Normale,12,45,0,0,0,0,458,02:40:23
2024-10-25 12:03:40,Legs/Arms,Extension de bras poulie haute,Poulie vis-à-vis,Bilatéral,Normale,9,40,0,0,0,0,458,02:40:23
2024-10-25 12:03:40,Legs/Arms,Extension de bras poulie haute,Poulie vis-à-vis,Bilatéral,Normale,12,36.25,0,0,0,0,458,02:40:23
2024-10-25 12:03:40,Legs/Arms,Extension de bras poulie haute,Poulie vis-à-vis,Bilatéral,Normale,11,36.25,0,0,0,0,458,02:40:23
2024-10-25 12:03:40,Legs/Arms,Extension de bras poulie haute,Poulie vis-à-vis,Bilatéral,Normale,11,36.25,0,0,0,0,458,02:40:23
2024-10-25 12:03:40,Legs/Arms,Extension de bras poulie haute,Poulie vis-à-vis,Bilatéral,Normale,10,36.25,0,0,0,0,458,02:40:23
2024-10-25 12:03:40,Legs/Arms,Extension de bras poulie haute,Poulie vis-à-vis,Bilatéral,Normale,9,36.25,0,0,0,0,458,02:40:23
2024-10-25 12:03:40,Legs/Arms,Curl biceps supination,Poulie vis-à-vis,Bilatéral,Normale,10,32.5,0,0,0,0,458,02:40:23
2024-10-25 12:03:40,Legs/Arms,Curl biceps supination,Poulie vis-à-vis,Bilatéral,Normale,10,32.5,0,0,0,0,458,02:40:23
2024-10-25 12:03:40,Legs/Arms,Curl biceps supination,Poulie vis-à-vis,Bilatéral,Normale,10,32.5,0,0,0,0,458,02:40:23
2024-10-25 12:03:40,Legs/Arms,Curl biceps supination,Poulie vis-à-vis,Bilatéral,Normale,10,32.5,0,0,0,0,458,02:40:23
2024-10-25 12:03:40,Legs/Arms,Curl biceps supination,Poulie vis-à-vis,Bilatéral,Normale,10,32.5,0,0,0,0,458,02:40:23
2024-10-25 12:03:40,Legs/Arms,Curl biceps supination,Poulie vis-à-vis,Bilatéral,Normale,10,32.5,0,0,0,0,458,02:40:23
2024-10-25 12:03:40,Legs/Arms,Élévation latérale,Machine guidée à poulie,Bilatéral,Normale,15,35,0,0,0,0,458,02:40:23
2024-10-25 12:03:40,Legs/Arms,Élévation latérale,Machine guidée à poulie,Bilatéral,Normale,14,35,0,0,0,0,458,02:40:23
2024-10-25 12:03:40,Legs/Arms,Élévation latérale,Machine guidée à poulie,Bilatéral,Normale,15,35,0,0,0,0,458,02:40:23
2024-10-25 12:03:40,Legs/Arms,Élévation latérale,Machine guidée à poulie,Bilatéral,Normale,13,35,0,0,0,0,458,02:40:23
2024-10-25 12:03:40,Legs/Arms,Élévation latérale,Machine guidée à poulie,Bilatéral,Normale,12,35,0,0,0,0,458,02:40:23
2024-10-25 12:03:40,Legs/Arms,Élévation latérale,Machine guidée à poulie,Bilatéral,Normale,13,35,0,0,0,0,458,02:40:23
2024-10-26 19:03:49,Up,Tirage horizontal prise large,Barre,Bilatéral,Normale,8,70,0,0,0,0,308,01:21:03
2024-10-26 19:03:49,Up,Tirage horizontal prise large,Barre,Bilatéral,Normale,8,70,0,0,0,0,308,01:21:03
2024-10-26 19:03:49,Up,Tirage horizontal prise large,Barre,Bilatéral,Normale,8,70,0,0,0,0,308,01:21:03
2024-10-26 19:03:49,Up,Tirage vertical prise large,Poulie vis-à-vis,Bilatéral,Normale,11,80,0,0,0,0,308,01:21:03
2024-10-26 19:03:49,Up,Tirage vertical prise large,Poulie vis-à-vis,Bilatéral,Normale,10,80,0,0,0,0,308,01:21:03
2024-10-26 19:03:49,Up,Tirage vertical prise large,Poulie vis-à-vis,Bilatéral,Normale,8,80,0,0,0,0,308,01:21:03
2024-10-26 19:03:49,Up,Développé incliné,Machine guidée à levier,Bilatéral,Normale,10,80,0,0,0,0,308,01:21:03
2024-10-26 19:03:49,Up,Développé incliné,Machine guidée à levier,Bilatéral,Normale,9,80,0,0,0,0,308,01:21:03
2024-10-26 19:03:49,Up,Développé incliné,Machine guidée à levier,Bilatéral,Normale,9,80,0,0,0,0,308,01:21:03
2024-10-26 19:03:49,Up,Développé couché,Machine guidée à levier,Bilatéral,Normale,9,80,0,0,0,0,308,01:21:03
2024-10-26 19:03:49,Up,Développé couché,Machine guidée à levier,Bilatéral,Normale,9,80,0,0,0,0,308,01:21:03
2024-10-26 19:03:49,Up,Développé couché,Machine guidée à levier,Bilatéral,Normale,8,80,0,0,0,0,308,01:21:03
2024-10-26 19:03:49,Up,Développé couché,Machine guidée à levier,Bilatéral,Normale,9,80,0,0,0,0,308,01:21:03
2024-10-26 19:03:49,Up,Tirage visage,Poulie vis-à-vis,Bilatéral,Normale,12,25,0,0,0,0,308,01:21:03
2024-10-26 19:03:49,Up,Tirage visage,Poulie vis-à-vis,Bilatéral,Normale,13,25,0,0,0,0,308,01:21:03
2024-10-26 19:03:49,Up,Développé militaire,Barre,Bilatéral,Normale,8,45,0,0,0,0,308,01:21:03
2024-10-26 19:03:49,Up,Développé militaire,Barre,Bilatéral,Normale,8,45,0,0,0,0,308,01:21:03
2024-10-26 19:03:49,Up,Développé militaire,Barre,Bilatéral,Normale,8,45,0,0,0,0,308,01:21:03
2024-10-27 20:02:00,Shoulders/Arms,Curl pupitre,Machine guidée à levier,Bilatéral,Normale,11,32.5,0,0,0,0,511,01:42:14
2024-10-27 20:02:00,Shoulders/Arms,Curl pupitre,Machine guidée à levier,Bilatéral,Normale,9,32.5,0,0,0,0,511,01:42:14
2024-10-27 20:02:00,Shoulders/Arms,Curl pupitre,Machine guidée à levier,Bilatéral,Normale,10,32.5,0,0,0,0,511,01:42:14
2024-10-27 20:02:00,Shoulders/Arms,Curl biceps supination,Poulie vis-à-vis,Unilatéral,Normale,8,15,0,0,0,0,511,01:42:14
2024-10-27 20:02:00,Shoulders/Arms,Curl biceps supination,Poulie vis-à-vis,Unilatéral,Normale,9,15,0,0,0,0,511,01:42:14
2024-10-27 20:02:00,Shoulders/Arms,Curl biceps supination,Poulie vis-à-vis,Unilatéral,Normale,9,15,0,0,0,0,511,01:42:14
2024-10-27 20:02:00,Shoulders/Arms,Curl marteau,Poulie vis-à-vis,Bilatéral,Normale,16,25,0,0,0,0,511,01:42:14
2024-10-27 20:02:00,Shoulders/Arms,Curl marteau,Poulie vis-à-vis,Bilatéral,Normale,15,25,0,0,0,0,511,01:42:14
2024-10-27 20:02:00,Shoulders/Arms,Extension de bras poulie haute,Poulie vis-à-vis,Bilatéral,Normale,9,40,0,0,0,0,511,01:42:14
2024-10-27 20:02:00,Shoulders/Arms,Extension de bras poulie haute,Poulie vis-à-vis,Bilatéral,Normale,7,40,0,0,0,0,511,01:42:14
2024-10-27 20:02:00,Shoulders/Arms,Extension de bras poulie haute,Poulie vis-à-vis,Bilatéral,Normale,10,36.25,0,0,0,0,511,01:42:14
2024-10-27 20:02:00,Shoulders/Arms,Extension verticale,Poulie vis-à-vis,Bilatéral,Normale,12,25,0,0,0,0,511,01:42:14
2024-10-27 20:02:00,Shoulders/Arms,Extension verticale,Poulie vis-à-vis,Bilatéral,Normale,12,25,0,0,0,0,511,01:42:14
2024-10-27 20:02:00,Shoulders/Arms,Extension verticale,Poulie vis-à-vis,Bilatéral,Normale,12,25,0,0,0,0,511,01:42:14
2024-10-27 20:02:00,Shoulders/Arms,Extension de bras penché en avant,Poulie vis-à-vis,Unilatéral,Normale,12,7.5,0,0,0,0,511,01:42:14
2024-10-27 20:02:00,Shoulders/Arms,Extension de bras penché en avant,Poulie vis-à-vis,Unilatéral,Normale,12,7.5,0,0,0,0,511,01:42:14
2024-10-27 20:02:00,Shoulders/Arms,Élévation latérale,Haltères,Bilatéral,Normale,15,10,0,0,0,0,511,01:42:14
2024-10-27 20:02:00,Shoulders/Arms,Élévation latérale,Haltères,Bilatéral,Normale,14,10,0,0,0,0,511,01:42:14
2024-10-27 20:02:00,Shoulders/Arms,Élévation latérale,Haltères,Bilatéral,Normale,14,10,0,0,0,0,511,01:42:14
2024-10-27 20:02:00,Shoulders/Arms,Élévation latérale,Haltères,Bilatéral,Normale,12,10,0,0,0,0,511,01:42:14
2024-10-27 20:02:00,Shoulders/Arms,Élévation latérale,Haltères,Bilatéral,Normale,12,10,0,0,0,0,511,01:42:14
2024-10-27 20:02:00,Shoulders/Arms,Élévation latérale,Haltères,Bilatéral,Normale,14,10,0,0,0,0,511,01:42:14
2024-10-27 20:02:00,Shoulders/Arms,Flexion de poignet,Haltères,Unilatéral,Normale,20,8,0,0,0,0,511,01:42:14
2024-10-27 20:02:00,Shoulders/Arms,Flexion de poignet,Haltères,Unilatéral,Normale,17,8,0,0,0,0,511,01:42:14
2024-10-27 20:02:00,Shoulders/Arms,Flexion de poignet,Haltères,Unilatéral,Normale,14,8,0,0,0,0,511,01:42:14
2024-10-27 20:02:00,Shoulders/Arms,Flexion de poignet,Haltères,Unilatéral,Normale,11,8,0,0,0,0,511,01:42:14
2024-10-27 20:02:00,Shoulders/Arms,Rear Delt Fly,Machine guidée à poulie,Unilatéral,Normale,12,20,0,0,0,0,511,01:42:14
2024-10-27 20:02:00,Shoulders/Arms,Rear Delt Fly,Machine guidée à poulie,Unilatéral,Normale,11,20,0,0,0,0,511,01:42:14
2024-10-28 20:12:23,legs/abs,Extension de jambes,Machine guidée à poulie,Bilatéral,Normale,9,102.5,0,0,0,0,325,01:23:36
2024-10-28 20:12:23,legs/abs,Extension de jambes,Machine guidée à poulie,Bilatéral,Normale,10,102.5,0,0,0,0,325,01:23:36
2024-10-28 20:12:23,legs/abs,Extension de jambes,Machine guidée à poulie,Bilatéral,Normale,9,102.5,0,0,0,0,325,01:23:36
2024-10-28 20:12:23,legs/abs,Extension de jambes,Machine guidée à poulie,Bilatéral,Normale,10,102.5,0,0,0,0,325,01:23:36
2024-10-28 20:12:23,legs/abs,Extension de jambes,Machine guidée à poulie,Bilatéral,Normale,10,102.5,0,0,0,0,325,01:23:36
2024-10-28 20:12:23,legs/abs,Extension de jambes,Machine guidée à poulie,Bilatéral,Normale,10,102.5,0,0,0,0,325,01:23:36
2024-10-28 20:12:23,legs/abs,Flexion de jambes assis,Machine guidée à poulie,Bilatéral,Normale,12,72.5,0,0,0,0,325,01:23:36
2024-10-28 20:12:23,legs/abs,Flexion de jambes assis,Machine guidée à poulie,Bilatéral,Normale,10,72.5,0,0,0,0,325,01:23:36
2024-10-28 20:12:23,legs/abs,Flexion de jambes assis,Machine guidée à poulie,Bilatéral,Normale,12,72.5,0,0,0,0,325,01:23:36
2024-10-28 20:12:23,legs/abs,Flexion de jambes assis,Machine guidée à poulie,Bilatéral,Normale,12,72.5,0,0,0,0,325,01:23:36
2024-10-28 20:12:23,legs/abs,Extension de mollet debout,Poids du corps,Bilatéral,Normale,20,24,0,0,0,0,325,01:23:36
2024-10-28 20:12:23,legs/abs,Extension de mollet debout,Poids du corps,Bilatéral,Normale,20,24,0,0,0,0,325,01:23:36
2024-10-28 20:12:23,legs/abs,Extension de mollet debout,Poids du corps,Bilatéral,Normale,20,24,0,0,0,0,325,01:23:36
2024-10-28 20:12:23,legs/abs,Extension de mollet debout,Poids du corps,Bilatéral,Normale,20,24,0,0,0,0,325,01:23:36
2024-10-28 20:12:23,legs/abs,Relevé de buste au sol,Machine guidée à poulie,Bilatéral,Normale,10,65,0,0,0,0,325,01:23:36
2024-10-28 20:12:23,legs/abs,Relevé de buste au sol,Machine guidée à poulie,Bilatéral,Normale,10,65,0,0,0,0,325,01:23:36
2024-10-28 20:12:23,legs/abs,Relevé de buste au sol,Machine guidée à poulie,Bilatéral,Normale,12,65,0,0,0,0,325,01:23:36
2024-10-28 20:12:23,legs/abs,Relevé de jambes tendues,Poids du corps,Bilatéral,Normale,20,0,0,0,0,0,325,01:23:36
2024-10-28 20:12:23,legs/abs,Relevé de jambes tendues,Poids du corps,Bilatéral,Normale,15,0,0,0,0,0,325,01:23:36
2024-10-30 20:03:33,Chest/Back,Développé incliné,Haltères,Bilatéral,Normale,11,30,0,0,0,0,311,01:45:32
2024-10-30 20:03:33,Chest/Back,Développé incliné,Haltères,Bilatéral,Normale,10,30,0,0,0,0,311,01:45:32
2024-10-30 20:03:33,Chest/Back,Développé incliné,Haltères,Bilatéral,Normale,9,30,0,0,0,0,311,01:45:32
2024-10-30 20:03:33,Chest/Back,Traction prise large,Poids du corps,Bilatéral,Normale,13,0,0,0,0,0,311,01:45:32
2024-10-30 20:03:33,Chest/Back,Traction prise large,Poids du corps,Bilatéral,Normale,11,0,0,0,0,0,311,01:45:32
2024-10-30 20:03:33,Chest/Back,Traction prise large,Poids du corps,Bilatéral,Normale,11,0,0,0,0,0,311,01:45:32
2024-10-30 20:03:33,Chest/Back,Développé incliné,Barre,Bilatéral,Normale,8,70,0,0,0,0,311,01:45:32
2024-10-30 20:03:33,Chest/Back,Développé incliné,Barre,Bilatéral,Normale,8,70,0,0,0,0,311,01:45:32
2024-10-30 20:03:33,Chest/Back,Développé incliné,Barre,Bilatéral,Normale,8,70,0,0,0,0,311,01:45:32
2024-10-30 20:03:33,Chest/Back,Tirage horizontal assis prise serrée,Machine guidée à poulie,Bilatéral,Normale,13,70,0,0,0,0,311,01:45:32
2024-10-30 20:03:33,Chest/Back,Tirage horizontal assis prise serrée,Machine guidée à poulie,Bilatéral,Normale,12,70,0,0,0,0,311,01:45:32
2024-10-30 20:03:33,Chest/Back,Tirage horizontal assis prise serrée,Machine guidée à poulie,Bilatéral,Normale,11,70,0,0,0,0,311,01:45:32
2024-10-30 20:03:33,Chest/Back,Tirage vertical prise large,Poulie vis-à-vis,Bilatéral,Normale,8,80,0,0,0,0,311,01:45:32
2024-10-30 20:03:33,Chest/Back,Tirage vertical prise large,Poulie vis-à-vis,Bilatéral,Normale,8,80,0,0,0,0,311,01:45:32
2024-10-30 20:03:33,Chest/Back,Tirage vertical prise large,Poulie vis-à-vis,Bilatéral,Normale,8,80,0,0,0,0,311,01:45:32
2024-10-30 20:03:33,Chest/Back,Écarté,Machine guidée à poulie,Bilatéral,Normale,10,72.5,0,0,0,0,311,01:45:32
2024-10-30 20:03:33,Chest/Back,Écarté,Machine guidée à poulie,Bilatéral,Normale,9,72.5,0,0,0,0,311,01:45:32
2024-10-30 20:03:33,Chest/Back,Écarté,Machine guidée à poulie,Bilatéral,Normale,9,72.5,0,0,0,0,311,01:45:32
2024-11-01 20:07:52,Legs/Arms,Flexion de jambes assis,Machine guidée à poulie,Unilatéral,Normale,12,50,0,0,0,0,372,01:47:54
2024-11-01 20:07:52,Legs/Arms,Flexion de jambes assis,Machine guidée à poulie,Unilatéral,Normale,12,50,0,0,0,0,372,01:47:54
2024-11-01 20:07:52,Legs/Arms,Flexion de jambes assis,Machine guidée à poulie,Unilatéral,Normale,11,50,0,0,0,0,372,01:47:54
2024-11-01 20:07:52,Legs/Arms,Flexion de jambes assis,Machine guidée à poulie,Unilatéral,Normale,10,50,0,0,0,0,372,01:47:54
2024-11-01 20:07:52,Legs/Arms,Extension de jambes,Machine guidée à levier,Unilatéral,Normale,12,65,0,0,0,0,372,01:47:54
2024-11-01 20:07:52,Legs/Arms,Extension de jambes,Machine guidée à levier,Unilatéral,Normale,11,65,0,0,0,0,372,01:47:54
2024-11-01 20:07:52,Legs/Arms,Extension de jambes,Machine guidée à levier,Unilatéral,Normale,11,65,0,0,0,0,372,01:47:54
2024-11-01 20:07:52,Legs/Arms,Extension de jambes,Machine guidée à levier,Unilatéral,Normale,12,65,0,0,0,0,372,01:47:54
2024-11-01 20:07:52,Legs/Arms,Extension de jambes,Machine guidée à levier,Unilatéral,Normale,11,65,0,0,0,0,372,01:47:54
2024-11-01 20:07:52,Legs/Arms,Extension de jambes,Machine guidée à levier,Unilatéral,Normale,12,65,0,0,0,0,372,01:47:54
2024-11-01 20:07:52,Legs/Arms,Extension de mollet assis,Machine guidée à poulie,Bilatéral,Normale,15,40,0,0,0,0,372,01:47:54
2024-11-01 20:07:52,Legs/Arms,Extension de mollet assis,Machine guidée à poulie,Bilatéral,Normale,15,40,0,0,0,0,372,01:47:54
2024-11-01 20:07:52,Legs/Arms,Extension de mollet assis,Machine guidée à poulie,Bilatéral,Normale,15,40,0,0,0,0,372,01:47:54
2024-11-01 20:07:52,Legs/Arms,Extension de bras poulie haute,Poulie vis-à-vis,Bilatéral,Normale,12,36.25,0,0,0,0,372,01:47:54
2024-11-01 20:07:52,Legs/Arms,Extension de bras poulie haute,Poulie vis-à-vis,Bilatéral,Normale,12,36.25,0,0,0,0,372,01:47:54
2024-11-01 20:07:52,Legs/Arms,Extension de bras poulie haute,Poulie vis-à-vis,Bilatéral,Normale,11,36.25,0,0,0,0,372,01:47:54
2024-11-01 20:07:52,Legs/Arms,Extension de bras poulie haute,Poulie vis-à-vis,Bilatéral,Normale,12,36.25,0,0,0,0,372,01:47:54
2024-11-01 20:07:52,Legs/Arms,Curl biceps supination,Poulie vis-à-vis,Bilatéral,Normale,12,32.5,0,0,0,0,372,01:47:54
2024-11-01 20:07:52,Legs/Arms,Curl biceps supination,Poulie vis-à-vis,Bilatéral,Normale,12,32.5,0,0,0,0,372,01:47:54
2024-11-01 20:07:52,Legs/Arms,Curl biceps supination,Poulie vis-à-vis,Bilatéral,Normale,10,32.5,0,0,0,0,372,01:47:54
2024-11-01 20:07:52,Legs/Arms,Curl biceps supination,Poulie vis-à-vis,Bilatéral,Normale,11,32.5,0,0,0,0,372,01:47:54
2024-11-03 19:34:21,Shoulders/Arms,Curl pupitre,Machine guidée à levier,Bilatéral,Normale,10,35,0,0,0,0,475,01:52:38
2024-11-03 19:34:21,Shoulders/Arms,Curl pupitre,Machine guidée à levier,Bilatéral,Normale,8,35,0,0,0,0,475,01:52:38
2024-11-03 19:34:21,Shoulders/Arms,Curl pupitre,Machine guidée à levier,Bilatéral,Normale,8,35,0,0,0,0,475,01:52:38
2024-11-03 19:34:21,Shoulders/Arms,Curl biceps supination,Poulie vis-à-vis,Unilatéral,Normale,8,15,0,0,0,0,475,01:52:38
2024-11-03 19:34:21,Shoulders/Arms,Curl biceps supination,Poulie vis-à-vis,Unilatéral,Normale,9,15,0,0,0,0,475,01:52:38
2024-11-03 19:34:21,Shoulders/Arms,Curl biceps supination,Poulie vis-à-vis,Unilatéral,Normale,9,15,0,0,0,0,475,01:52:38
2024-11-03 19:34:21,Shoulders/Arms,Curl marteau,Poulie vis-à-vis,Bilatéral,Normale,12,28.75,0,0,0,0,475,01:52:38
2024-11-03 19:34:21,Shoulders/Arms,Curl marteau,Poulie vis-à-vis,Bilatéral,Normale,11,28.75,0,0,0,0,475,01:52:38
2024-11-03 19:34:21,Shoulders/Arms,Extension de bras poulie haute,Poulie vis-à-vis,Bilatéral,Normale,10,40,0,0,0,0,475,01:52:38
2024-11-03 19:34:21,Shoulders/Arms,Extension de bras poulie haute,Poulie vis-à-vis,Bilatéral,Normale,10,40,0,0,0,0,475,01:52:38
2024-11-03 19:34:21,Shoulders/Arms,Extension de bras poulie haute,Poulie vis-à-vis,Bilatéral,Normale,9,40,0,0,0,0,475,01:52:38
2024-11-03 19:34:21,Shoulders/Arms,Extension verticale,Poulie vis-à-vis,Bilatéral,Normale,13,25,0,0,0,0,475,01:52:38
2024-11-03 19:34:21,Shoulders/Arms,Extension verticale,Poulie vis-à-vis,Bilatéral,Normale,13,25,0,0,0,0,475,01:52:38
2024-11-03 19:34:21,Shoulders/Arms,Extension verticale,Poulie vis-à-vis,Bilatéral,Normale,12,25,0,0,0,0,475,01:52:38
2024-11-03 19:34:21,Shoulders/Arms,Extension de bras penché en avant,Poulie vis-à-vis,Unilatéral,Normale,12,7.5,0,0,0,0,475,01:52:38
2024-11-03 19:34:21,Shoulders/Arms,Extension de bras penché en avant,Poulie vis-à-vis,Unilatéral,Normale,12,7.5,0,0,0,0,475,01:52:38
2024-11-03 19:34:21,Shoulders/Arms,Élévation latérale,Haltères,Bilatéral,Normale,12,12,0,0,0,0,475,01:52:38
2024-11-03 19:34:21,Shoulders/Arms,Élévation latérale,Haltères,Bilatéral,Normale,11,12,0,0,0,0,475,01:52:38
2024-11-03 19:34:21,Shoulders/Arms,Élévation latérale,Haltères,Bilatéral,Normale,11,12,0,0,0,0,475,01:52:38
2024-11-03 19:34:21,Shoulders/Arms,Élévation latérale,Haltères,Bilatéral,Normale,12,10,0,0,0,0,475,01:52:38
2024-11-03 19:34:21,Shoulders/Arms,Flexion de poignet,Haltères,Unilatéral,Normale,14,10,0,0,0,0,475,01:52:38
2024-11-03 19:34:21,Shoulders/Arms,Flexion de poignet,Haltères,Unilatéral,Normale,11,10,0,0,0,0,475,01:52:38
2024-11-03 19:34:21,Shoulders/Arms,Flexion de poignet,Haltères,Unilatéral,Normale,11,10,0,0,0,0,475,01:52:38
2024-11-03 19:34:21,Shoulders/Arms,Flexion de poignet,Haltères,Unilatéral,Normale,11,8,0,0,0,0,475,01:52:38
2024-11-03 19:34:21,Shoulders/Arms,Rear Delt Fly,Machine guidée à poulie,Unilatéral,Normale,13,20,0,0,0,0,475,01:52:38
2024-11-03 19:34:21,Shoulders/Arms,Rear Delt Fly,Machine guidée à poulie,Unilatéral,Normale,13,20,0,0,0,0,475,01:52:38
2024-11-04 19:57:56,Up,Tirage horizontal prise large,Barre,Bilatéral,Normale,9,70,0,0,0,0,301,01:32:36
2024-11-04 19:57:56,Up,Tirage horizontal prise large,Barre,Bilatéral,Normale,9,70,0,0,0,0,301,01:32:36
2024-11-04 19:57:56,Up,Tirage horizontal prise large,Barre,Bilatéral,Normale,9,70,0,0,0,0,301,01:32:36
2024-11-04 19:57:56,Up,Tirage vertical prise large,Poulie vis-à-vis,Bilatéral,Normale,12,80,0,0,0,0,301,01:32:36
2024-11-04 19:57:56,Up,Tirage vertical prise large,Poulie vis-à-vis,Bilatéral,Normale,11,80,0,0,0,0,301,01:32:36
2024-11-04 19:57:56,Up,Tirage vertical prise large,Poulie vis-à-vis,Bilatéral,Normale,10,80,0,0,0,0,301,01:32:36
2024-11-04 19:57:56,Up,Tirage visage,Poulie vis-à-vis,Bilatéral,Normale,15,25,0,0,0,0,301,01:32:36
2024-11-04 19:57:56,Up,Tirage visage,Poulie vis-à-vis,Bilatéral,Normale,15,25,0,0,0,0,301,01:32:36
2024-11-04 19:57:56,Up,Développé couché,Machine guidée à levier,Bilatéral,Normale,12,80,0,0,0,0,301,01:32:36
2024-11-04 19:57:56,Up,Développé couché,Machine guidée à levier,Bilatéral,Normale,13,80,0,0,0,0,301,01:32:36
2024-11-04 19:57:56,Up,Développé couché,Machine guidée à levier,Bilatéral,Normale,10,80,0,0,0,0,301,01:32:36
2024-11-04 19:57:56,Up,Développé incliné,Barre,Bilatéral,Normale,7,65,0,0,0,0,301,01:32:36
2024-11-04 19:57:56,Up,Développé incliné,Barre,Bilatéral,Normale,10,65,0,0,0,0,301,01:32:36
2024-11-04 19:57:56,Up,Développé incliné,Barre,Bilatéral,Normale,9,65,0,0,0,0,301,01:32:36
2024-11-04 19:57:56,Up,Développé militaire,Barre,Bilatéral,Normale,8,45,0,0,0,0,301,01:32:36
2024-11-04 19:57:56,Up,Développé militaire,Barre,Bilatéral,Normale,8,45,0,0,0,0,301,01:32:36
2024-11-04 19:57:56,Up,Développé militaire,Barre,Bilatéral,Normale,9,45,0,0,0,0,301,01:32:36
2024-11-07 20:02:12,Legs/Arms,Extension de jambes,Machine guidée à levier,Unilatéral,Normale,10,70,0,0,0,0,436,01:48:28
2024-11-07 20:02:12,Legs/Arms,Extension de jambes,Machine guidée à levier,Unilatéral,Normale,10,70,0,0,0,0,436,01:48:28
2024-11-07 20:02:12,Legs/Arms,Extension de jambes,Machine guidée à levier,Unilatéral,Normale,10,70,0,0,0,0,436,01:48:28
2024-11-07 20:02:12,Legs/Arms,Extension de jambes,Machine guidée à levier,Unilatéral,Normale,10,70,0,0,0,0,436,01:48:28
2024-11-07 20:02:12,Legs/Arms,Extension de jambes,Machine guidée à levier,Unilatéral,Échec,11,70,0,0,0,0,436,01:48:28
2024-11-07 20:02:12,Legs/Arms,Extension de jambes,Machine guidée à levier,Unilatéral,Échec,11,70,0,0,0,0,436,01:48:28
2024-11-07 20:02:12,Legs/Arms,Flexion de jambes assis,Machine guidée à poulie,Unilatéral,Normale,13,50,0,0,0,0,436,01:48:28
2024-11-07 20:02:12,Legs/Arms,Flexion de jambes assis,Machine guidée à poulie,Unilatéral,Normale,12,50,0,0,0,0,436,01:48:28
2024-11-07 20:02:12,Legs/Arms,Flexion de jambes assis,Machine guidée à poulie,Unilatéral,Normale,12,50,0,0,0,0,436,01:48:28
2024-11-07 20:02:12,Legs/Arms,Flexion de jambes assis,Machine guidée à poulie,Unilatéral,Normale,11,50,0,0,0,0,436,01:48:28
2024-11-07 20:02:12,Legs/Arms,Extension de mollet assis,Machine guidée à poulie,Bilatéral,Normale,15,40,0,0,0,0,436,01:48:28
2024-11-07 20:02:12,Legs/Arms,Extension de mollet assis,Machine guidée à poulie,Bilatéral,Normale,15,40,0,0,0,0,436,01:48:28
2024-11-07 20:02:12,Legs/Arms,Extension de mollet assis,Machine guidée à poulie,Bilatéral,Normale,15,40,0,0,0,0,436,01:48:28
2024-11-07 20:02:12,Legs/Arms,Extension de bras poulie haute,Poulie vis-à-vis,Bilatéral,Normale,9,40,0,0,0,0,436,01:48:28
2024-11-07 20:02:12,Legs/Arms,Extension de bras poulie haute,Poulie vis-à-vis,Bilatéral,Normale,8,40,0,0,0,0,436,01:48:28
2024-11-07 20:02:12,Legs/Arms,Extension de bras poulie haute,Poulie vis-à-vis,Bilatéral,Normale,13,36.25,0,0,0,0,436,01:48:28
2024-11-07 20:02:12,Legs/Arms,Extension de bras poulie haute,Poulie vis-à-vis,Bilatéral,Normale,12,36.25,0,0,0,0,436,01:48:28
2024-11-07 20:02:12,Legs/Arms,Curl biceps supination,Poulie vis-à-vis,Bilatéral,Normale,13,32.5,0,0,0,0,436,01:48:28
2024-11-07 20:02:12,Legs/Arms,Curl biceps supination,Poulie vis-à-vis,Bilatéral,Normale,13,32.5,0,0,0,0,436,01:48:28
2024-11-07 20:02:12,Legs/Arms,Curl biceps supination,Poulie vis-à-vis,Bilatéral,Normale,12,32.5,0,0,0,0,436,01:48:28
2024-11-07 20:02:12,Legs/Arms,Curl biceps supination,Poulie vis-à-vis,Bilatéral,Normale,12,32.5,0,0,0,0,436,01:48:28
2024-11-07 20:02:12,Legs/Arms,Élévation latérale,Machine guidée à poulie,Bilatéral,Normale,12,35,0,0,0,0,436,01:48:28
2024-11-07 20:02:12,Legs/Arms,Élévation latérale,Machine guidée à poulie,Bilatéral,Normale,12,35,0,0,0,0,436,01:48:28
2024-11-07 20:02:12,Legs/Arms,Élévation latérale,Machine guidée à poulie,Bilatéral,Normale,10,35,0,0,0,0,436,01:48:28
2024-11-07 20:02:12,Legs/Arms,Élévation latérale,Machine guidée à poulie,Bilatéral,Normale,12,27.5,0,0,0,0,436,01:48:28
2024-11-10 14:56:37,Chest/Back,Traction prise large,Poids du corps,Bilatéral,Normale,14,0,0,0,0,0,311,01:38:54
2024-11-10 14:56:37,Chest/Back,Traction prise large,Poids du corps,Bilatéral,Normale,11,0,0,0,0,0,311,01:38:54
2024-11-10 14:56:37,Chest/Back,Traction prise large,Poids du corps,Bilatéral,Normale,9,0,0,0,0,0,311,01:38:54
2024-11-10 14:56:37,Chest/Back,Développé incliné,Barre,Bilatéral,Normale,11,70,0,0,0,0,311,01:38:54
2024-11-10 14:56:37,Chest/Back,Développé incliné,Barre,Bilatéral,Normale,10,70,0,0,0,0,311,01:38:54
2024-11-10 14:56:37,Chest/Back,Développé incliné,Barre,Bilatéral,Normale,9,70,0,0,0,0,311,01:38:54
2024-11-10 14:56:37,Chest/Back,Tirage horizontal assis prise serrée,Machine guidée à poulie,Bilatéral,Normale,9,80,0,0,0,0,311,01:38:54
2024-11-10 14:56:37,Chest/Back,Tirage horizontal assis prise serrée,Machine guidée à poulie,Bilatéral,Normale,9,80,0,0,0,0,311,01:38:54
2024-11-10 14:56:37,Chest/Back,Tirage horizontal assis prise serrée,Machine guidée à poulie,Bilatéral,Normale,9,80,0,0,0,0,311,01:38:54
2024-11-10 14:56:37,Chest/Back,Développé incliné,Machine guidée à levier,Bilatéral,Normale,12,80,0,0,0,0,311,01:38:54
2024-11-10 14:56:37,Chest/Back,Développé incliné,Machine guidée à levier,Bilatéral,Normale,12,80,0,0,0,0,311,01:38:54
2024-11-10 14:56:37,Chest/Back,Développé incliné,Machine guidée à levier,Bilatéral,Normale,9,80,0,0,0,0,311,01:38:54
2024-11-10 14:56:37,Chest/Back,Tirage vertical prise large,Poulie vis-à-vis,Bilatéral,Normale,10,80,0,0,0,0,311,01:38:54
2024-11-10 14:56:37,Chest/Back,Tirage vertical prise large,Poulie vis-à-vis,Bilatéral,Normale,9,80,0,0,0,0,311,01:38:54
2024-11-10 14:56:37,Chest/Back,Tirage vertical prise large,Poulie vis-à-vis,Bilatéral,Normale,8,80,0,0,0,0,311,01:38:54
2024-11-10 14:56:37,Chest/Back,Écarté,Machine guidée à poulie,Bilatéral,Normale,11,72.5,0,0,0,0,311,01:38:54
2024-11-10 14:56:37,Chest/Back,Écarté,Machine guidée à poulie,Bilatéral,Normale,8,72.5,0,0,0,0,311,01:38:54
2024-11-10 14:56:37,Chest/Back,Écarté,Machine guidée à poulie,Bilatéral,Normale,8,72.5,0,0,0,0,311,01:38:54
2024-11-17 20:01:13,Chest/Back,Développé incliné,Barre,Bilatéral,Normale,11,70,0,0,0,0,283,01:22:24
2024-11-17 20:01:13,Chest/Back,Développé incliné,Barre,Bilatéral,Normale,10,70,0,0,0,0,283,01:22:24
2024-11-17 20:01:13,Chest/Back,Développé incliné,Barre,Bilatéral,Normale,8,70,0,0,0,0,283,01:22:24
2024-11-17 20:01:13,Chest/Back,Traction prise large,Disque,Bilatéral,Normale,9,8,0,0,0,0,283,01:22:24
2024-11-17 20:01:13,Chest/Back,Traction prise large,Disque,Bilatéral,Normale,7,8,0,0,0,0,283,01:22:24
2024-11-17 20:01:13,Chest/Back,Traction prise large,Disque,Bilatéral,Normale,8,8,0,0,0,0,283,01:22:24
2024-11-17 20:01:13,Chest/Back,Développé incliné,Machine guidée à levier,Bilatéral,Normale,10,85,0,0,0,0,283,01:22:24
2024-11-17 20:01:13,Chest/Back,Développé incliné,Machine guidée à levier,Bilatéral,Normale,9,85,0,0,0,0,283,01:22:24
2024-11-17 20:01:13,Chest/Back,Développé incliné,Machine guidée à levier,Bilatéral,Normale,8,85,0,0,0,0,283,01:22:24
2024-11-17 20:01:13,Chest/Back,Tirage vertical prise large,Poulie vis-à-vis,Bilatéral,Normale,10,80,0,0,0,0,283,01:22:24
2024-11-17 20:01:13,Chest/Back,Tirage vertical prise large,Poulie vis-à-vis,Bilatéral,Normale,9,80,0,0,0,0,283,01:22:24
2024-11-17 20:01:13,Chest/Back,Tirage horizontal assis prise serrée,Machine guidée à poulie,Bilatéral,Normale,8,80,0,0,0,0,283,01:22:24
2024-11-17 20:01:13,Chest/Back,Tirage horizontal assis prise serrée,Machine guidée à poulie,Bilatéral,Normale,8,80,0,0,0,0,283,01:22:24
2024-11-17 20:01:13,Chest/Back,Tirage horizontal assis prise serrée,Machine guidée à poulie,Bilatéral,Normale,8,80,0,0,0,0,283,01:22:24
2024-11-17 20:01:13,Chest/Back,Écarté,Machine guidée à poulie,Bilatéral,Normale,10,72.5,0,0,0,0,283,01:22:24
2024-11-17 20:01:13,Chest/Back,Écarté,Machine guidée à poulie,Bilatéral,Normale,10,72.5,0,0,0,0,283,01:22:24
2024-11-18 20:18:01,Legs/Arms,Presse à cuisses,Machine guidée à levier,Bilatéral,Normale,25,130,0,0,0,0,384,01:33:08
2024-11-18 20:18:01,Legs/Arms,Presse à cuisses,Machine guidée à levier,Bilatéral,Normale,25,130,0,0,0,0,384,01:33:08
2024-11-18 20:18:01,Legs/Arms,Presse à cuisses,Machine guidée à levier,Bilatéral,Normale,25,130,0,0,0,0,384,01:33:08
2024-11-18 20:18:01,Legs/Arms,Presse à cuisses,Machine guidée à levier,Bilatéral,Normale,25,130,0,0,0,0,384,01:33:08
2024-11-18 20:18:01,Legs/Arms,Extension de jambes,Machine guidée à levier,Unilatéral,Normale,10,70,0,0,0,0,384,01:33:08
2024-11-18 20:18:01,Legs/Arms,Extension de jambes,Machine guidée à levier,Unilatéral,Normale,10,70,0,0,0,0,384,01:33:08
2024-11-18 20:18:01,Legs/Arms,Extension de mollet assis,Machine guidée à poulie,Bilatéral,Normale,15,40,0,0,0,0,384,01:33:08
2024-11-18 20:18:01,Legs/Arms,Extension de mollet assis,Machine guidée à poulie,Bilatéral,Normale,15,40,0,0,0,0,384,01:33:08
2024-11-18 20:18:01,Legs/Arms,Extension de mollet assis,Machine guidée à poulie,Bilatéral,Normale,15,40,0,0,0,0,384,01:33:08
2024-11-18 20:18:01,Legs/Arms,Flexion de jambes assis,Machine guidée à poulie,Unilatéral,Normale,12,50,0,0,0,0,384,01:33:08
2024-11-18 20:18:01,Legs/Arms,Flexion de jambes assis,Machine guidée à poulie,Unilatéral,Normale,12,50,0,0,0,0,384,01:33:08
2024-11-18 20:18:01,Legs/Arms,Flexion de jambes assis,Machine guidée à poulie,Unilatéral,Normale,10,50,0,0,0,0,384,01:33:08
2024-11-18 20:18:01,Legs/Arms,Flexion de jambes assis,Machine guidée à poulie,Unilatéral,Normale,11,50,0,0,0,0,384,01:33:08
2024-11-18 20:18:01,Legs/Arms,Extension de bras poulie haute,Poulie vis-à-vis,Bilatéral,Normale,7,40,0,0,0,0,384,01:33:08
2024-11-18 20:18:01,Legs/Arms,Extension de bras poulie haute,Poulie vis-à-vis,Bilatéral,Normale,10,36.25,0,0,0,0,384,01:33:08
2024-11-18 20:18:01,Legs/Arms,Extension de bras poulie haute,Poulie vis-à-vis,Bilatéral,Normale,11,36.25,0,0,0,0,384,01:33:08
2024-11-18 20:18:01,Legs/Arms,Extension de bras poulie haute,Poulie vis-à-vis,Bilatéral,Normale,10,36.25,0,0,0,0,384,01:33:08
2024-11-18 20:18:01,Legs/Arms,Curl biceps supination,Poulie vis-à-vis,Bilatéral,Normale,12,32.5,0,0,0,0,384,01:33:08
2024-11-18 20:18:01,Legs/Arms,Curl biceps supination,Poulie vis-à-vis,Bilatéral,Normale,10,32.5,0,0,0,0,384,01:33:08
2024-11-18 20:18:01,Legs/Arms,Curl biceps supination,Poulie vis-à-vis,Bilatéral,Normale,11,32.5,0,0,0,0,384,01:33:08
2024-11-18 20:18:01,Legs/Arms,Curl biceps supination,Poulie vis-à-vis,Bilatéral,Normale,11,32.5,0,0,0,0,384,01:33:08
2024-11-20 19:59:43,Shoulders/Arms,Curl pupitre,Machine guidée à levier,Bilatéral,Normale,10,35,0,0,0,0,488,01:46:57
2024-11-20 19:59:43,Shoulders/Arms,Curl pupitre,Machine guidée à levier,Bilatéral,Normale,9,35,0,0,0,0,488,01:46:57
2024-11-20 19:59:43,Shoulders/Arms,Curl pupitre,Machine guidée à levier,Bilatéral,Normale,8,35,0,0,0,0,488,01:46:57
2024-11-20 19:59:43,Shoulders/Arms,Curl biceps supination,Poulie vis-à-vis,Unilatéral,Normale,9,15,0,0,0,0,488,01:46:57
2024-11-20 19:59:43,Shoulders/Arms,Curl biceps supination,Poulie vis-à-vis,Unilatéral,Normale,10,15,0,0,0,0,488,01:46:57
2024-11-20 19:59:43,Shoulders/Arms,Curl biceps supination,Poulie vis-à-vis,Unilatéral,Normale,10,15,0,0,0,0,488,01:46:57
2024-11-20 19:59:43,Shoulders/Arms,Curl marteau,Poulie vis-à-vis,Bilatéral,Normale,10,28.75,0,0,0,0,488,01:46:57
2024-11-20 19:59:43,Shoulders/Arms,Curl marteau,Poulie vis-à-vis,Bilatéral,Normale,11,28.75,0,0,0,0,488,01:46:57
2024-11-20 19:59:43,Shoulders/Arms,Extension de bras poulie haute,Poulie vis-à-vis,Bilatéral,Normale,10,40,0,0,0,0,488,01:46:57
2024-11-20 19:59:43,Shoulders/Arms,Extension de bras poulie haute,Poulie vis-à-vis,Bilatéral,Normale,9,40,0,0,0,0,488,01:46:57
2024-11-20 19:59:43,Shoulders/Arms,Extension de bras poulie haute,Poulie vis-à-vis,Bilatéral,Normale,9,40,0,0,0,0,488,01:46:57
2024-11-20 19:59:43,Shoulders/Arms,Extension de bras poulie haute,Poulie vis-à-vis,Bilatéral,Normale,9,40,0,0,0,0,488,01:46:57
2024-11-20 19:59:43,Shoulders/Arms,Extension verticale,Poulie vis-à-vis,Bilatéral,Normale,9,28.75,0,0,0,0,488,01:46:57
2024-11-20 19:59:43,Shoulders/Arms,Extension verticale,Poulie vis-à-vis,Bilatéral,Normale,9,28.75,0,0,0,0,488,01:46:57
2024-11-20 19:59:43,Shoulders/Arms,Extension de bras penché en avant,Poulie vis-à-vis,Unilatéral,Normale,12,7.5,0,0,0,0,488,01:46:57
2024-11-20 19:59:43,Shoulders/Arms,Extension de bras penché en avant,Poulie vis-à-vis,Unilatéral,Normale,13,7.5,0,0,0,0,488,01:46:57
2024-11-20 19:59:43,Shoulders/Arms,Rear Delt Fly,Machine guidée à poulie,Unilatéral,Normale,15,20,0,0,0,0,488,01:46:57
2024-11-20 19:59:43,Shoulders/Arms,Rear Delt Fly,Machine guidée à poulie,Unilatéral,Normale,15,20,0,0,0,0,488,01:46:57
2024-11-20 19:59:43,Shoulders/Arms,Élévation latérale,Haltères,Bilatéral,Normale,12,12,0,0,0,0,488,01:46:57
2024-11-20 19:59:43,Shoulders/Arms,Élévation latérale,Haltères,Bilatéral,Normale,11,12,0,0,0,0,488,01:46:57
2024-11-20 19:59:43,Shoulders/Arms,Élévation latérale,Haltères,Bilatéral,Normale,13,10,0,0,0,0,488,01:46:57
2024-11-20 19:59:43,Shoulders/Arms,Élévation latérale,Haltères,Bilatéral,Normale,11,10,0,0,0,0,488,01:46:57
2024-11-20 19:59:43,Shoulders/Arms,Flexion de poignet,Haltères,Unilatéral,Normale,22,8,0,0,0,0,488,01:46:57
2024-11-20 19:59:43,Shoulders/Arms,Flexion de poignet,Haltères,Unilatéral,Normale,17,8,0,0,0,0,488,01:46:57
2024-11-20 19:59:43,Shoulders/Arms,Flexion de poignet,Haltères,Unilatéral,Normale,17,8,0,0,0,0,488,01:46:57
2024-11-20 19:59:43,Shoulders/Arms,Flexion de poignet,Haltères,Unilatéral,Normale,16,8,0,0,0,0,488,01:46:57
2024-11-22 20:00:38,Up,Tirage horizontal prise large,Barre,Bilatéral,Normale,8,70,0,0,0,0,298,01:36:13
2024-11-22 20:00:38,Up,Tirage horizontal prise large,Barre,Bilatéral,Normale,8,70,0,0,0,0,298,01:36:13
2024-11-22 20:00:38,Up,Tirage horizontal prise large,Barre,Bilatéral,Normale,8,70,0,0,0,0,298,01:36:13
2024-11-22 20:00:38,Up,Tirage vertical prise large,Poulie vis-à-vis,Bilatéral,Normale,12,80,0,0,0,0,298,01:36:13
2024-11-22 20:00:38,Up,Tirage vertical prise large,Poulie vis-à-vis,Bilatéral,Normale,8,90,0,0,0,0,298,01:36:13
2024-11-22 20:00:38,Up,Tirage vertical prise large,Poulie vis-à-vis,Bilatéral,Normale,7,90,0,0,0,0,298,01:36:13
2024-11-22 20:00:38,Up,Tirage visage,Poulie vis-à-vis,Bilatéral,Normale,15,25,0,0,0,0,298,01:36:13
2024-11-22 20:00:38,Up,Tirage visage,Poulie vis-à-vis,Bilatéral,Normale,15,25,0,0,0,0,298,01:36:13
2024-11-22 20:00:38,Up,Développé incliné,Barre,Bilatéral,Normale,10,70,0,0,0,0,298,01:36:13
2024-11-22 20:00:38,Up,Développé incliné,Barre,Bilatéral,Normale,10,70,0,0,0,0,298,01:36:13
2024-11-22 20:00:38,Up,Développé incliné,Barre,Bilatéral,Normale,9,70,0,0,0,0,298,01:36:13
2024-11-22 20:00:38,Up,Développé couché,Machine guidée à levier,Bilatéral,Normale,12,80,0,0,0,0,298,01:36:13
2024-11-22 20:00:38,Up,Développé couché,Machine guidée à levier,Bilatéral,Normale,8,80,0,0,0,0,298,01:36:13
2024-11-22 20:00:38,Up,Développé couché,Machine guidée à levier,Bilatéral,Normale,8,80,0,0,0,0,298,01:36:13
2024-11-22 20:00:38,Up,Développé militaire,Barre,Bilatéral,Normale,10,45,0,0,0,0,298,01:36:13
2024-11-22 20:00:38,Up,Développé militaire,Barre,Bilatéral,Normale,7,45,0,0,0,0,298,01:36:13
2024-11-22 20:00:38,Up,Développé militaire,Barre,Bilatéral,Normale,9,45,0,0,0,0,298,01:36:13
2024-11-23 20:05:10,Legs/Arms,Presse à cuisses,Machine guidée à levier,Bilatéral,Normale,25,150,0,0,0,0,426,01:47:12
2024-11-23 20:05:10,Legs/Arms,Presse à cuisses,Machine guidée à levier,Bilatéral,Normale,25,150,0,0,0,0,426,01:47:12
2024-11-23 20:05:10,Legs/Arms,Presse à cuisses,Machine guidée à levier,Bilatéral,Normale,25,150,0,0,0,0,426,01:47:12
2024-11-23 20:05:10,Legs/Arms,Presse à cuisses,Machine guidée à levier,Bilatéral,Normale,25,150,0,0,0,0,426,01:47:12
2024-11-23 20:05:10,Legs/Arms,Flexion de jambes assis,Machine guidée à poulie,Bilatéral,Normale,15,72.5,0,0,0,0,426,01:47:12
2024-11-23 20:05:10,Legs/Arms,Flexion de jambes assis,Machine guidée à poulie,Bilatéral,Normale,14,72.5,0,0,0,0,426,01:47:12
2024-11-23 20:05:10,Legs/Arms,Extension de bras poulie haute,Poulie vis-à-vis,Bilatéral,Normale,9,40,0,0,0,0,426,01:47:12
2024-11-23 20:05:10,Legs/Arms,Extension de bras poulie haute,Poulie vis-à-vis,Bilatéral,Normale,8,40,0,0,0,0,426,01:47:12
2024-11-23 20:05:10,Legs/Arms,Extension de bras poulie haute,Poulie vis-à-vis,Bilatéral,Normale,12,36.25,0,0,0,0,426,01:47:12
2024-11-23 20:05:10,Legs/Arms,Extension de bras poulie haute,Poulie vis-à-vis,Bilatéral,Normale,12,36.25,0,0,0,0,426,01:47:12
2024-11-23 20:05:10,Legs/Arms,Curl biceps supination,Poulie vis-à-vis,Bilatéral,Normale,13,32.5,0,0,0,0,426,01:47:12
2024-11-23 20:05:10,Legs/Arms,Curl biceps supination,Poulie vis-à-vis,Bilatéral,Normale,10,36.25,0,0,0,0,426,01:47:12
2024-11-23 20:05:10,Legs/Arms,Curl biceps supination,Poulie vis-à-vis,Bilatéral,Normale,10,36.25,0,0,0,0,426,01:47:12
2024-11-23 20:05:10,Legs/Arms,Curl biceps supination,Poulie vis-à-vis,Bilatéral,Normale,10,36.25,0,0,0,0,426,01:47:12
2024-11-23 20:05:10,Legs/Arms,Élévation latérale,Poulie vis-à-vis,Unilatéral,Normale,14,7.5,0,0,0,0,426,01:47:12
2024-11-23 20:05:10,Legs/Arms,Élévation latérale,Poulie vis-à-vis,Unilatéral,Normale,14,7.5,0,0,0,0,426,01:47:12
2024-11-23 20:05:10,Legs/Arms,Élévation latérale,Poulie vis-à-vis,Unilatéral,Normale,13,7.5,0,0,0,0,426,01:47:12
2024-11-23 20:05:10,Legs/Arms,Élévation latérale,Poulie vis-à-vis,Unilatéral,Normale,12,7.5,0,0,0,0,426,01:47:12
2024-11-23 20:05:10,Legs/Arms,Extension de jambes,Machine guidée à poulie,Bilatéral,Normale,12,102.5,0,0,0,0,426,01:47:12
2024-11-23 20:05:10,Legs/Arms,Extension de jambes,Machine guidée à poulie,Bilatéral,Normale,12,102.5,0,0,0,0,426,01:47:12
2024-11-23 20:05:10,Legs/Arms,Extension de mollet assis,Machine guidée à poulie,Bilatéral,Normale,15,40,0,0,0,0,426,01:47:12
2024-11-23 20:05:10,Legs/Arms,Extension de mollet assis,Machine guidée à poulie,Bilatéral,Normale,15,40,0,0,0,0,426,01:47:12
2024-11-23 20:05:10,Legs/Arms,Extension de mollet assis,Machine guidée à poulie,Bilatéral,Normale,15,40,0,0,0,0,426,01:47:12
2024-11-25 19:58:59,Chest/Back,Développé incliné,Haltères,Bilatéral,Normale,12,30,0,0,0,0,283,01:26:11
2024-11-25 19:58:59,Chest/Back,Développé incliné,Haltères,Bilatéral,Normale,9,30,0,0,0,0,283,01:26:11
2024-11-25 19:58:59,Chest/Back,Développé incliné,Haltères,Bilatéral,Normale,9,30,0,0,0,0,283,01:26:11
2024-11-25 19:58:59,Chest/Back,Traction prise large,Disque,Bilatéral,Normale,9,8,0,0,0,0,283,01:26:11
2024-11-25 19:58:59,Chest/Back,Traction prise large,Disque,Bilatéral,Normale,9,8,0,0,0,0,283,01:26:11
2024-11-25 19:58:59,Chest/Back,Traction prise large,Disque,Bilatéral,Normale,8,8,0,0,0,0,283,01:26:11
2024-11-25 19:58:59,Chest/Back,Développé incliné,Barre,Bilatéral,Normale,9,70,0,0,0,0,283,01:26:11
2024-11-25 19:58:59,Chest/Back,Développé incliné,Barre,Bilatéral,Normale,8,70,0,0,0,0,283,01:26:11
2024-11-25 19:58:59,Chest/Back,Développé incliné,Barre,Bilatéral,Normale,8,70,0,0,0,0,283,01:26:11
2024-11-25 19:58:59,Chest/Back,Tirage horizontal assis prise serrée,Machine guidée à poulie,Bilatéral,Normale,9,80,0,0,0,0,283,01:26:11
2024-11-25 19:58:59,Chest/Back,Tirage horizontal assis prise serrée,Machine guidée à poulie,Bilatéral,Normale,8,80,0,0,0,0,283,01:26:11
2024-11-25 19:58:59,Chest/Back,Tirage horizontal assis prise serrée,Machine guidée à poulie,Bilatéral,Normale,9,80,0,0,0,0,283,01:26:11
2024-11-25 19:58:59,Chest/Back,Tirage vertical prise large,Poulie vis-à-vis,Bilatéral,Normale,9,80,0,0,0,0,283,01:26:11
2024-11-25 19:58:59,Chest/Back,Tirage vertical prise large,Poulie vis-à-vis,Bilatéral,Normale,8,80,0,0,0,0,283,01:26:11
2024-11-25 19:58:59,Chest/Back,Développé couché,Machine guidée à levier,Bilatéral,Normale,10,70,0,0,0,0,283,01:26:11
2024-11-25 19:58:59,Chest/Back,Développé couché,Machine guidée à levier,Bilatéral,Normale,10,70,0,0,0,0,283,01:26:11
2024-11-27 20:02:19,Shoulders/Arms,Extension de bras poulie haute,Poulie vis-à-vis,Bilatéral,Normale,11,40,0,0,0,0,482,01:37:53
2024-11-27 20:02:19,Shoulders/Arms,Extension de bras poulie haute,Poulie vis-à-vis,Bilatéral,Normale,10,40,0,0,0,0,482,01:37:53
2024-11-27 20:02:19,Shoulders/Arms,Extension de bras poulie haute,Poulie vis-à-vis,Bilatéral,Normale,10,40,0,0,0,0,482,01:37:53
2024-11-27 20:02:19,Shoulders/Arms,Extension de bras poulie haute,Poulie vis-à-vis,Bilatéral,Normale,10,40,0,0,0,0,482,01:37:53
2024-11-27 20:02:19,Shoulders/Arms,Extension verticale,Poulie vis-à-vis,Bilatéral,Normale,9,28.75,0,0,0,0,482,01:37:53
2024-11-27 20:02:19,Shoulders/Arms,Extension verticale,Poulie vis-à-vis,Bilatéral,Normale,16,25,0,0,0,0,482,01:37:53
2024-11-27 20:02:19,Shoulders/Arms,Curl biceps supination,Poulie vis-à-vis,Bilatéral,Normale,9,36.25,0,0,0,0,482,01:37:53
2024-11-27 20:02:19,Shoulders/Arms,Curl biceps supination,Poulie vis-à-vis,Bilatéral,Normale,10,36.25,0,0,0,0,482,01:37:53
2024-11-27 20:02:19,Shoulders/Arms,Curl biceps supination,Poulie vis-à-vis,Bilatéral,Normale,10,36.25,0,0,0,0,482,01:37:53
2024-11-27 20:02:19,Shoulders/Arms,Extension de bras penché en avant,Poulie vis-à-vis,Unilatéral,Normale,11,10,0,0,0,0,482,01:37:53
2024-11-27 20:02:19,Shoulders/Arms,Extension de bras penché en avant,Poulie vis-à-vis,Unilatéral,Normale,10,10,0,0,0,0,482,01:37:53
2024-11-27 20:02:19,Shoulders/Arms,Curl biceps supination,Poulie vis-à-vis,Unilatéral,Normale,12,15,0,0,0,0,482,01:37:53
2024-11-27 20:02:19,Shoulders/Arms,Curl biceps supination,Poulie vis-à-vis,Unilatéral,Normale,12,15,0,0,0,0,482,01:37:53
2024-11-27 20:02:19,Shoulders/Arms,Curl biceps supination,Poulie vis-à-vis,Unilatéral,Normale,11,15,0,0,0,0,482,01:37:53
2024-11-27 20:02:19,Shoulders/Arms,Curl marteau,Poulie vis-à-vis,Bilatéral,Normale,11,28.75,0,0,0,0,482,01:37:53
2024-11-27 20:02:19,Shoulders/Arms,Curl marteau,Poulie vis-à-vis,Bilatéral,Normale,10,28.75,0,0,0,0,482,01:37:53
2024-11-27 20:02:19,Shoulders/Arms,Élévation latérale,Haltères,Bilatéral,Normale,12,12,0,0,0,0,482,01:37:53
2024-11-27 20:02:19,Shoulders/Arms,Élévation latérale,Haltères,Bilatéral,Normale,12,12,0,0,0,0,482,01:37:53
2024-11-27 20:02:19,Shoulders/Arms,Élévation latérale,Haltères,Bilatéral,Normale,11,12,0,0,0,0,482,01:37:53
2024-11-27 20:02:19,Shoulders/Arms,Élévation latérale,Haltères,Bilatéral,Normale,12,10,0,0,0,0,482,01:37:53
2024-11-27 20:02:19,Shoulders/Arms,Flexion de poignet,Haltères,Unilatéral,Normale,15,10,0,0,0,0,482,01:37:53
2024-11-27 20:02:19,Shoulders/Arms,Flexion de poignet,Haltères,Unilatéral,Normale,12,10,0,0,0,0,482,01:37:53
2024-11-27 20:02:19,Shoulders/Arms,Flexion de poignet,Haltères,Unilatéral,Normale,15,8,0,0,0,0,482,01:37:53
2024-11-27 20:02:19,Shoulders/Arms,Flexion de poignet,Haltères,Unilatéral,Normale,15,8,0,0,0,0,482,01:37:53
2024-11-27 20:02:19,Shoulders/Arms,Rear Delt Fly,Haltères,Unilatéral,Normale,12,8,0,0,0,0,482,01:37:53
2024-11-27 20:02:19,Shoulders/Arms,Rear Delt Fly,Haltères,Unilatéral,Normale,12,6,0,0,0,0,482,01:37:53
2024-11-28 20:04:01,Legs/Arms,Extension de bras poulie haute,Poulie vis-à-vis,Bilatéral,Normale,10,40,0,0,0,0,339,01:45:49
2024-11-28 20:04:01,Legs/Arms,Extension de bras poulie haute,Poulie vis-à-vis,Bilatéral,Normale,10,40,0,0,0,0,339,01:45:49
2024-11-28 20:04:01,Legs/Arms,Extension de bras poulie haute,Poulie vis-à-vis,Bilatéral,Normale,12,36.25,0,0,0,0,339,01:45:49
2024-11-28 20:04:01,Legs/Arms,Extension de bras poulie haute,Poulie vis-à-vis,Bilatéral,Normale,12,36.25,0,0,0,0,339,01:45:49
2024-11-28 20:04:01,Legs/Arms,Curl biceps supination,Poulie vis-à-vis,Bilatéral,Normale,10,36.25,0,0,0,0,339,01:45:49
2024-11-28 20:04:01,Legs/Arms,Curl biceps supination,Poulie vis-à-vis,Bilatéral,Normale,10,36.25,0,0,0,0,339,01:45:49
2024-11-28 20:04:01,Legs/Arms,Curl biceps supination,Poulie vis-à-vis,Bilatéral,Normale,10,36.25,0,0,0,0,339,01:45:49
2024-11-28 20:04:01,Legs/Arms,Curl biceps supination,Poulie vis-à-vis,Bilatéral,Normale,9,36.25,0,0,0,0,339,01:45:49
2024-11-28 20:04:01,Legs/Arms,Élévation latérale,Poulie vis-à-vis,Unilatéral,Normale,15,7.5,0,0,0,0,339,01:45:49
2024-11-28 20:04:01,Legs/Arms,Élévation latérale,Poulie vis-à-vis,Unilatéral,Normale,14,7.5,0,0,0,0,339,01:45:49
2024-11-28 20:04:01,Legs/Arms,Élévation latérale,Poulie vis-à-vis,Unilatéral,Normale,14,7.5,0,0,0,0,339,01:45:49
2024-11-28 20:04:01,Legs/Arms,Élévation latérale,Poulie vis-à-vis,Unilatéral,Normale,13,7.5,0,0,0,0,339,01:45:49
2024-11-28 20:04:01,Legs/Arms,Flexion de jambes assis,Machine guidée à poulie,Bilatéral,Normale,12,75,0,0,0,0,339,01:45:49
2024-11-28 20:04:01,Legs/Arms,Flexion de jambes assis,Machine guidée à poulie,Bilatéral,Normale,13,75,0,0,0,0,339,01:45:49
2024-11-28 20:04:01,Legs/Arms,Flexion de jambes assis,Machine guidée à poulie,Bilatéral,Normale,13,75,0,0,0,0,339,01:45:49
2024-11-28 20:04:01,Legs/Arms,Flexion de jambes assis,Machine guidée à poulie,Bilatéral,Normale,12,75,0,0,0,0,339,01:45:49
2024-11-28 20:04:01,Legs/Arms,Presse à cuisses,Machine guidée à levier,Bilatéral,Normale,25,170,0,0,0,0,339,01:45:49
2024-11-28 20:04:01,Legs/Arms,Presse à cuisses,Machine guidée à levier,Bilatéral,Normale,20,170,0,0,0,0,339,01:45:49
2024-11-28 20:04:01,Legs/Arms,Presse à cuisses,Machine guidée à levier,Bilatéral,Normale,22,170,0,0,0,0,339,01:45:49
2024-12-01 20:02:53,Up,Tirage horizontal prise large,Barre,Bilatéral,Normale,9,70,0,0,0,0,296,01:58:50
2024-12-01 20:02:53,Up,Tirage horizontal prise large,Barre,Bilatéral,Normale,8,70,0,0,0,0,296,01:58:50
2024-12-01 20:02:53,Up,Tirage horizontal prise large,Barre,Bilatéral,Normale,8,70,0,0,0,0,296,01:58:50
2024-12-01 20:02:53,Up,Tirage vertical prise large,Poulie vis-à-vis,Bilatéral,Normale,8,90,0,0,0,0,296,01:58:50
2024-12-01 20:02:53,Up,Tirage vertical prise large,Poulie vis-à-vis,Bilatéral,Normale,8,90,0,0,0,0,296,01:58:50
2024-12-01 20:02:53,Up,Tirage vertical prise large,Poulie vis-à-vis,Bilatéral,Normale,8,90,0,0,0,0,296,01:58:50
2024-12-01 20:02:53,Up,Tirage visage,Poulie vis-à-vis,Bilatéral,Normale,12,28.75,0,0,0,0,296,01:58:50
2024-12-01 20:02:53,Up,Tirage visage,Poulie vis-à-vis,Bilatéral,Normale,10,28.75,0,0,0,0,296,01:58:50
2024-12-01 20:02:53,Up,Développé incliné,Machine guidée à levier,Bilatéral,Normale,11,85,0,0,0,0,296,01:58:50
2024-12-01 20:02:53,Up,Développé incliné,Machine guidée à levier,Bilatéral,Normale,10,85,0,0,0,0,296,01:58:50
2024-12-01 20:02:53,Up,Développé incliné,Machine guidée à levier,Bilatéral,Normale,9,85,0,0,0,0,296,01:58:50
2024-12-01 20:02:53,Up,Développé couché,Machine guidée à levier,Bilatéral,Normale,9,80,0,0,0,0,296,01:58:50
2024-12-01 20:02:53,Up,Développé couché,Machine guidée à levier,Bilatéral,Normale,9,80,0,0,0,0,296,01:58:50
2024-12-01 20:02:53,Up,Développé couché,Machine guidée à levier,Bilatéral,Normale,10,80,0,0,0,0,296,01:58:50
2024-12-01 20:02:53,Up,Développé militaire,Barre,Bilatéral,Normale,9,47.5,0,0,0,0,296,01:58:50
2024-12-01 20:02:53,Up,Développé militaire,Barre,Bilatéral,Normale,9,47.5,0,0,0,0,296,01:58:50
2024-12-01 20:02:53,Up,Développé militaire,Barre,Bilatéral,Normale,8,47.5,0,0,0,0,296,01:58:50
2024-12-02 20:04:20,Legs/Arms,Presse à cuisses,Machine guidée à levier,Bilatéral,Normale,20,190,0,0,0,0,417,01:53:08
2024-12-02 20:04:20,Legs/Arms,Presse à cuisses,Machine guidée à levier,Bilatéral,Normale,20,190,0,0,0,0,417,01:53:08
2024-12-02 20:04:20,Legs/Arms,Presse à cuisses,Machine guidée à levier,Bilatéral,Normale,20,190,0,0,0,0,417,01:53:08
2024-12-02 20:04:20,Legs/Arms,Presse à cuisses,Machine guidée à levier,Bilatéral,Normale,22,190,0,0,0,0,417,01:53:08
2024-12-02 20:04:20,Legs/Arms,Curl pupitre,Machine guidée à levier,Bilatéral,Normale,10,35,0,0,0,0,417,01:53:08
2024-12-02 20:04:20,Legs/Arms,Curl pupitre,Machine guidée à levier,Bilatéral,Normale,9,35,0,0,0,0,417,01:53:08
2024-12-02 20:04:20,Legs/Arms,Curl biceps supination,Poulie vis-à-vis,Bilatéral,Normale,9,36.25,0,0,0,0,417,01:53:08
2024-12-02 20:04:20,Legs/Arms,Curl biceps supination,Poulie vis-à-vis,Bilatéral,Normale,9,36.25,0,0,0,0,417,01:53:08
2024-12-02 20:04:20,Legs/Arms,Extension de bras poulie haute,Poulie vis-à-vis,Bilatéral,Normale,10,40,0,0,0,0,417,01:53:08
2024-12-02 20:04:20,Legs/Arms,Extension de bras poulie haute,Poulie vis-à-vis,Bilatéral,Normale,8,40,0,0,0,0,417,01:53:08
2024-12-02 20:04:20,Legs/Arms,Extension de bras poulie haute,Poulie vis-à-vis,Bilatéral,Normale,11,36.25,0,0,0,0,417,01:53:08
2024-12-02 20:04:20,Legs/Arms,Extension de bras poulie haute,Poulie vis-à-vis,Bilatéral,Normale,11,36.25,0,0,0,0,417,01:53:08
2024-12-02 20:04:20,Legs/Arms,Flexion de jambes assis,Machine guidée à poulie,Bilatéral,Normale,12,77.5,0,0,0,0,417,01:53:08
2024-12-02 20:04:20,Legs/Arms,Flexion de jambes assis,Machine guidée à poulie,Bilatéral,Normale,12,77.5,0,0,0,0,417,01:53:08
2024-12-02 20:04:20,Legs/Arms,Flexion de jambes assis,Machine guidée à poulie,Bilatéral,Normale,12,77.5,0,0,0,0,417,01:53:08
2024-12-02 20:04:20,Legs/Arms,Flexion de jambes assis,Machine guidée à poulie,Bilatéral,Normale,10,77.5,0,0,0,0,417,01:53:08
2024-12-02 20:04:20,Legs/Arms,Extension de mollet assis,Machine guidée à poulie,Bilatéral,Normale,15,40,0,0,0,0,417,01:53:08
2024-12-02 20:04:20,Legs/Arms,Extension de mollet assis,Machine guidée à poulie,Bilatéral,Normale,15,40,0,0,0,0,417,01:53:08
2024-12-02 20:04:20,Legs/Arms,Extension de mollet assis,Machine guidée à poulie,Bilatéral,Normale,15,40,0,0,0,0,417,01:53:08
2024-12-02 20:04:20,Legs/Arms,Extension de mollet assis,Machine guidée à poulie,Bilatéral,Normale,15,40,0,0,0,0,417,01:53:08
2024-12-02 20:04:20,Legs/Arms,Élévation latérale,Haltères,Bilatéral,Normale,10,12,0,0,0,0,417,01:53:08
2024-12-02 20:04:20,Legs/Arms,Élévation latérale,Haltères,Bilatéral,Normale,11,12,0,0,0,0,417,01:53:08
2024-12-02 20:04:20,Legs/Arms,Élévation latérale,Haltères,Bilatéral,Normale,10,12,0,0,0,0,417,01:53:08
2024-12-02 20:04:20,Legs/Arms,Élévation latérale,Haltères,Bilatéral,Normale,10,12,0,0,0,0,417,01:53:08
2024-12-04 20:03:58,Chest/Back,Développé incliné,Barre,Bilatéral,Normale,10,70,0,0,0,0,440,01:37:05
2024-12-04 20:03:58,Chest/Back,Développé incliné,Barre,Bilatéral,Normale,10,70,0,0,0,0,440,01:37:05
2024-12-04 20:03:58,Chest/Back,Développé incliné,Barre,Bilatéral,Normale,10,70,0,0,0,0,440,01:37:05
2024-12-04 20:03:58,Chest/Back,Traction prise large,Disque,Bilatéral,Normale,10,8,0,0,0,0,440,01:37:05
2024-12-04 20:03:58,Chest/Back,Traction prise large,Disque,Bilatéral,Normale,8,8,0,0,0,0,440,01:37:05
2024-12-04 20:03:58,Chest/Back,Traction prise large,Disque,Bilatéral,Normale,9,8,0,0,0,0,440,01:37:05
2024-12-04 20:03:58,Chest/Back,Tirage horizontal assis prise serrée,Machine guidée à poulie,Bilatéral,Normale,9,80,0,0,0,0,440,01:37:05
2024-12-04 20:03:58,Chest/Back,Tirage horizontal assis prise serrée,Machine guidée à poulie,Bilatéral,Normale,8,80,0,0,0,0,440,01:37:05
2024-12-04 20:03:58,Chest/Back,Tirage horizontal assis prise serrée,Machine guidée à poulie,Bilatéral,Normale,8,80,0,0,0,0,440,01:37:05
2024-12-04 20:03:58,Chest/Back,Tirage vertical prise large,Poulie vis-à-vis,Bilatéral,Normale,9,80,0,0,0,0,440,01:37:05
2024-12-04 20:03:58,Chest/Back,Tirage vertical prise large,Poulie vis-à-vis,Bilatéral,Normale,8,80,0,0,0,0,440,01:37:05
2024-12-04 20:03:58,Chest/Back,Développé incliné,Machine guidée à levier,Bilatéral,Normale,9,85,0,0,0,0,440,01:37:05
2024-12-04 20:03:58,Chest/Back,Développé incliné,Machine guidée à levier,Bilatéral,Normale,9,85,0,0,0,0,440,01:37:05
2024-12-04 20:03:58,Chest/Back,Développé incliné,Machine guidée à levier,Bilatéral,Normale,7,85,0,0,0,0,440,01:37:05
2024-12-04 20:03:58,Chest/Back,Écarté,Haltères,Bilatéral,Normale,10,10,0,0,0,0,440,01:37:05
2024-12-04 20:03:58,Chest/Back,Écarté,Haltères,Bilatéral,Normale,10,10,0,0,0,0,440,01:37:05
2024-12-04 20:03:58,Chest/Back,Écarté,Haltères,Bilatéral,Normale,10,10,0,0,0,0,440,01:37:05
2024-12-04 20:03:58,Chest/Back,Tapis de course,,,Normale,0,0,600,1.55,0,0,440,01:37:05
2024-12-05 20:07:34,Shoulders/Arms,Dips prise serrée,Poids du corps,Bilatéral,Normale,10,10,0,0,0,0,629,01:39:37
2024-12-05 20:07:34,Shoulders/Arms,Dips prise serrée,Poids du corps,Bilatéral,Normale,8,15,0,0,0,0,629,01:39:37
2024-12-05 20:07:34,Shoulders/Arms,Dips prise serrée,Poids du corps,Bilatéral,Normale,8,15,0,0,0,0,629,01:39:37
2024-12-05 20:07:34,Shoulders/Arms,Extension de bras poulie haute,Poulie vis-à-vis,Bilatéral,Normale,9,40,0,0,0,0,629,01:39:37
2024-12-05 20:07:34,Shoulders/Arms,Extension de bras poulie haute,Poulie vis-à-vis,Bilatéral,Normale,8,40,0,0,0,0,629,01:39:37
2024-12-05 20:07:34,Shoulders/Arms,Extension de bras poulie haute,Poulie vis-à-vis,Bilatéral,Normale,8,40,0,0,0,0,629,01:39:37
2024-12-05 20:07:34,Shoulders/Arms,Curl biceps supination,Poulie vis-à-vis,Bilatéral,Normale,10,36.25,0,0,0,0,629,01:39:37
2024-12-05 20:07:34,Shoulders/Arms,Curl biceps supination,Poulie vis-à-vis,Bilatéral,Normale,10,36.25,0,0,0,0,629,01:39:37
2024-12-05 20:07:34,Shoulders/Arms,Curl biceps supination,Poulie vis-à-vis,Bilatéral,Normale,10,36.25,0,0,0,0,629,01:39:37
2024-12-05 20:07:34,Shoulders/Arms,Curl biceps supination,Poulie vis-à-vis,Unilatéral,Normale,11,15,0,0,0,0,629,01:39:37
2024-12-05 20:07:34,Shoulders/Arms,Curl biceps supination,Poulie vis-à-vis,Unilatéral,Normale,11,15,0,0,0,0,629,01:39:37
2024-12-05 20:07:34,Shoulders/Arms,Curl biceps supination,Poulie vis-à-vis,Unilatéral,Normale,11,15,0,0,0,0,629,01:39:37
2024-12-05 20:07:34,Shoulders/Arms,Extension de bras penché en avant,Poulie vis-à-vis,Unilatéral,Normale,12,10,0,0,0,0,629,01:39:37
2024-12-05 20:07:34,Shoulders/Arms,Extension de bras penché en avant,Poulie vis-à-vis,Unilatéral,Normale,14,10,0,0,0,0,629,01:39:37
2024-12-05 20:07:34,Shoulders/Arms,Curl marteau,Haltères,Bilatéral,Normale,9,20,0,0,0,0,629,01:39:37
2024-12-05 20:07:34,Shoulders/Arms,Curl marteau,Haltères,Bilatéral,Normale,10,18,0,0,0,0,629,01:39:37
2024-12-05 20:07:34,Shoulders/Arms,Élévation latérale,Haltères,Bilatéral,Normale,12,12,0,0,0,0,629,01:39:37
2024-12-05 20:07:34,Shoulders/Arms,Élévation latérale,Haltères,Bilatéral,Normale,11,12,0,0,0,0,629,01:39:37
2024-12-05 20:07:34,Shoulders/Arms,Élévation latérale,Haltères,Bilatéral,Normale,12,12,0,0,0,0,629,01:39:37
2024-12-05 20:07:34,Shoulders/Arms,Élévation latérale,Haltères,Bilatéral,Normale,14,10,0,0,0,0,629,01:39:37
2024-12-05 20:07:34,Shoulders/Arms,Flexion de poignet,Haltères,Unilatéral,Normale,15,10,0,0,0,0,629,01:39:37
2024-12-05 20:07:34,Shoulders/Arms,Flexion de poignet,Haltères,Unilatéral,Normale,12,10,0,0,0,0,629,01:39:37
2024-12-05 20:07:34,Shoulders/Arms,Flexion de poignet,Haltères,Unilatéral,Normale,15,8,0,0,0,0,629,01:39:37
2024-12-05 20:07:34,Shoulders/Arms,Flexion de poignet,Haltères,Unilatéral,Normale,15,8,0,0,0,0,629,01:39:37
2024-12-05 20:07:34,Shoulders/Arms,Rear Delt Fly,Haltères,Unilatéral,Normale,16,6,0,0,0,0,629,01:39:37
2024-12-05 20:07:34,Shoulders/Arms,Rear Delt Fly,Haltères,Unilatéral,Normale,16,6,0,0,0,0,629,01:39:37
2024-12-05 20:07:34,Shoulders/Arms,Tapis de course,,,Normale,0,0,600,1.69,0,0,629,01:39:37
2024-12-08 20:02:16,Legs/Arms,Presse à cuisses,Machine guidée à levier,Bilatéral,Normale,17,200,0,0,0,0,467,01:52:52
2024-12-08 20:02:16,Legs/Arms,Presse à cuisses,Machine guidée à levier,Bilatéral,Normale,17,200,0,0,0,0,467,01:52:52
2024-12-08 20:02:16,Legs/Arms,Presse à cuisses,Machine guidée à levier,Bilatéral,Normale,15,200,0,0,0,0,467,01:52:52
2024-12-08 20:02:16,Legs/Arms,Presse à cuisses,Machine guidée à levier,Bilatéral,Normale,15,200,0,0,0,0,467,01:52:52
2024-12-08 20:02:16,Legs/Arms,Extension de jambes,Machine guidée à levier,Bilatéral,Normale,12,70,0,0,0,0,467,01:52:52
2024-12-08 20:02:16,Legs/Arms,Extension de jambes,Machine guidée à levier,Bilatéral,Normale,10,70,0,0,0,0,467,01:52:52
2024-12-08 20:02:16,Legs/Arms,Extension de bras poulie haute,Poulie vis-à-vis,Bilatéral,Normale,9,40,0,0,0,0,467,01:52:52
2024-12-08 20:02:16,Legs/Arms,Extension de bras poulie haute,Poulie vis-à-vis,Bilatéral,Normale,10,40,0,0,0,0,467,01:52:52
2024-12-08 20:02:16,Legs/Arms,Extension de bras poulie haute,Poulie vis-à-vis,Bilatéral,Normale,9,40,0,0,0,0,467,01:52:52
2024-12-08 20:02:16,Legs/Arms,Extension de bras poulie haute,Poulie vis-à-vis,Bilatéral,Normale,10,36.25,0,0,0,0,467,01:52:52
2024-12-08 20:02:16,Legs/Arms,Flexion de jambes assis,Machine guidée à poulie,Bilatéral,Normale,13,77.5,0,0,0,0,467,01:52:52
2024-12-08 20:02:16,Legs/Arms,Flexion de jambes assis,Machine guidée à poulie,Bilatéral,Normale,12,77.5,0,0,0,0,467,01:52:52
2024-12-08 20:02:16,Legs/Arms,Flexion de jambes assis,Machine guidée à poulie,Bilatéral,Normale,11,77.5,0,0,0,0,467,01:52:52
2024-12-08 20:02:16,Legs/Arms,Flexion de jambes assis,Machine guidée à poulie,Bilatéral,Normale,11,77.5,0,0,0,0,467,01:52:52
2024-12-08 20:02:16,Legs/Arms,Curl pupitre,Machine guidée à levier,Bilatéral,Normale,11,35,0,0,0,0,467,01:52:52
2024-12-08 20:02:16,Legs/Arms,Curl pupitre,Machine guidée à levier,Bilatéral,Normale,10,35,0,0,0,0,467,01:52:52
2024-12-08 20:02:16,Legs/Arms,Curl biceps supination,Haltères,Unilatéral,Normale,7,18,0,0,0,0,467,01:52:52
2024-12-08 20:02:16,Legs/Arms,Curl biceps supination,Haltères,Unilatéral,Normale,8,18,0,0,0,0,467,01:52:52
2024-12-08 20:02:16,Legs/Arms,Élévation latérale,Haltères,Bilatéral,Normale,12,12,0,0,0,0,467,01:52:52
2024-12-08 20:02:16,Legs/Arms,Élévation latérale,Haltères,Bilatéral,Normale,11,12,0,0,0,0,467,01:52:52
2024-12-08 20:02:16,Legs/Arms,Élévation latérale,Haltères,Bilatéral,Normale,11,12,0,0,0,0,467,01:52:52
2024-12-08 20:02:16,Legs/Arms,Élévation latérale,Haltères,Bilatéral,Normale,11,12,0,0,0,0,467,01:52:52
2024-12-08 20:02:16,Legs/Arms,Extension de mollet assis,Machine guidée à poulie,Bilatéral,Normale,15,40,0,0,0,0,467,01:52:52
2024-12-08 20:02:16,Legs/Arms,Extension de mollet assis,Machine guidée à poulie,Bilatéral,Normale,15,40,0,0,0,0,467,01:52:52
2024-12-08 20:02:16,Legs/Arms,Extension de mollet assis,Machine guidée à poulie,Bilatéral,Normale,15,40,0,0,0,0,467,01:52:52
2024-12-08 20:02:16,Legs/Arms,Extension de mollet assis,Machine guidée à poulie,Bilatéral,Normale,15,40,0,0,0,0,467,01:52:52
2024-12-09 20:03:03,Up,Tirage horizontal prise large,Barre,Bilatéral,Normale,9,70,0,0,0,0,411,01:34:44
2024-12-09 20:03:03,Up,Tirage horizontal prise large,Barre,Bilatéral,Normale,9,70,0,0,0,0,411,01:34:44
2024-12-09 20:03:03,Up,Tirage horizontal prise large,Barre,Bilatéral,Normale,9,70,0,0,0,0,411,01:34:44
2024-12-09 20:03:03,Up,Tirage vertical prise large,Poulie vis-à-vis,Bilatéral,Normale,8,90,0,0,0,0,411,01:34:44
2024-12-09 20:03:03,Up,Tirage vertical prise large,Poulie vis-à-vis,Bilatéral,Normale,8,90,0,0,0,0,411,01:34:44
2024-12-09 20:03:03,Up,Tirage vertical prise large,Poulie vis-à-vis,Bilatéral,Normale,8,90,0,0,0,0,411,01:34:44
2024-12-09 20:03:03,Up,Développé incliné,Machine guidée à levier,Bilatéral,Normale,12,85,0,0,0,0,411,01:34:44
2024-12-09 20:03:03,Up,Développé incliné,Machine guidée à levier,Bilatéral,Normale,10,85,0,0,0,0,411,01:34:44
2024-12-09 20:03:03,Up,Développé incliné,Machine guidée à levier,Bilatéral,Normale,9,85,0,0,0,0,411,01:34:44
2024-12-09 20:03:03,Up,Développé couché,Machine guidée à levier,Bilatéral,Normale,6,80,0,0,0,0,411,01:34:44
2024-12-09 20:03:03,Up,Développé couché,Machine guidée à levier,Bilatéral,Normale,11,60,0,0,0,0,411,01:34:44
2024-12-09 20:03:03,Up,Développé couché,Machine guidée à levier,Bilatéral,Normale,9,60,0,0,0,0,411,01:34:44
2024-12-09 20:03:03,Up,Développé militaire,Barre,Bilatéral,Normale,5,47.5,0,0,0,0,411,01:34:44
2024-12-09 20:03:03,Up,Développé militaire,Barre,Bilatéral,Normale,7,47.5,0,0,0,0,411,01:34:44
2024-12-09 20:03:03,Up,Développé militaire,Barre,Bilatéral,Normale,7,47.5,0,0,0,0,411,01:34:44
2024-12-09 20:03:03,Up,Tapis de course,,,Normale,0,0,609,2,0,0,411,01:34:44
2024-12-12 20:01:22,Shoulders/Arms,Curl pupitre,Machine guidée à levier,Bilatéral,Normale,10,35,0,0,0,0,588,01:42:19
2024-12-12 20:01:22,Shoulders/Arms,Curl pupitre,Machine guidée à levier,Bilatéral,Normale,10,35,0,0,0,0,588,01:42:19
2024-12-12 20:01:22,Shoulders/Arms,Curl pupitre,Machine guidée à levier,Bilatéral,Normale,10,35,0,0,0,0,588,01:42:19
2024-12-12 20:01:22,Shoulders/Arms,Curl biceps supination,Poulie vis-à-vis,Unilatéral,Normale,12,15,0,0,0,0,588,01:42:19
2024-12-12 20:01:22,Shoulders/Arms,Curl biceps supination,Poulie vis-à-vis,Unilatéral,Normale,12,15,0,0,0,0,588,01:42:19
2024-12-12 20:01:22,Shoulders/Arms,Curl biceps supination,Poulie vis-à-vis,Unilatéral,Normale,12,15,0,0,0,0,588,01:42:19
2024-12-12 20:01:22,Shoulders/Arms,Curl marteau,Poulie vis-à-vis,Bilatéral,Normale,11,28.75,0,0,0,0,588,01:42:19
2024-12-12 20:01:22,Shoulders/Arms,Curl marteau,Poulie vis-à-vis,Bilatéral,Normale,11,28.75,0,0,0,0,588,01:42:19
2024-12-12 20:01:22,Shoulders/Arms,Extension de bras poulie haute,Poulie vis-à-vis,Bilatéral,Normale,12,40,0,0,0,0,588,01:42:19
2024-12-12 20:01:22,Shoulders/Arms,Extension de bras poulie haute,Poulie vis-à-vis,Bilatéral,Normale,11,40,0,0,0,0,588,01:42:19
2024-12-12 20:01:22,Shoulders/Arms,Extension de bras poulie haute,Poulie vis-à-vis,Bilatéral,Normale,9,40,0,0,0,0,588,01:42:19
2024-12-12 20:01:22,Shoulders/Arms,Extension de bras poulie haute,Poulie vis-à-vis,Bilatéral,Normale,11,36.25,0,0,0,0,588,01:42:19
2024-12-12 20:01:22,Shoulders/Arms,Extension de bras poulie haute,Poulie vis-à-vis,Bilatéral,Normale,8,36.25,0,0,0,0,588,01:42:19
2024-12-12 20:01:22,Shoulders/Arms,Extension de bras poulie haute,Poulie vis-à-vis,Bilatéral,Normale,10,36.25,0,0,0,0,588,01:42:19
2024-12-12 20:01:22,Shoulders/Arms,Élévation latérale,Haltères,Bilatéral,Normale,12,12,0,0,0,0,588,01:42:19
2024-12-12 20:01:22,Shoulders/Arms,Élévation latérale,Haltères,Bilatéral,Normale,12,12,0,0,0,0,588,01:42:19
2024-12-12 20:01:22,Shoulders/Arms,Élévation latérale,Haltères,Bilatéral,Normale,12,12,0,0,0,0,588,01:42:19
2024-12-12 20:01:22,Shoulders/Arms,Élévation latérale,Haltères,Bilatéral,Normale,12,12,0,0,0,0,588,01:42:19
2024-12-12 20:01:22,Shoulders/Arms,Flexion de poignet,Haltères,Unilatéral,Normale,13,10,0,0,0,0,588,01:42:19
2024-12-12 20:01:22,Shoulders/Arms,Flexion de poignet,Haltères,Unilatéral,Normale,15,10,0,0,0,0,588,01:42:19
2024-12-12 20:01:22,Shoulders/Arms,Flexion de poignet,Haltères,Unilatéral,Normale,17,8,0,0,0,0,588,01:42:19
2024-12-12 20:01:22,Shoulders/Arms,Flexion de poignet,Haltères,Unilatéral,Normale,16,8,0,0,0,0,588,01:42:19
2024-12-12 20:01:22,Shoulders/Arms,Rear Delt Fly,Haltères,Unilatéral,Normale,18,6,0,0,0,0,588,01:42:19
2024-12-12 20:01:22,Shoulders/Arms,Rear Delt Fly,Haltères,Unilatéral,Normale,16,6,0,0,0,0,588,01:42:19
2024-12-12 20:01:22,Shoulders/Arms,Tapis de course,,,Normale,0,0,601,2.12,0,0,588,01:42:19
2024-12-14 19:44:59,Legs/Arms,Flexion jambes parallèles,Barre,Bilatéral,Normale,8,100,0,0,0,0,567,02:01:08
2024-12-14 19:44:59,Legs/Arms,Flexion jambes parallèles,Barre,Bilatéral,Normale,8,100,0,0,0,0,567,02:01:08
2024-12-14 19:44:59,Legs/Arms,Flexion jambes parallèles,Barre,Bilatéral,Normale,8,100,0,0,0,0,567,02:01:08
2024-12-14 19:44:59,Legs/Arms,Flexion jambes parallèles,Barre,Bilatéral,Normale,8,100,0,0,0,0,567,02:01:08
2024-12-14 19:44:59,Legs/Arms,Curl pupitre,Machine guidée à levier,Bilatéral,Normale,12,35,0,0,0,0,567,02:01:08
2024-12-14 19:44:59,Legs/Arms,Curl pupitre,Machine guidée à levier,Bilatéral,Normale,9,35,0,0,0,0,567,02:01:08
2024-12-14 19:44:59,Legs/Arms,Curl pupitre,Machine guidée à levier,Bilatéral,Normale,9,35,0,0,0,0,567,02:01:08
2024-12-14 19:44:59,Legs/Arms,Curl biceps supination,Poulie vis-à-vis,Unilatéral,Normale,8,15,0,0,0,0,567,02:01:08
2024-12-14 19:44:59,Legs/Arms,Extension de bras poulie haute,Poulie vis-à-vis,Bilatéral,Normale,10,40,0,0,0,0,567,02:01:08
2024-12-14 19:44:59,Legs/Arms,Extension de bras poulie haute,Poulie vis-à-vis,Bilatéral,Normale,9,40,0,0,0,0,567,02:01:08
2024-12-14 19:44:59,Legs/Arms,Extension de bras poulie haute,Poulie vis-à-vis,Bilatéral,Normale,10,40,0,0,0,0,567,02:01:08
2024-12-14 19:44:59,Legs/Arms,Extension de bras poulie haute,Poulie vis-à-vis,Bilatéral,Normale,10,36.25,0,0,0,0,567,02:01:08
2024-12-14 19:44:59,Legs/Arms,Flexion de jambes assis,Machine guidée à poulie,Bilatéral,Normale,12,80,0,0,0,0,567,02:01:08
2024-12-14 19:44:59,Legs/Arms,Flexion de jambes assis,Machine guidée à poulie,Bilatéral,Normale,12,80,0,0,0,0,567,02:01:08
2024-12-14 19:44:59,Legs/Arms,Flexion de jambes assis,Machine guidée à poulie,Bilatéral,Normale,11,80,0,0,0,0,567,02:01:08
2024-12-14 19:44:59,Legs/Arms,Flexion de jambes assis,Machine guidée à poulie,Bilatéral,Normale,12,80,0,0,0,0,567,02:01:08
2024-12-14 19:44:59,Legs/Arms,Élévation latérale,Haltères,Bilatéral,Normale,14,12,0,0,0,0,567,02:01:08
2024-12-14 19:44:59,Legs/Arms,Élévation latérale,Haltères,Bilatéral,Normale,12,12,0,0,0,0,567,02:01:08
2024-12-14 19:44:59,Legs/Arms,Élévation latérale,Haltères,Bilatéral,Normale,11,12,0,0,0,0,567,02:01:08
2024-12-14 19:44:59,Legs/Arms,Élévation latérale,Haltères,Bilatéral,Normale,11,12,0,0,0,0,567,02:01:08
2024-12-14 19:44:59,Legs/Arms,Extension de mollet assis,Machine guidée à poulie,Bilatéral,Normale,15,40,0,0,0,0,567,02:01:08
2024-12-14 19:44:59,Legs/Arms,Extension de mollet assis,Machine guidée à poulie,Bilatéral,Normale,15,40,0,0,0,0,567,02:01:08
2024-12-14 19:44:59,Legs/Arms,Extension de mollet assis,Machine guidée à poulie,Bilatéral,Normale,15,40,0,0,0,0,567,02:01:08
2024-12-14 19:44:59,Legs/Arms,Extension de mollet assis,Machine guidée à poulie,Bilatéral,Normale,15,40,0,0,0,0,567,02:01:08
2024-12-14 19:44:59,Legs/Arms,Tapis de course,,,Normale,0,0,601,2.21,0,0,567,02:01:08
2024-12-15 20:04:38,Chest/Back,Développé incliné,Barre,Bilatéral,Normale,8,75,0,0,0,0,302,01:28:13
2024-12-15 20:04:38,Chest/Back,Développé incliné,Barre,Bilatéral,Normale,8,75,0,0,0,0,302,01:28:13
2024-12-15 20:04:38,Chest/Back,Développé incliné,Barre,Bilatéral,Normale,6,75,0,0,0,0,302,01:28:13
2024-12-15 20:04:38,Chest/Back,Traction prise large,Disque,Bilatéral,Normale,10,8,0,0,0,0,302,01:28:13
2024-12-15 20:04:38,Chest/Back,Traction prise large,Disque,Bilatéral,Normale,10,8,0,0,0,0,302,01:28:13
2024-12-15 20:04:38,Chest/Back,Traction prise large,Disque,Bilatéral,Normale,9,8,0,0,0,0,302,01:28:13
2024-12-15 20:04:38,Chest/Back,Développé incliné,Machine guidée à levier,Bilatéral,Normale,11,85,0,0,0,0,302,01:28:13
2024-12-15 20:04:38,Chest/Back,Développé incliné,Machine guidée à levier,Bilatéral,Normale,10,85,0,0,0,0,302,01:28:13
2024-12-15 20:04:38,Chest/Back,Développé incliné,Machine guidée à levier,Bilatéral,Normale,8,85,0,0,0,0,302,01:28:13
2024-12-15 20:04:38,Chest/Back,Tirage horizontal assis prise serrée,Machine guidée à poulie,Bilatéral,Normale,9,80,0,0,0,0,302,01:28:13
2024-12-15 20:04:38,Chest/Back,Tirage horizontal assis prise serrée,Machine guidée à poulie,Bilatéral,Normale,8,80,0,0,0,0,302,01:28:13
2024-12-15 20:04:38,Chest/Back,Tirage horizontal assis prise serrée,Machine guidée à poulie,Bilatéral,Normale,8,80,0,0,0,0,302,01:28:13
2024-12-15 20:04:38,Chest/Back,Tirage vertical prise large,Poulie vis-à-vis,Bilatéral,Normale,10,80,0,0,0,0,302,01:28:13
2024-12-15 20:04:38,Chest/Back,Tirage vertical prise large,Poulie vis-à-vis,Bilatéral,Normale,8,80,0,0,0,0,302,01:28:13
2024-12-15 20:04:38,Chest/Back,Écarté,Machine guidée à poulie,Bilatéral,Normale,11,75,0,0,0,0,302,01:28:13
2024-12-15 20:04:38,Chest/Back,Écarté,Machine guidée à poulie,Bilatéral,Normale,9,75,0,0,0,0,302,01:28:13
2024-12-15 20:04:38,Chest/Back,Écarté,Machine guidée à poulie,Bilatéral,Normale,9,75,0,0,0,0,302,01:28:13
2024-12-16 20:09:05,Shoulders/Arms,Curl pupitre,Machine guidée à levier,Bilatéral,Normale,12,35,0,0,0,0,480,01:41:05
2024-12-16 20:09:05,Shoulders/Arms,Curl pupitre,Machine guidée à levier,Bilatéral,Normale,10,35,0,0,0,0,480,01:41:05
2024-12-16 20:09:05,Shoulders/Arms,Curl pupitre,Machine guidée à levier,Bilatéral,Normale,8,35,0,0,0,0,480,01:41:05
2024-12-16 20:09:05,Shoulders/Arms,Extension de bras poulie haute,Poulie vis-à-vis,Bilatéral,Normale,10,40,0,0,0,0,480,01:41:05
2024-12-16 20:09:05,Shoulders/Arms,Extension de bras poulie haute,Poulie vis-à-vis,Bilatéral,Normale,10,40,0,0,0,0,480,01:41:05
2024-12-16 20:09:05,Shoulders/Arms,Extension de bras poulie haute,Poulie vis-à-vis,Bilatéral,Normale,9,40,0,0,0,0,480,01:41:05
2024-12-16 20:09:05,Shoulders/Arms,Extension de bras poulie haute,Poulie vis-à-vis,Bilatéral,Normale,13,32.5,0,0,0,0,480,01:41:05
2024-12-16 20:09:05,Shoulders/Arms,Extension de bras poulie haute,Poulie vis-à-vis,Bilatéral,Normale,12,32.5,0,0,0,0,480,01:41:05
2024-12-16 20:09:05,Shoulders/Arms,Extension de bras poulie haute,Poulie vis-à-vis,Bilatéral,Normale,10,32.5,0,0,0,0,480,01:41:05
2024-12-16 20:09:05,Shoulders/Arms,Curl biceps supination,Poulie vis-à-vis,Unilatéral,Normale,12,15,0,0,0,0,480,01:41:05
2024-12-16 20:09:05,Shoulders/Arms,Curl biceps supination,Poulie vis-à-vis,Unilatéral,Normale,12,15,0,0,0,0,480,01:41:05
2024-12-16 20:09:05,Shoulders/Arms,Curl biceps supination,Poulie vis-à-vis,Unilatéral,Normale,11,15,0,0,0,0,480,01:41:05
2024-12-16 20:09:05,Shoulders/Arms,Extension de bras penché en avant,Poulie vis-à-vis,Unilatéral,Normale,14,10,0,0,0,0,480,01:41:05
2024-12-16 20:09:05,Shoulders/Arms,Extension de bras penché en avant,Poulie vis-à-vis,Unilatéral,Normale,13,10,0,0,0,0,480,01:41:05
2024-12-16 20:09:05,Shoulders/Arms,Curl marteau,Poulie vis-à-vis,Bilatéral,Normale,11,28.75,0,0,0,0,480,01:41:05
2024-12-16 20:09:05,Shoulders/Arms,Curl marteau,Poulie vis-à-vis,Bilatéral,Normale,11,28.75,0,0,0,0,480,01:41:05
2024-12-16 20:09:05,Shoulders/Arms,Rear Delt Fly,Machine guidée à poulie,Unilatéral,Normale,13,22.5,0,0,0,0,480,01:41:05
2024-12-16 20:09:05,Shoulders/Arms,Rear Delt Fly,Machine guidée à poulie,Unilatéral,Normale,10,22.5,0,0,0,0,480,01:41:05
2024-12-16 20:09:05,Shoulders/Arms,Élévation latérale,Haltères,Bilatéral,Normale,11,12,0,0,0,0,480,01:41:05
2024-12-16 20:09:05,Shoulders/Arms,Élévation latérale,Haltères,Bilatéral,Normale,10,12,0,0,0,0,480,01:41:05
2024-12-16 20:09:05,Shoulders/Arms,Élévation latérale,Haltères,Bilatéral,Normale,10,12,0,0,0,0,480,01:41:05
2024-12-16 20:09:05,Shoulders/Arms,Élévation latérale,Haltères,Bilatéral,Normale,10,12,0,0,0,0,480,01:41:05
2024-12-16 20:09:05,Shoulders/Arms,Flexion de poignet,Haltères,Unilatéral,Normale,16,10,0,0,0,0,480,01:41:05
2024-12-16 20:09:05,Shoulders/Arms,Flexion de poignet,Haltères,Unilatéral,Normale,15,10,0,0,0,0,480,01:41:05
2024-12-16 20:09:05,Shoulders/Arms,Flexion de poignet,Haltères,Unilatéral,Normale,15,10,0,0,0,0,480,01:41:05
2024-12-16 20:09:05,Shoulders/Arms,Flexion de poignet,Haltères,Unilatéral,Normale,11,10,0,0,0,0,480,01:41:05
2024-12-18 20:04:21,Legs/Arms,Presse à cuisses,Machine guidée à levier,Bilatéral,Normale,10,220,0,0,0,0,504,01:53:23
2024-12-18 20:04:21,Legs/Arms,Presse à cuisses,Machine guidée à levier,Bilatéral,Normale,12,220,0,0,0,0,504,01:53:23
2024-12-18 20:04:21,Legs/Arms,Presse à cuisses,Machine guidée à levier,Bilatéral,Normale,10,220,0,0,0,0,504,01:53:23
2024-12-18 20:04:21,Legs/Arms,Presse à cuisses,Machine guidée à levier,Bilatéral,Normale,10,220,0,0,0,0,504,01:53:23
2024-12-18 20:04:21,Legs/Arms,Presse à cuisses,Machine guidée à levier,Bilatéral,Normale,10,220,0,0,0,0,504,01:53:23
2024-12-18 20:04:21,Legs/Arms,Flexion de jambes assis,Machine guidée à poulie,Bilatéral,Normale,12,80,0,0,0,0,504,01:53:23
2024-12-18 20:04:21,Legs/Arms,Flexion de jambes assis,Machine guidée à poulie,Bilatéral,Normale,12,80,0,0,0,0,504,01:53:23
2024-12-18 20:04:21,Legs/Arms,Flexion de jambes assis,Machine guidée à poulie,Bilatéral,Normale,12,80,0,0,0,0,504,01:53:23
2024-12-18 20:04:21,Legs/Arms,Flexion de jambes assis,Machine guidée à poulie,Bilatéral,Normale,11,80,0,0,0,0,504,01:53:23
2024-12-18 20:04:21,Legs/Arms,Extension de bras poulie haute,Poulie vis-à-vis,Bilatéral,Normale,6,42.5,0,0,0,0,504,01:53:23
2024-12-18 20:04:21,Legs/Arms,Extension de bras poulie haute,Poulie vis-à-vis,Bilatéral,Normale,7,42.5,0,0,0,0,504,01:53:23
2024-12-18 20:04:21,Legs/Arms,Extension de bras poulie haute,Poulie vis-à-vis,Bilatéral,Normale,6,42.5,0,0,0,0,504,01:53:23
2024-12-18 20:04:21,Legs/Arms,Extension de bras poulie haute,Poulie vis-à-vis,Bilatéral,Normale,11,35,0,0,0,0,504,01:53:23
2024-12-18 20:04:21,Legs/Arms,Curl biceps supination,Haltères,Unilatéral,Normale,9,18,0,0,0,0,504,01:53:23
2024-12-18 20:04:21,Legs/Arms,Curl biceps supination,Haltères,Unilatéral,Normale,8,18,0,0,0,0,504,01:53:23
2024-12-18 20:04:21,Legs/Arms,Curl biceps supination,Haltères,Unilatéral,Normale,8,18,0,0,0,0,504,01:53:23
2024-12-18 20:04:21,Legs/Arms,Curl biceps supination,Haltères,Unilatéral,Normale,8,18,0,0,0,0,504,01:53:23
2024-12-18 20:04:21,Legs/Arms,Extension de mollet assis,Machine guidée à poulie,Bilatéral,Normale,15,40,0,0,0,0,504,01:53:23
2024-12-18 20:04:21,Legs/Arms,Extension de mollet assis,Machine guidée à poulie,Bilatéral,Normale,15,40,0,0,0,0,504,01:53:23
2024-12-18 20:04:21,Legs/Arms,Extension de mollet assis,Machine guidée à poulie,Bilatéral,Normale,15,40,0,0,0,0,504,01:53:23
2024-12-18 20:04:21,Legs/Arms,Extension de mollet assis,Machine guidée à poulie,Bilatéral,Normale,15,40,0,0,0,0,504,01:53:23
2024-12-18 20:04:21,Legs/Arms,Élévation latérale,Haltères,Bilatéral,Normale,10,12,0,0,0,0,504,01:53:23
2024-12-18 20:04:21,Legs/Arms,Élévation latérale,Haltères,Bilatéral,Normale,10,12,0,0,0,0,504,01:53:23
2024-12-18 20:04:21,Legs/Arms,Élévation latérale,Haltères,Bilatéral,Normale,10,12,0,0,0,0,504,01:53:23
2024-12-18 20:04:21,Legs/Arms,Élévation latérale,Haltères,Bilatéral,Normale,10,10,0,0,0,0,504,01:53:23
2024-12-18 20:04:21,Legs/Arms,Marche incliné,,,Normale,0,0,600,0.7,0,0,504,01:53:23
2024-12-20 19:29:00,Up,Tirage horizontal prise large,Barre,Bilatéral,Normale,9,70,0,0,0,0,449,01:39:28
2024-12-20 19:29:00,Up,Tirage horizontal prise large,Barre,Bilatéral,Normale,8,70,0,0,0,0,449,01:39:28
2024-12-20 19:29:00,Up,Tirage horizontal prise large,Barre,Bilatéral,Normale,9,70,0,0,0,0,449,01:39:28
2024-12-20 19:29:00,Up,Tirage vertical prise large,Poulie vis-à-vis,Bilatéral,Normale,8,90,0,0,0,0,449,01:39:28
2024-12-20 19:29:00,Up,Tirage vertical prise large,Poulie vis-à-vis,Bilatéral,Normale,8,90,0,0,0,0,449,01:39:28
2024-12-20 19:29:00,Up,Tirage vertical prise large,Poulie vis-à-vis,Bilatéral,Normale,7,90,0,0,0,0,449,01:39:28
2024-12-20 19:29:00,Up,Tirage visage,Poulie vis-à-vis,Bilatéral,Normale,13,28.75,0,0,0,0,449,01:39:28
2024-12-20 19:29:00,Up,Tirage visage,Poulie vis-à-vis,Bilatéral,Normale,13,28.75,0,0,0,0,449,01:39:28
2024-12-20 19:29:00,Up,Développé incliné,Machine guidée à levier,Bilatéral,Normale,13,85,0,0,0,0,449,01:39:28
2024-12-20 19:29:00,Up,Développé incliné,Machine guidée à levier,Bilatéral,Normale,9,90,0,0,0,0,449,01:39:28
2024-12-20 19:29:00,Up,Développé incliné,Machine guidée à levier,Bilatéral,Normale,8,90,0,0,0,0,449,01:39:28
2024-12-20 19:29:00,Up,Développé couché,Barre,Bilatéral,Normale,6,80,0,0,0,0,449,01:39:28
2024-12-20 19:29:00,Up,Développé couché,Barre,Bilatéral,Normale,8,80,0,0,0,0,449,01:39:28
2024-12-20 19:29:00,Up,Développé couché,Barre,Bilatéral,Normale,8,80,0,0,0,0,449,01:39:28
2024-12-20 19:29:00,Up,Développé militaire,Barre,Bilatéral,Normale,7,50,0,0,0,0,449,01:39:28
2024-12-20 19:29:00,Up,Développé militaire,Barre,Bilatéral,Normale,7,50,0,0,0,0,449,01:39:28
2024-12-20 19:29:00,Up,Développé militaire,Barre,Bilatéral,Normale,7,50,0,0,0,0,449,01:39:28
2024-12-20 19:29:00,Up,Tapis de course,,,Normale,0,0,600,2.29,0,0,449,01:39:28
2024-12-21 19:56:39,Shoulders/Arms,Curl pupitre,Machine guidée à levier,Bilatéral,Normale,10,37.5,0,0,0,0,783,01:55:23
2024-12-21 19:56:39,Shoulders/Arms,Curl pupitre,Machine guidée à levier,Bilatéral,Normale,8,37.5,0,0,0,0,783,01:55:23
2024-12-21 19:56:39,Shoulders/Arms,Curl pupitre,Machine guidée à levier,Bilatéral,Normale,8,37.5,0,0,0,0,783,01:55:23
2024-12-21 19:56:39,Shoulders/Arms,Curl biceps supination,Haltères,Unilatéral,Normale,8,18,0,0,0,0,783,01:55:23
2024-12-21 19:56:39,Shoulders/Arms,Curl biceps supination,Haltères,Unilatéral,Normale,9,16,0,0,0,0,783,01:55:23
2024-12-21 19:56:39,Shoulders/Arms,Curl biceps supination,Haltères,Unilatéral,Normale,9,16,0,0,0,0,783,01:55:23
2024-12-21 19:56:39,Shoulders/Arms,Dips prise serrée,Machine guidée à levier,Bilatéral,Normale,9,80,0,0,0,0,783,01:55:23
2024-12-21 19:56:39,Shoulders/Arms,Dips prise serrée,Machine guidée à levier,Bilatéral,Normale,10,80,0,0,0,0,783,01:55:23
2024-12-21 19:56:39,Shoulders/Arms,Dips prise serrée,Machine guidée à levier,Bilatéral,Normale,11,80,0,0,0,0,783,01:55:23
2024-12-21 19:56:39,Shoulders/Arms,Extension de bras poulie haute,Poulie vis-à-vis,Bilatéral,Normale,10,40,0,0,0,0,783,01:55:23
2024-12-21 19:56:39,Shoulders/Arms,Extension de bras poulie haute,Poulie vis-à-vis,Bilatéral,Normale,10,40,0,0,0,0,783,01:55:23
2024-12-21 19:56:39,Shoulders/Arms,Extension de bras poulie haute,Poulie vis-à-vis,Bilatéral,Normale,8,40,0,0,0,0,783,01:55:23
2024-12-21 19:56:39,Shoulders/Arms,Extension de bras penché en avant,Poulie vis-à-vis,Unilatéral,Normale,9,12.5,0,0,0,0,783,01:55:23
2024-12-21 19:56:39,Shoulders/Arms,Extension de bras penché en avant,Poulie vis-à-vis,Unilatéral,Normale,8,12.5,0,0,0,0,783,01:55:23
2024-12-21 19:56:39,Shoulders/Arms,Curl marteau,Poulie vis-à-vis,Bilatéral,Normale,12,28.75,0,0,0,0,783,01:55:23
2024-12-21 19:56:39,Shoulders/Arms,Curl marteau,Poulie vis-à-vis,Bilatéral,Normale,11,28.75,0,0,0,0,783,01:55:23
2024-12-21 19:56:39,Shoulders/Arms,Rear Delt Fly,Machine guidée à poulie,Unilatéral,Normale,12,22.5,0,0,0,0,783,01:55:23
2024-12-21 19:56:39,Shoulders/Arms,Rear Delt Fly,Machine guidée à poulie,Unilatéral,Normale,12,22.5,0,0,0,0,783,01:55:23
2024-12-21 19:56:39,Shoulders/Arms,Élévation latérale,Haltères,Bilatéral,Normale,11,12,0,0,0,0,783,01:55:23
2024-12-21 19:56:39,Shoulders/Arms,Élévation latérale,Haltères,Bilatéral,Normale,10,12,0,0,0,0,783,01:55:23
2024-12-21 19:56:39,Shoulders/Arms,Élévation latérale,Haltères,Bilatéral,Normale,11,12,0,0,0,0,783,01:55:23
2024-12-21 19:56:39,Shoulders/Arms,Élévation latérale,Haltères,Bilatéral,Normale,10,12,0,0,0,0,783,01:55:23
2024-12-21 19:56:39,Shoulders/Arms,Flexion de poignet,Haltères,Unilatéral,Normale,16,10,0,0,0,0,783,01:55:23
2024-12-21 19:56:39,Shoulders/Arms,Flexion de poignet,Haltères,Unilatéral,Normale,16,10,0,0,0,0,783,01:55:23
2024-12-21 19:56:39,Shoulders/Arms,Flexion de poignet,Haltères,Unilatéral,Normale,12,10,0,0,0,0,783,01:55:23
2024-12-21 19:56:39,Shoulders/Arms,Flexion de poignet,Haltères,Unilatéral,Normale,11,10,0,0,0,0,783,01:55:23
2024-12-21 19:56:39,Shoulders/Arms,Tapis de course,,,Normale,0,0,1217,3.02,0,0,783,01:55:23
2024-12-24 13:49:05,Legs/Arms,Presse à cuisses,Machine guidée à levier,Bilatéral,Normale,11,220,0,0,0,0,486,01:59:47
2024-12-24 13:49:05,Legs/Arms,Presse à cuisses,Machine guidée à levier,Bilatéral,Normale,10,220,0,0,0,0,486,01:59:47
2024-12-24 13:49:05,Legs/Arms,Presse à cuisses,Machine guidée à levier,Bilatéral,Normale,10,220,0,0,0,0,486,01:59:47
2024-12-24 13:49:05,Legs/Arms,Presse à cuisses,Machine guidée à levier,Bilatéral,Normale,10,220,0,0,0,0,486,01:59:47
2024-12-24 13:49:05,Legs/Arms,Curl pupitre,Machine guidée à levier,Bilatéral,Normale,10,37.5,0,0,0,0,486,01:59:47
2024-12-24 13:49:05,Legs/Arms,Curl pupitre,Machine guidée à levier,Bilatéral,Normale,10,37.5,0,0,0,0,486,01:59:47
2024-12-24 13:49:05,Legs/Arms,Curl pupitre,Machine guidée à levier,Bilatéral,Normale,9,37.5,0,0,0,0,486,01:59:47
2024-12-24 13:49:05,Legs/Arms,Curl pupitre,Machine guidée à levier,Bilatéral,Normale,10,37.5,0,0,0,0,486,01:59:47
2024-12-24 13:49:05,Legs/Arms,Flexion de jambes assis,Machine guidée à poulie,Bilatéral,Normale,10,80,0,0,0,0,486,01:59:47
2024-12-24 13:49:05,Legs/Arms,Flexion de jambes assis,Machine guidée à poulie,Bilatéral,Normale,10,80,0,0,0,0,486,01:59:47
2024-12-24 13:49:05,Legs/Arms,Flexion de jambes assis,Machine guidée à poulie,Bilatéral,Normale,9,80,0,0,0,0,486,01:59:47
2024-12-24 13:49:05,Legs/Arms,Flexion de jambes assis,Machine guidée à poulie,Bilatéral,Normale,9,80,0,0,0,0,486,01:59:47
2024-12-24 13:49:05,Legs/Arms,Extension de bras poulie haute,Poulie vis-à-vis,Bilatéral,Normale,12,40,0,0,0,0,486,01:59:47
2024-12-24 13:49:05,Legs/Arms,Extension de bras poulie haute,Poulie vis-à-vis,Bilatéral,Normale,11,40,0,0,0,0,486,01:59:47
2024-12-24 13:49:05,Legs/Arms,Extension de bras poulie haute,Poulie vis-à-vis,Bilatéral,Normale,10,40,0,0,0,0,486,01:59:47
2024-12-24 13:49:05,Legs/Arms,Extension de bras poulie haute,Poulie vis-à-vis,Bilatéral,Normale,10,40,0,0,0,0,486,01:59:47
2024-12-24 13:49:05,Legs/Arms,Extension de mollet assis,Machine guidée à poulie,Bilatéral,Normale,15,40,0,0,0,0,486,01:59:47
2024-12-24 13:49:05,Legs/Arms,Extension de mollet assis,Machine guidée à poulie,Bilatéral,Normale,15,40,0,0,0,0,486,01:59:47
2024-12-24 13:49:05,Legs/Arms,Extension de mollet assis,Machine guidée à poulie,Bilatéral,Normale,15,40,0,0,0,0,486,01:59:47
2024-12-24 13:49:05,Legs/Arms,Extension de mollet assis,Machine guidée à poulie,Bilatéral,Normale,15,40,0,0,0,0,486,01:59:47
2024-12-24 13:49:05,Legs/Arms,Élévation latérale,Haltères,Bilatéral,Normale,12,12,0,0,0,0,486,01:59:47
2024-12-24 13:49:05,Legs/Arms,Élévation latérale,Haltères,Bilatéral,Normale,11,12,0,0,0,0,486,01:59:47
2024-12-24 13:49:05,Legs/Arms,Élévation latérale,Haltères,Bilatéral,Normale,11,12,0,0,0,0,486,01:59:47
2024-12-24 13:49:05,Legs/Arms,Élévation latérale,Haltères,Bilatéral,Normale,10,10,0,0,0,0,486,01:59:47
2024-12-24 13:49:05,Legs/Arms,Marche incliné,,,Normale,0,0,600,1,0,0,486,01:59:47
2024-12-26 15:04:10,Chest/Back,Développé incliné,Barre,Bilatéral,Normale,9,75,0,0,0,0,302,01:24:37
2024-12-26 15:04:10,Chest/Back,Développé incliné,Barre,Bilatéral,Normale,9,75,0,0,0,0,302,01:24:37
2024-12-26 15:04:10,Chest/Back,Développé incliné,Barre,Bilatéral,Normale,7,75,0,0,0,0,302,01:24:37
2024-12-26 15:04:10,Chest/Back,Développé incliné,Machine guidée à levier,Bilatéral,Normale,10,85,0,0,0,0,302,01:24:37
2024-12-26 15:04:10,Chest/Back,Développé incliné,Machine guidée à levier,Bilatéral,Normale,8,85,0,0,0,0,302,01:24:37
2024-12-26 15:04:10,Chest/Back,Développé incliné,Machine guidée à levier,Bilatéral,Normale,8,85,0,0,0,0,302,01:24:37
2024-12-26 15:04:10,Chest/Back,Traction prise large,Disque,Bilatéral,Normale,9,8,0,0,0,0,302,01:24:37
2024-12-26 15:04:10,Chest/Back,Traction prise large,Disque,Bilatéral,Normale,9,8,0,0,0,0,302,01:24:37
2024-12-26 15:04:10,Chest/Back,Traction prise large,Disque,Bilatéral,Normale,10,8,0,0,0,0,302,01:24:37
2024-12-26 15:04:10,Chest/Back,Tirage horizontal assis prise serrée,Machine guidée à poulie,Bilatéral,Normale,10,70,0,0,0,0,302,01:24:37
2024-12-26 15:04:10,Chest/Back,Tirage horizontal assis prise serrée,Machine guidée à poulie,Bilatéral,Normale,10,70,0,0,0,0,302,01:24:37
2024-12-26 15:04:10,Chest/Back,Tirage horizontal assis prise serrée,Machine guidée à poulie,Bilatéral,Normale,10,70,0,0,0,0,302,01:24:37
2024-12-26 15:04:10,Chest/Back,Tirage vertical prise large,Poulie vis-à-vis,Bilatéral,Normale,10,80,0,0,0,0,302,01:24:37
2024-12-26 15:04:10,Chest/Back,Tirage vertical prise large,Poulie vis-à-vis,Bilatéral,Normale,9,80,0,0,0,0,302,01:24:37
2024-12-26 15:04:10,Chest/Back,Écarté,Machine guidée à poulie,Bilatéral,Normale,10,75,0,0,0,0,302,01:24:37
2024-12-26 15:04:10,Chest/Back,Écarté,Machine guidée à poulie,Bilatéral,Normale,10,75,0,0,0,0,302,01:24:37
2024-12-26 15:04:10,Chest/Back,Écarté,Machine guidée à poulie,Bilatéral,Normale,7,75,0,0,0,0,302,01:24:37
2024-12-27 13:27:12,Shoulders/Arms,Curl pupitre,Machine guidée à levier,Bilatéral,Normale,10,37.5,0,0,0,0,488,01:47:18
2024-12-27 13:27:12,Shoulders/Arms,Curl pupitre,Machine guidée à levier,Bilatéral,Normale,10,37.5,0,0,0,0,488,01:47:18
2024-12-27 13:27:12,Shoulders/Arms,Curl pupitre,Machine guidée à levier,Bilatéral,Normale,9,37.5,0,0,0,0,488,01:47:18
2024-12-27 13:27:12,Shoulders/Arms,Extension de bras poulie haute,Poulie vis-à-vis,Bilatéral,Normale,13,40,0,0,0,0,488,01:47:18
2024-12-27 13:27:12,Shoulders/Arms,Extension de bras poulie haute,Poulie vis-à-vis,Bilatéral,Normale,12,40,0,0,0,0,488,01:47:18
2024-12-27 13:27:12,Shoulders/Arms,Extension de bras poulie haute,Poulie vis-à-vis,Bilatéral,Normale,11,40,0,0,0,0,488,01:47:18
2024-12-27 13:27:12,Shoulders/Arms,Curl biceps supination,Poulie vis-à-vis,Unilatéral,Normale,12,15,0,0,0,0,488,01:47:18
2024-12-27 13:27:12,Shoulders/Arms,Curl biceps supination,Poulie vis-à-vis,Unilatéral,Normale,12,15,0,0,0,0,488,01:47:18
2024-12-27 13:27:12,Shoulders/Arms,Curl biceps supination,Poulie vis-à-vis,Unilatéral,Normale,11,15,0,0,0,0,488,01:47:18
2024-12-27 13:27:12,Shoulders/Arms,Dips prise serrée,Machine guidée à levier,Bilatéral,Normale,12,80,0,0,0,0,488,01:47:18
2024-12-27 13:27:12,Shoulders/Arms,Dips prise serrée,Machine guidée à levier,Bilatéral,Normale,12,80,0,0,0,0,488,01:47:18
2024-12-27 13:27:12,Shoulders/Arms,Dips prise serrée,Machine guidée à levier,Bilatéral,Normale,11,80,0,0,0,0,488,01:47:18
2024-12-27 13:27:12,Shoulders/Arms,Curl marteau,Poulie vis-à-vis,Bilatéral,Normale,11,28.75,0,0,0,0,488,01:47:18
2024-12-27 13:27:12,Shoulders/Arms,Curl marteau,Poulie vis-à-vis,Bilatéral,Normale,10,28.75,0,0,0,0,488,01:47:18
2024-12-27 13:27:12,Shoulders/Arms,Extension de bras penché en avant,Poulie vis-à-vis,Unilatéral,Normale,10,12.5,0,0,0,0,488,01:47:18
2024-12-27 13:27:12,Shoulders/Arms,Extension de bras penché en avant,Poulie vis-à-vis,Unilatéral,Normale,9,12.5,0,0,0,0,488,01:47:18
2024-12-27 13:27:12,Shoulders/Arms,Élévation latérale,Haltères,Bilatéral,Normale,12,12,0,0,0,0,488,01:47:18
2024-12-27 13:27:12,Shoulders/Arms,Élévation latérale,Haltères,Bilatéral,Normale,11,12,0,0,0,0,488,01:47:18
2024-12-27 13:27:12,Shoulders/Arms,Élévation latérale,Haltères,Bilatéral,Normale,11,12,0,0,0,0,488,01:47:18
2024-12-27 13:27:12,Shoulders/Arms,Élévation latérale,Haltères,Bilatéral,Normale,11,12,0,0,0,0,488,01:47:18
2024-12-27 13:27:12,Shoulders/Arms,Flexion de poignet,Haltères,Unilatéral,Normale,16,10,0,0,0,0,488,01:47:18
2024-12-27 13:27:12,Shoulders/Arms,Flexion de poignet,Haltères,Unilatéral,Normale,10,10,0,0,0,0,488,01:47:18
2024-12-27 13:27:12,Shoulders/Arms,Flexion de poignet,Haltères,Unilatéral,Normale,11,10,0,0,0,0,488,01:47:18
2024-12-27 13:27:12,Shoulders/Arms,Flexion de poignet,Haltères,Unilatéral,Normale,11,10,0,0,0,0,488,01:47:18
2024-12-27 13:27:12,Shoulders/Arms,Rear Delt Fly,Haltères,Unilatéral,Normale,12,8,0,0,0,0,488,01:47:18
2024-12-27 13:27:12,Shoulders/Arms,Rear Delt Fly,Haltères,Unilatéral,Normale,12,8,0,0,0,0,488,01:47:18
2024-12-29 14:54:41,Legs/Arms,Flexion jambes parallèles,Barre,Bilatéral,Normale,10,100,0,0,0,0,527,02:05:35
2024-12-29 14:54:41,Legs/Arms,Flexion jambes parallèles,Barre,Bilatéral,Normale,8,100,0,0,0,0,527,02:05:35
2024-12-29 14:54:41,Legs/Arms,Flexion jambes parallèles,Barre,Bilatéral,Normale,8,100,0,0,0,0,527,02:05:35
2024-12-29 14:54:41,Legs/Arms,Extension de jambes,Machine guidée à levier,Bilatéral,Normale,10,70,0,0,0,0,527,02:05:35
2024-12-29 14:54:41,Legs/Arms,Extension de jambes,Machine guidée à levier,Bilatéral,Normale,10,70,0,0,0,0,527,02:05:35
2024-12-29 14:54:41,Legs/Arms,Extension de jambes,Machine guidée à levier,Bilatéral,Normale,10,70,0,0,0,0,527,02:05:35
2024-12-29 14:54:41,Legs/Arms,Extension de bras poulie haute,Poulie vis-à-vis,Bilatéral,Normale,12,40,0,0,0,0,527,02:05:35
2024-12-29 14:54:41,Legs/Arms,Extension de bras poulie haute,Poulie vis-à-vis,Bilatéral,Normale,11,40,0,0,0,0,527,02:05:35
2024-12-29 14:54:41,Legs/Arms,Extension de bras poulie haute,Poulie vis-à-vis,Bilatéral,Normale,11,40,0,0,0,0,527,02:05:35
2024-12-29 14:54:41,Legs/Arms,Extension de bras poulie haute,Poulie vis-à-vis,Bilatéral,Normale,6,43.75,0,0,0,0,527,02:05:35
2024-12-29 14:54:41,Legs/Arms,Curl biceps supination,Poulie vis-à-vis,Bilatéral,Normale,9,36.25,0,0,0,0,527,02:05:35
2024-12-29 14:54:41,Legs/Arms,Curl biceps supination,Poulie vis-à-vis,Bilatéral,Normale,8,36.25,0,0,0,0,527,02:05:35
2024-12-29 14:54:41,Legs/Arms,Curl biceps supination,Poulie vis-à-vis,Bilatéral,Normale,7,36.25,0,0,0,0,527,02:05:35
2024-12-29 14:54:41,Legs/Arms,Curl biceps supination,Poulie vis-à-vis,Bilatéral,Normale,10,32.5,0,0,0,0,527,02:05:35
2024-12-29 14:54:41,Legs/Arms,Flexion de jambes assis,Machine guidée à poulie,Bilatéral,Normale,11,80,0,0,0,0,527,02:05:35
2024-12-29 14:54:41,Legs/Arms,Flexion de jambes assis,Machine guidée à poulie,Bilatéral,Normale,10,80,0,0,0,0,527,02:05:35
2024-12-29 14:54:41,Legs/Arms,Flexion de jambes assis,Machine guidée à poulie,Bilatéral,Normale,10,80,0,0,0,0,527,02:05:35
2024-12-29 14:54:41,Legs/Arms,Flexion de jambes assis,Machine guidée à poulie,Bilatéral,Normale,9,80,0,0,0,0,527,02:05:35
2024-12-29 14:54:41,Legs/Arms,Élévation latérale,Haltères,Bilatéral,Normale,12,12,0,0,0,0,527,02:05:35
2024-12-29 14:54:41,Legs/Arms,Élévation latérale,Haltères,Bilatéral,Normale,12,12,0,0,0,0,527,02:05:35
2024-12-29 14:54:41,Legs/Arms,Élévation latérale,Haltères,Bilatéral,Normale,12,12,0,0,0,0,527,02:05:35
2024-12-29 14:54:41,Legs/Arms,Élévation latérale,Haltères,Bilatéral,Normale,10,12,0,0,0,0,527,02:05:35
2024-12-29 14:54:41,Legs/Arms,Extension de mollet assis,Machine guidée à poulie,Bilatéral,Normale,15,40,0,0,0,0,527,02:05:35
2024-12-29 14:54:41,Legs/Arms,Extension de mollet assis,Machine guidée à poulie,Bilatéral,Normale,15,40,0,0,0,0,527,02:05:35
2024-12-29 14:54:41,Legs/Arms,Extension de mollet assis,Machine guidée à poulie,Bilatéral,Normale,15,40,0,0,0,0,527,02:05:35
2024-12-29 14:54:41,Legs/Arms,Extension de mollet assis,Machine guidée à poulie,Bilatéral,Normale,15,40,0,0,0,0,527,02:05:35
2024-12-29 14:54:41,Legs/Arms,Marche incliné,,,Normale,0,0,619,1,0,0,527,02:05:35