Date,Entraînement,Exercise,Equipement,Exécution,Type de Set,Reps,Charge,Durée,Distance,csv.headers.steps,RPE,Calories Brûlées,Durée de l'Entraînement
2025-01-05 18:48:04,Sunday Hams & Arms,Soulevé de terre roumain,Barre,Bilatéral,Normale,8,80,0,0,0,0,406,01:37:22
2025-01-05 18:48:04,Sunday Hams & Arms,Soulevé de terre roumain,Barre,Bilatéral,Normale,10,80,0,0,0,0,406,01:37:22
2025-01-05 18:48:04,Sunday Hams & Arms,Soulevé de terre roumain,Barre,Bilatéral,Normale,10,80,0,0,0,0,406,01:37:22
2025-01-05 18:48:04,Sunday Hams & Arms,Extension de mollet assis,Machine guidée à poulie,Bilatéral,Normale,15,40,0,0,0,0,406,01:37:22
2025-01-05 18:48:04,Sunday Hams & Arms,Extension de mollet assis,Machine guidée à poulie,Bilatéral,Normale,15,40,0,0,0,0,406,01:37:22
2025-01-05 18:48:04,Sunday Hams & Arms,Extension de mollet assis,Machine guidée à poulie,Bilatéral,Normale,15,40,0,0,0,0,406,01:37:22
2025-01-05 18:48:04,Sunday Hams & Arms,Extension de mollet assis,Machine guidée à poulie,Bilatéral,Normale,15,40,0,0,0,0,406,01:37:22
2025-01-05 18:48:04,Sunday Hams & Arms,Extension de jambes,Machine guidée à poulie,Bilatéral,Normale,15,50,0,0,0,0,406,01:37:22
2025-01-05 18:48:04,Sunday Hams & Arms,Extension de jambes,Machine guidée à poulie,Bilatéral,Normale,15,50,0,0,0,0,406,01:37:22
2025-01-05 18:48:04,Sunday Hams & Arms,Extension de jambes,Machine guidée à poulie,Bilatéral,Normale,13,50,0,0,0,0,406,01:37:22
2025-01-05 18:48:04,Sunday Hams & Arms,Curl biceps supination,Poulie vis-à-vis,Unilatéral,Normale,13,15,0,0,0,0,406,01:37:22
2025-01-05 18:48:04,Sunday Hams & Arms,Curl biceps supination,Poulie vis-à-vis,Unilatéral,Normale,13,15,0,0,0,0,406,01:37:22
2025-01-05 18:48:04,Sunday Hams & Arms,Curl biceps supination,Poulie vis-à-vis,Unilatéral,Normale,12,15,0,0,0,0,406,01:37:22
2025-01-05 18:48:04,Sunday Hams & Arms,Curl biceps supination,Poulie vis-à-vis,Unilatéral,Normale,12,15,0,0,0,0,406,01:37:22
2025-01-05 18:48:04,Sunday Hams & Arms,Extension verticale,Poulie vis-à-vis,Bilatéral,Normale,10,25,0,0,0,0,406,01:37:22
2025-01-05 18:48:04,Sunday Hams & Arms,Extension verticale,Poulie vis-à-vis,Bilatéral,Normale,11,25,0,0,0,0,406,01:37:22
2025-01-05 18:48:04,Sunday Hams & Arms,Extension verticale,Poulie vis-à-vis,Bilatéral,Normale,10,25,0,0,0,0,406,01:37:22
2025-01-05 18:48:04,Sunday Hams & Arms,Extension verticale,Poulie vis-à-vis,Bilatéral,Normale,10,25,0,0,0,0,406,01:37:22
2025-01-05 18:48:04,Sunday Hams & Arms,Flexion de poignet,Haltères,Unilatéral,Normale,15,10,0,0,0,0,406,01:37:22
2025-01-05 18:48:04,Sunday Hams & Arms,Flexion de poignet,Haltères,Unilatéral,Normale,9,10,0,0,0,0,406,01:37:22
2025-01-05 18:48:04,Sunday Hams & Arms,Flexion de poignet,Haltères,Unilatéral,Normale,12,10,0,0,0,0,406,01:37:22
2025-01-05 18:48:04,Sunday Hams & Arms,Flexion de poignet,Haltères,Unilatéral,Normale,12,10,0,0,0,0,406,01:37:22
2025-01-06 19:57:03,Monday Back & Bi's,Curl pupitre,Machine guidée à levier,Bilatéral,Normale,10,37.5,0,0,0,0,342,01:28:04
2025-01-06 19:57:03,Monday Back & Bi's,Curl pupitre,Machine guidée à levier,Bilatéral,Normale,9,37.5,0,0,0,0,342,01:28:04
2025-01-06 19:57:03,Monday Back & Bi's,Curl pupitre,Machine guidée à levier,Bilatéral,Normale,8,37.5,0,0,0,0,342,01:28:04
2025-01-06 19:57:03,Monday Back & Bi's,Curl biceps supination,Haltères,Unilatéral,Normale,6,18,0,0,0,0,342,01:28:04
2025-01-06 19:57:03,Monday Back & Bi's,Curl biceps supination,Haltères,Unilatéral,Normale,8,16,0,0,0,0,342,01:28:04
2025-01-06 19:57:03,Monday Back & Bi's,Curl biceps supination,Haltères,Unilatéral,Normale,11,16,0,0,0,0,342,01:28:04
2025-01-06 19:57:03,Monday Back & Bi's,Explosive Pull Ups,Poids du corps,Bilatéral,Normale,6,0,0,0,0,0,342,01:28:04
2025-01-06 19:57:03,Monday Back & Bi's,Explosive Pull Ups,Poids du corps,Bilatéral,Normale,6,0,0,0,0,0,342,01:28:04
2025-01-06 19:57:03,Monday Back & Bi's,Explosive Pull Ups,Poids du corps,Bilatéral,Normale,5,0,0,0,0,0,342,01:28:04
2025-01-06 19:57:03,Monday Back & Bi's,Explosive Pull Ups,Poids du corps,Bilatéral,Normale,5,0,0,0,0,0,342,01:28:04
2025-01-06 19:57:03,Monday Back & Bi's,Tirage vertical prise large,Poulie vis-à-vis,Bilatéral,Normale,10,80,0,0,0,0,342,01:28:04
2025-01-06 19:57:03,Monday Back & Bi's,Tirage vertical prise large,Poulie vis-à-vis,Bilatéral,Normale,10,80,0,0,0,0,342,01:28:04
2025-01-06 19:57:03,Monday Back & Bi's,Tirage vertical prise large,Poulie vis-à-vis,Bilatéral,Normale,9,80,0,0,0,0,342,01:28:04
2025-01-06 19:57:03,Monday Back & Bi's,Élévation latérale,Poulie vis-à-vis,Unilatéral,Normale,10,8.75,0,0,0,0,342,01:28:04
2025-01-06 19:57:03,Monday Back & Bi's,Élévation latérale,Poulie vis-à-vis,Unilatéral,Normale,10,8.75,0,0,0,0,342,01:28:04
2025-01-06 19:57:03,Monday Back & Bi's,Élévation latérale,Poulie vis-à-vis,Unilatéral,Normale,10,8.75,0,0,0,0,342,01:28:04
2025-01-06 19:57:03,Monday Back & Bi's,Élévation latérale,Poulie vis-à-vis,Unilatéral,Normale,10,8.75,0,0,0,0,342,01:28:04
2025-01-06 19:57:03,Monday Back & Bi's,Oiseau,Haltères,Bilatéral,Normale,15,6,0,0,0,0,342,01:28:04
2025-01-06 19:57:03,Monday Back & Bi's,Oiseau,Haltères,Bilatéral,Normale,12,6,0,0,0,0,342,01:28:04
2025-01-08 12:59:17,Wednesday Upper,Tirage horizontal prise large,Barre,Bilatéral,Normale,8,70,0,0,0,0,362,01:56:22
2025-01-08 12:59:17,Wednesday Upper,Tirage horizontal prise large,Barre,Bilatéral,Normale,8,70,0,0,0,0,362,01:56:22
2025-01-08 12:59:17,Wednesday Upper,Tirage horizontal prise large,Barre,Bilatéral,Normale,8,70,0,0,0,0,362,01:56:22
2025-01-08 12:59:17,Wednesday Upper,Tirage horizontal prise large,Barre,Bilatéral,Normale,8,70,0,0,0,0,362,01:56:22
2025-01-08 12:59:17,Wednesday Upper,Tirage vertical prise large,Poulie vis-à-vis,Bilatéral,Normale,8,90,0,0,0,0,362,01:56:22
2025-01-08 12:59:17,Wednesday Upper,Tirage vertical prise large,Poulie vis-à-vis,Bilatéral,Normale,8,90,0,0,0,0,362,01:56:22
2025-01-08 12:59:17,Wednesday Upper,Tirage vertical prise large,Poulie vis-à-vis,Bilatéral,Normale,8,90,0,0,0,0,362,01:56:22
2025-01-08 12:59:17,Wednesday Upper,Développé incliné,Barre,Bilatéral,Normale,8,70,0,0,0,0,362,01:56:22
2025-01-08 12:59:17,Wednesday Upper,Développé incliné,Barre,Bilatéral,Normale,9,70,0,0,0,0,362,01:56:22
2025-01-08 12:59:17,Wednesday Upper,Développé incliné,Barre,Bilatéral,Normale,9,70,0,0,0,0,362,01:56:22
2025-01-08 12:59:17,Wednesday Upper,Développé incliné,Barre,Bilatéral,Normale,8,70,0,0,0,0,362,01:56:22
2025-01-08 12:59:17,Wednesday Upper,Développé couché,Machine guidée à levier,Bilatéral,Normale,11,50,0,0,0,0,362,01:56:22
2025-01-08 12:59:17,Wednesday Upper,Développé couché,Machine guidée à levier,Bilatéral,Normale,11,50,0,0,0,0,362,01:56:22
2025-01-08 12:59:17,Wednesday Upper,Dips prise serrée,Machine guidée à levier,Bilatéral,Normale,10,80,0,0,0,0,362,01:56:22
2025-01-08 12:59:17,Wednesday Upper,Dips prise serrée,Machine guidée à levier,Bilatéral,Normale,10,80,0,0,0,0,362,01:56:22
2025-01-08 12:59:17,Wednesday Upper,Dips prise serrée,Machine guidée à levier,Bilatéral,Normale,10,80,0,0,0,0,362,01:56:22
2025-01-08 12:59:17,Wednesday Upper,Dips prise serrée,Machine guidée à levier,Bilatéral,Normale,10,80,0,0,0,0,362,01:56:22
2025-01-08 12:59:17,Wednesday Upper,Curl biceps supination,Haltères,Unilatéral,Normale,10,16,0,0,0,0,362,01:56:22
2025-01-08 12:59:17,Wednesday Upper,Curl biceps supination,Haltères,Unilatéral,Normale,10,16,0,0,0,0,362,01:56:22
2025-01-08 12:59:17,Wednesday Upper,Curl biceps supination,Haltères,Unilatéral,Normale,9,16,0,0,0,0,362,01:56:22
2025-01-08 12:59:17,Wednesday Upper,Curl biceps supination,Haltères,Unilatéral,Normale,9,16,0,0,0,0,362,01:56:22
2025-01-09 19:52:47,Thursday Quads,Extension de mollet assis,Machine guidée à poulie,Bilatéral,Normale,15,40,0,0,0,0,523,01:54:16
2025-01-09 19:52:47,Thursday Quads,Extension de mollet assis,Machine guidée à poulie,Bilatéral,Normale,15,40,0,0,0,0,523,01:54:16
2025-01-09 19:52:47,Thursday Quads,Extension de mollet assis,Machine guidée à poulie,Bilatéral,Normale,15,40,0,0,0,0,523,01:54:16
2025-01-09 19:52:47,Thursday Quads,Extension de mollet assis,Machine guidée à poulie,Bilatéral,Normale,15,40,0,0,0,0,523,01:54:16
2025-01-09 19:52:47,Thursday Quads,Flexion jambes parallèles,Barre,Bilatéral,Normale,5,110,0,0,0,0,523,01:54:16
2025-01-09 19:52:47,Thursday Quads,Flexion jambes parallèles,Barre,Bilatéral,Normale,5,110,0,0,0,0,523,01:54:16
2025-01-09 19:52:47,Thursday Quads,Flexion jambes parallèles,Barre,Bilatéral,Normale,5,110,0,0,0,0,523,01:54:16
2025-01-09 19:52:47,Thursday Quads,Flexion jambes parallèles,Barre,Bilatéral,Normale,4,110,0,0,0,0,523,01:54:16
2025-01-09 19:52:47,Thursday Quads,Extension de jambes,Machine guidée à poulie,Bilatéral,Normale,10,95,0,0,0,0,523,01:54:16
2025-01-09 19:52:47,Thursday Quads,Extension de jambes,Machine guidée à poulie,Bilatéral,Normale,12,95,0,0,0,0,523,01:54:16
2025-01-09 19:52:47,Thursday Quads,Flexion de jambes assis,Machine guidée à poulie,Bilatéral,Normale,13,80,0,0,0,0,523,01:54:16
2025-01-09 19:52:47,Thursday Quads,Flexion de jambes assis,Machine guidée à poulie,Bilatéral,Normale,12,80,0,0,0,0,523,01:54:16
2025-01-09 19:52:47,Thursday Quads,Flexion de jambes assis,Machine guidée à poulie,Bilatéral,Normale,12,80,0,0,0,0,523,01:54:16
2025-01-09 19:52:47,Thursday Quads,Extension de bras poulie haute,Poulie vis-à-vis,Bilatéral,Normale,10,40,0,0,0,0,523,01:54:16
2025-01-09 19:52:47,Thursday Quads,Extension de bras poulie haute,Poulie vis-à-vis,Bilatéral,Normale,10,40,0,0,0,0,523,01:54:16
2025-01-09 19:52:47,Thursday Quads,Extension de bras poulie haute,Poulie vis-à-vis,Bilatéral,Normale,9,40,0,0,0,0,523,01:54:16
2025-01-09 19:52:47,Thursday Quads,Extension de bras poulie haute,Poulie vis-à-vis,Bilatéral,Normale,10,40,0,0,0,0,523,01:54:16
2025-01-09 19:52:47,Thursday Quads,Curl biceps supination,Poulie vis-à-vis,Bilatéral,Normale,12,32.5,0,0,0,0,523,01:54:16
2025-01-09 19:52:47,Thursday Quads,Curl biceps supination,Poulie vis-à-vis,Bilatéral,Normale,11,32.5,0,0,0,0,523,01:54:16
2025-01-09 19:52:47,Thursday Quads,Curl biceps supination,Poulie vis-à-vis,Bilatéral,Normale,12,32.5,0,0,0,0,523,01:54:16
2025-01-09 19:52:47,Thursday Quads,Curl biceps supination,Poulie vis-à-vis,Bilatéral,Normale,10,32.5,0,0,0,0,523,01:54:16
2025-01-09 19:52:47,Thursday Quads,Flexion de poignet,Haltères,Unilatéral,Normale,10,10,0,0,0,0,523,01:54:16
2025-01-09 19:52:47,Thursday Quads,Flexion de poignet,Haltères,Unilatéral,Normale,10,10,0,0,0,0,523,01:54:16
2025-01-09 19:52:47,Thursday Quads,Flexion de poignet,Haltères,Unilatéral,Normale,11,10,0,0,0,0,523,01:54:16
2025-01-09 19:52:47,Thursday Quads,Flexion de poignet,Haltères,Unilatéral,Normale,11,10,0,0,0,0,523,01:54:16
2025-01-09 19:52:47,Thursday Quads,Marche incliné,,,Normale,0,0,613,1,0,0,523,01:54:16
2025-01-11 20:07:37,Saturday Chest,Développé incliné,Barre,Bilatéral,Normale,5,80,0,0,0,0,368,01:22:03
2025-01-11 20:07:37,Saturday Chest,Développé incliné,Barre,Bilatéral,Normale,5,80,0,0,0,0,368,01:22:03
2025-01-11 20:07:37,Saturday Chest,Développé incliné,Barre,Bilatéral,Normale,5,80,0,0,0,0,368,01:22:03
2025-01-11 20:07:37,Saturday Chest,Développé incliné,Barre,Bilatéral,Normale,5,80,0,0,0,0,368,01:22:03
2025-01-11 20:07:37,Saturday Chest,Développé incliné,Machine guidée à levier,Bilatéral,Normale,9,90,0,0,0,0,368,01:22:03
2025-01-11 20:07:37,Saturday Chest,Développé incliné,Machine guidée à levier,Bilatéral,Normale,9,90,0,0,0,0,368,01:22:03
2025-01-11 20:07:37,Saturday Chest,Extension de bras poulie haute,Poulie vis-à-vis,Bilatéral,Normale,10,40,0,0,0,0,368,01:22:03
2025-01-11 20:07:37,Saturday Chest,Extension de bras poulie haute,Poulie vis-à-vis,Bilatéral,Normale,10,40,0,0,0,0,368,01:22:03
2025-01-11 20:07:37,Saturday Chest,Extension de bras poulie haute,Poulie vis-à-vis,Bilatéral,Normale,10,40,0,0,0,0,368,01:22:03
2025-01-11 20:07:37,Saturday Chest,Extension de bras poulie haute,Poulie vis-à-vis,Bilatéral,Normale,9,40,0,0,0,0,368,01:22:03
2025-01-11 20:07:37,Saturday Chest,Extension verticale,Poulie vis-à-vis,Bilatéral,Normale,11,25,0,0,0,0,368,01:22:03
2025-01-11 20:07:37,Saturday Chest,Extension verticale,Poulie vis-à-vis,Bilatéral,Normale,12,25,0,0,0,0,368,01:22:03
2025-01-11 20:07:37,Saturday Chest,Élévation latérale,Poulie vis-à-vis,Unilatéral,Normale,11,8.75,0,0,0,0,368,01:22:03
2025-01-11 20:07:37,Saturday Chest,Élévation latérale,Poulie vis-à-vis,Unilatéral,Normale,10,8.75,0,0,0,0,368,01:22:03
2025-01-11 20:07:37,Saturday Chest,Élévation latérale,Poulie vis-à-vis,Unilatéral,Normale,11,8.75,0,0,0,0,368,01:22:03
2025-01-11 20:07:37,Saturday Chest,Élévation latérale,Poulie vis-à-vis,Unilatéral,Normale,11,8.75,0,0,0,0,368,01:22:03
2025-01-11 20:07:37,Saturday Chest,Oiseau,Haltères,Bilatéral,Normale,16,6,0,0,0,0,368,01:22:03
2025-01-11 20:07:37,Saturday Chest,Oiseau,Haltères,Bilatéral,Normale,14,6,0,0,0,0,368,01:22:03
2025-01-11 20:07:37,Saturday Chest,Écarté,Machine guidée à poulie,Bilatéral,Normale,12,77.5,0,0,0,0,368,01:22:03
2025-01-11 20:07:37,Saturday Chest,Écarté,Machine guidée à poulie,Bilatéral,Normale,10,77.5,0,0,0,0,368,01:22:03
2025-01-12 19:51:26,Sunday Hams & Arms,Soulevé de terre roumain,Barre,Bilatéral,Normale,6,90,0,0,0,0,282,01:29:13
2025-01-12 19:51:26,Sunday Hams & Arms,Soulevé de terre roumain,Barre,Bilatéral,Normale,6,80,0,0,0,0,282,01:29:13
2025-01-12 19:51:26,Sunday Hams & Arms,Soulevé de terre roumain,Barre,Bilatéral,Normale,6,80,0,0,0,0,282,01:29:13
2025-01-12 19:51:26,Sunday Hams & Arms,Extension de mollet assis,Machine guidée à poulie,Bilatéral,Normale,15,40,0,0,0,0,282,01:29:13
2025-01-12 19:51:26,Sunday Hams & Arms,Extension de mollet assis,Machine guidée à poulie,Bilatéral,Normale,15,40,0,0,0,0,282,01:29:13
2025-01-12 19:51:26,Sunday Hams & Arms,Extension de mollet assis,Machine guidée à poulie,Bilatéral,Normale,15,40,0,0,0,0,282,01:29:13
2025-01-12 19:51:26,Sunday Hams & Arms,Extension de mollet assis,Machine guidée à poulie,Bilatéral,Normale,15,40,0,0,0,0,282,01:29:13
2025-01-12 19:51:26,Sunday Hams & Arms,Extension de mollet assis,Machine guidée à poulie,Bilatéral,Normale,15,40,0,0,0,0,282,01:29:13
2025-01-12 19:51:26,Sunday Hams & Arms,Extension de jambes,Machine guidée à poulie,Bilatéral,Normale,9,102.5,0,0,0,0,282,01:29:13
2025-01-12 19:51:26,Sunday Hams & Arms,Extension de jambes,Machine guidée à poulie,Bilatéral,Normale,10,102.5,0,0,0,0,282,01:29:13
2025-01-12 19:51:26,Sunday Hams & Arms,Extension de jambes,Machine guidée à poulie,Bilatéral,Normale,9,102.5,0,0,0,0,282,01:29:13
2025-01-12 19:51:26,Sunday Hams & Arms,Extension de jambes,Machine guidée à poulie,Bilatéral,Normale,10,102.5,0,0,0,0,282,01:29:13
2025-01-12 19:51:26,Sunday Hams & Arms,Flexion de poignet,Haltères,Unilatéral,Normale,12,10,0,0,0,0,282,01:29:13
2025-01-12 19:51:26,Sunday Hams & Arms,Flexion de poignet,Haltères,Unilatéral,Normale,13,10,0,0,0,0,282,01:29:13
2025-01-12 19:51:26,Sunday Hams & Arms,Flexion de poignet,Haltères,Unilatéral,Normale,13,10,0,0,0,0,282,01:29:13
2025-01-12 19:51:26,Sunday Hams & Arms,Flexion de poignet,Haltères,Unilatéral,Normale,14,10,0,0,0,0,282,01:29:13
2025-01-13 19:50:00,Monday Back & Bi's,Curl pupitre,Machine guidée à levier,Bilatéral,Normale,8,40,0,0,0,0,352,20:47:00
2025-01-13 19:50:00,Monday Back & Bi's,Curl pupitre,Machine guidée à levier,Bilatéral,Normale,7,40,0,0,0,0,352,20:47:00
2025-01-13 19:50:00,Monday Back & Bi's,Curl pupitre,Machine guidée à levier,Bilatéral,Normale,6,40,0,0,0,0,352,20:47:00
2025-01-13 19:50:00,Monday Back & Bi's,Curl biceps supination,Haltères,Unilatéral,Normale,9,16,0,0,0,0,352,20:47:00
2025-01-13 19:50:00,Monday Back & Bi's,Curl biceps supination,Haltères,Unilatéral,Normale,9,16,0,0,0,0,352,20:47:00
2025-01-13 19:50:00,Monday Back & Bi's,Curl biceps supination,Haltères,Unilatéral,Normale,10,16,0,0,0,0,352,20:47:00
2025-01-13 19:50:00,Monday Back & Bi's,Explosive Pull Ups,Poids du corps,Bilatéral,Normale,5,0,0,0,0,0,352,20:47:00
2025-01-13 19:50:00,Monday Back & Bi's,Explosive Pull Ups,Poids du corps,Bilatéral,Normale,6,0,0,0,0,0,352,20:47:00
2025-01-13 19:50:00,Monday Back & Bi's,Explosive Pull Ups,Poids du corps,Bilatéral,Normale,5,0,0,0,0,0,352,20:47:00
2025-01-13 19:50:00,Monday Back & Bi's,Explosive Pull Ups,Poids du corps,Bilatéral,Normale,5,0,0,0,0,0,352,20:47:00
2025-01-13 19:50:00,Monday Back & Bi's,Explosive Pull Ups,Poids du corps,Bilatéral,Normale,5,0,0,0,0,0,352,20:47:00
2025-01-13 19:50:00,Monday Back & Bi's,Explosive Pull Ups,Poids du corps,Bilatéral,Dégressive,5,0,0,0,0,0,352,20:47:00
2025-01-13 19:50:00,Monday Back & Bi's,Tirage horizontal assis prise serrée,Machine guidée à poulie,Bilatéral,Normale,10,70,0,0,0,0,352,20:47:00
2025-01-13 19:50:00,Monday Back & Bi's,Tirage horizontal assis prise serrée,Machine guidée à poulie,Bilatéral,Normale,10,70,0,0,0,0,352,20:47:00
2025-01-13 19:50:00,Monday Back & Bi's,Élévation latérale,Poulie vis-à-vis,Unilatéral,Normale,11,8.75,0,0,0,0,352,20:47:00
2025-01-13 19:50:00,Monday Back & Bi's,Élévation latérale,Poulie vis-à-vis,Unilatéral,Normale,11,8.75,0,0,0,0,352,20:47:00
2025-01-13 19:50:00,Monday Back & Bi's,Élévation latérale,Poulie vis-à-vis,Unilatéral,Normale,11,8.75,0,0,0,0,352,20:47:00
2025-01-13 19:50:00,Monday Back & Bi's,Élévation latérale,Poulie vis-à-vis,Unilatéral,Normale,11,8.75,0,0,0,0,352,20:47:00
2025-01-13 19:50:00,Monday Back & Bi's,Développé militaire,Barre,Bilatéral,Normale,7,50,0,0,0,0,352,20:47:00
2025-01-13 19:50:00,Monday Back & Bi's,Développé militaire,Barre,Bilatéral,Normale,9,50,0,0,0,0,352,20:47:00
2025-01-15 19:51:45,Wednesday Upper,Tirage horizontal prise large,Barre,Bilatéral,Normale,9,70,0,0,0,0,288,01:32:10
2025-01-15 19:51:45,Wednesday Upper,Tirage horizontal prise large,Barre,Bilatéral,Normale,9,70,0,0,0,0,288,01:32:10
2025-01-15 19:51:45,Wednesday Upper,Tirage horizontal prise large,Barre,Bilatéral,Normale,8,70,0,0,0,0,288,01:32:10
2025-01-15 19:51:45,Wednesday Upper,Tirage horizontal prise large,Barre,Bilatéral,Normale,8,70,0,0,0,0,288,01:32:10
2025-01-15 19:51:45,Wednesday Upper,Tirage vertical prise large,Poulie vis-à-vis,Bilatéral,Normale,9,90,0,0,0,0,288,01:32:10
2025-01-15 19:51:45,Wednesday Upper,Tirage vertical prise large,Poulie vis-à-vis,Bilatéral,Normale,8,90,0,0,0,0,288,01:32:10
2025-01-15 19:51:45,Wednesday Upper,Tirage vertical prise large,Poulie vis-à-vis,Bilatéral,Normale,7,90,0,0,0,0,288,01:32:10
2025-01-15 19:51:45,Wednesday Upper,Développé incliné,Barre,Bilatéral,Normale,11,70,0,0,0,0,288,01:32:10
2025-01-15 19:51:45,Wednesday Upper,Développé incliné,Barre,Bilatéral,Normale,10,70,0,0,0,0,288,01:32:10
2025-01-15 19:51:45,Wednesday Upper,Développé incliné,Barre,Bilatéral,Normale,8,70,0,0,0,0,288,01:32:10
2025-01-15 19:51:45,Wednesday Upper,Développé incliné,Barre,Bilatéral,Normale,9,70,0,0,0,0,288,01:32:10
2025-01-15 19:51:45,Wednesday Upper,Développé couché,Machine guidée à levier,Bilatéral,Normale,12,50,0,0,0,0,288,01:32:10
2025-01-15 19:51:45,Wednesday Upper,Développé couché,Machine guidée à levier,Bilatéral,Normale,11,50,0,0,0,0,288,01:32:10
2025-01-15 19:51:45,Wednesday Upper,Curl incliné supination,Haltères,Alterné,Normale,8,14,0,0,0,0,288,01:32:10
2025-01-15 19:51:45,Wednesday Upper,Curl incliné supination,Haltères,Alterné,Normale,6,14,0,0,0,0,288,01:32:10
2025-01-15 19:51:45,Wednesday Upper,Curl incliné supination,Haltères,Alterné,Normale,11,12,0,0,0,0,288,01:32:10
2025-01-15 19:51:45,Wednesday Upper,Curl incliné supination,Haltères,Alterné,Normale,10,12,0,0,0,0,288,01:32:10
2025-01-16 19:49:28,Thursday Quads,Extension de mollet assis,Machine guidée à poulie,Bilatéral,Normale,15,40,0,0,0,0,523,01:57:42
2025-01-16 19:49:28,Thursday Quads,Extension de mollet assis,Machine guidée à poulie,Bilatéral,Normale,15,40,0,0,0,0,523,01:57:42
2025-01-16 19:49:28,Thursday Quads,Extension de mollet assis,Machine guidée à poulie,Bilatéral,Normale,15,40,0,0,0,0,523,01:57:42
2025-01-16 19:49:28,Thursday Quads,Extension de mollet assis,Machine guidée à poulie,Bilatéral,Normale,15,40,0,0,0,0,523,01:57:42
2025-01-16 19:49:28,Thursday Quads,Flexion jambes parallèles,Barre,Bilatéral,Normale,3,110,0,0,0,0,523,01:57:42
2025-01-16 19:49:28,Thursday Quads,Flexion jambes parallèles,Barre,Bilatéral,Normale,5,110,0,0,0,0,523,01:57:42
2025-01-16 19:49:28,Thursday Quads,Flexion jambes parallèles,Barre,Bilatéral,Normale,4,110,0,0,0,0,523,01:57:42
2025-01-16 19:49:28,Thursday Quads,Flexion jambes parallèles,Barre,Bilatéral,Normale,4,110,0,0,0,0,523,01:57:42
2025-01-16 19:49:28,Thursday Quads,Extension de jambes,Machine guidée à poulie,Bilatéral,Normale,9,102.5,0,0,0,0,523,01:57:42
2025-01-16 19:49:28,Thursday Quads,Extension de jambes,Machine guidée à poulie,Bilatéral,Normale,9,102.5,0,0,0,0,523,01:57:42
2025-01-16 19:49:28,Thursday Quads,Flexion de jambes assis,Machine guidée à poulie,Bilatéral,Normale,14,80,0,0,0,0,523,01:57:42
2025-01-16 19:49:28,Thursday Quads,Flexion de jambes assis,Machine guidée à poulie,Bilatéral,Normale,11,80,0,0,0,0,523,01:57:42
2025-01-16 19:49:28,Thursday Quads,Flexion de jambes assis,Machine guidée à poulie,Bilatéral,Normale,9,80,0,0,0,0,523,01:57:42
2025-01-16 19:49:28,Thursday Quads,Extension de bras poulie haute,Poulie vis-à-vis,Bilatéral,Normale,10,40,0,0,0,0,523,01:57:42
2025-01-16 19:49:28,Thursday Quads,Extension de bras poulie haute,Poulie vis-à-vis,Bilatéral,Normale,9,40,0,0,0,0,523,01:57:42
2025-01-16 19:49:28,Thursday Quads,Extension de bras poulie haute,Poulie vis-à-vis,Bilatéral,Normale,8,40,0,0,0,0,523,01:57:42
2025-01-16 19:49:28,Thursday Quads,Extension de bras poulie haute,Poulie vis-à-vis,Bilatéral,Normale,9,40,0,0,0,0,523,01:57:42
2025-01-16 19:49:28,Thursday Quads,Curl biceps supination,Poulie vis-à-vis,Bilatéral,Normale,9,36.25,0,0,0,0,523,01:57:42
2025-01-16 19:49:28,Thursday Quads,Curl biceps supination,Poulie vis-à-vis,Bilatéral,Normale,9,36.25,0,0,0,0,523,01:57:42
2025-01-16 19:49:28,Thursday Quads,Curl biceps supination,Poulie vis-à-vis,Bilatéral,Normale,10,36.25,0,0,0,0,523,01:57:42
2025-01-16 19:49:28,Thursday Quads,Curl biceps supination,Poulie vis-à-vis,Bilatéral,Normale,10,36.25,0,0,0,0,523,01:57:42
2025-01-16 19:49:28,Thursday Quads,Flexion de poignet,Poulie vis-à-vis,Bilatéral,Normale,11,47.5,0,0,0,0,523,01:57:42
2025-01-16 19:49:28,Thursday Quads,Flexion de poignet,Poulie vis-à-vis,Bilatéral,Normale,10,47.5,0,0,0,0,523,01:57:42
2025-01-16 19:49:28,Thursday Quads,Flexion de poignet,Poulie vis-à-vis,Bilatéral,Normale,10,47.5,0,0,0,0,523,01:57:42
2025-01-16 19:49:28,Thursday Quads,Flexion de poignet,Poulie vis-à-vis,Bilatéral,Normale,10,47.5,0,0,0,0,523,01:57:42
2025-01-16 19:49:28,Thursday Quads,Marche incliné,,,Normale,0,0,724,1.25,0,0,523,01:57:42
2025-01-18 20:01:08,Saturday Chest,Développé incliné,Barre,Bilatéral,Normale,6,80,0,0,0,0,370,01:28:16
2025-01-18 20:01:08,Saturday Chest,Développé incliné,Barre,Bilatéral,Normale,6,80,0,0,0,0,370,01:28:16
2025-01-18 20:01:08,Saturday Chest,Développé incliné,Barre,Bilatéral,Normale,6,80,0,0,0,0,370,01:28:16
2025-01-18 20:01:08,Saturday Chest,Développé incliné,Barre,Bilatéral,Normale,6,80,0,0,0,0,370,01:28:16
2025-01-18 20:01:08,Saturday Chest,Développé incliné,Machine guidée à levier,Bilatéral,Normale,8,90,0,0,0,0,370,01:28:16
2025-01-18 20:01:08,Saturday Chest,Développé incliné,Machine guidée à levier,Bilatéral,Normale,9,90,0,0,0,0,370,01:28:16
2025-01-18 20:01:08,Saturday Chest,Extension de bras poulie haute,Poulie vis-à-vis,Bilatéral,Normale,8,42.5,0,0,0,0,370,01:28:16
2025-01-18 20:01:08,Saturday Chest,Extension de bras poulie haute,Poulie vis-à-vis,Bilatéral,Normale,7,42.5,0,0,0,0,370,01:28:16
2025-01-18 20:01:08,Saturday Chest,Extension de bras poulie haute,Poulie vis-à-vis,Bilatéral,Normale,10,35,0,0,0,0,370,01:28:16
2025-01-18 20:01:08,Saturday Chest,Extension de bras poulie haute,Poulie vis-à-vis,Bilatéral,Normale,10,35,0,0,0,0,370,01:28:16
2025-01-18 20:01:08,Saturday Chest,Dips prise serrée,Machine guidée à poulie,Bilatéral,Normale,11,90,0,0,0,0,370,01:28:16
2025-01-18 20:01:08,Saturday Chest,Dips prise serrée,Machine guidée à poulie,Bilatéral,Normale,11,90,0,0,0,0,370,01:28:16
2025-01-18 20:01:08,Saturday Chest,Élévation latérale,Poulie vis-à-vis,Unilatéral,Normale,12,8.75,0,0,0,0,370,01:28:16
2025-01-18 20:01:08,Saturday Chest,Élévation latérale,Poulie vis-à-vis,Unilatéral,Normale,10,8.75,0,0,0,0,370,01:28:16
2025-01-18 20:01:08,Saturday Chest,Élévation latérale,Poulie vis-à-vis,Unilatéral,Normale,10,8.75,0,0,0,0,370,01:28:16
2025-01-18 20:01:08,Saturday Chest,Élévation latérale,Poulie vis-à-vis,Unilatéral,Normale,10,8.75,0,0,0,0,370,01:28:16
2025-01-18 20:01:08,Saturday Chest,Oiseau,Machine guidée à poulie,Unilatéral,Normale,10,22.5,0,0,0,0,370,01:28:16
2025-01-18 20:01:08,Saturday Chest,Oiseau,Machine guidée à poulie,Unilatéral,Normale,12,22.5,0,0,0,0,370,01:28:16
2025-01-18 20:01:08,Saturday Chest,Écarté,Machine guidée à poulie,Bilatéral,Normale,11,80,0,0,0,0,370,01:28:16
2025-01-18 20:01:08,Saturday Chest,Écarté,Machine guidée à poulie,Bilatéral,Normale,8,80,0,0,0,0,370,01:28:16
2025-01-19 19:49:13,Sunday Hams & Arms,Soulevé de terre roumain,Barre,Bilatéral,Normale,7,90,0,0,0,0,424,01:47:54
2025-01-19 19:49:13,Sunday Hams & Arms,Soulevé de terre roumain,Barre,Bilatéral,Normale,7,90,0,0,0,0,424,01:47:54
2025-01-19 19:49:13,Sunday Hams & Arms,Soulevé de terre roumain,Barre,Bilatéral,Normale,7,90,0,0,0,0,424,01:47:54
2025-01-19 19:49:13,Sunday Hams & Arms,Soulevé de terre roumain,Barre,Bilatéral,Normale,7,90,0,0,0,0,424,01:47:54
2025-01-19 19:49:13,Sunday Hams & Arms,Extension de mollet assis,Machine guidée à poulie,Bilatéral,Normale,15,40,0,0,0,0,424,01:47:54
2025-01-19 19:49:13,Sunday Hams & Arms,Extension de mollet assis,Machine guidée à poulie,Bilatéral,Normale,15,40,0,0,0,0,424,01:47:54
2025-01-19 19:49:13,Sunday Hams & Arms,Extension de mollet assis,Machine guidée à poulie,Bilatéral,Normale,15,40,0,0,0,0,424,01:47:54
2025-01-19 19:49:13,Sunday Hams & Arms,Extension de mollet assis,Machine guidée à poulie,Bilatéral,Normale,15,40,0,0,0,0,424,01:47:54
2025-01-19 19:49:13,Sunday Hams & Arms,Extension de mollet assis,Machine guidée à poulie,Bilatéral,Normale,15,40,0,0,0,0,424,01:47:54
2025-01-19 19:49:13,Sunday Hams & Arms,Extension de jambes,Machine guidée à poulie,Bilatéral,Normale,11,102.5,0,0,0,0,424,01:47:54
2025-01-19 19:49:13,Sunday Hams & Arms,Extension de jambes,Machine guidée à poulie,Bilatéral,Normale,12,102.5,0,0,0,0,424,01:47:54
2025-01-19 19:49:13,Sunday Hams & Arms,Extension de jambes,Machine guidée à poulie,Bilatéral,Normale,11,102.5,0,0,0,0,424,01:47:54
2025-01-19 19:49:13,Sunday Hams & Arms,Extension de jambes,Machine guidée à poulie,Bilatéral,Normale,10,102.5,0,0,0,0,424,01:47:54
2025-01-19 19:49:13,Sunday Hams & Arms,Curl biceps supination,Poulie vis-à-vis,Unilatéral,Normale,10,15,0,0,0,0,424,01:47:54
2025-01-19 19:49:13,Sunday Hams & Arms,Curl biceps supination,Poulie vis-à-vis,Unilatéral,Normale,10,15,0,0,0,0,424,01:47:54
2025-01-19 19:49:13,Sunday Hams & Arms,Curl biceps supination,Poulie vis-à-vis,Unilatéral,Normale,10,15,0,0,0,0,424,01:47:54
2025-01-19 19:49:13,Sunday Hams & Arms,Curl biceps supination,Poulie vis-à-vis,Unilatéral,Normale,10,15,0,0,0,0,424,01:47:54
2025-01-19 19:49:13,Sunday Hams & Arms,Extension verticale,Poulie vis-à-vis,Bilatéral,Normale,12,25,0,0,0,0,424,01:47:54
2025-01-19 19:49:13,Sunday Hams & Arms,Extension verticale,Poulie vis-à-vis,Bilatéral,Normale,10,25,0,0,0,0,424,01:47:54
2025-01-19 19:49:13,Sunday Hams & Arms,Extension verticale,Poulie vis-à-vis,Bilatéral,Normale,12,25,0,0,0,0,424,01:47:54
2025-01-19 19:49:13,Sunday Hams & Arms,Extension verticale,Poulie vis-à-vis,Bilatéral,Normale,12,25,0,0,0,0,424,01:47:54
2025-01-19 19:49:13,Sunday Hams & Arms,Flexion de poignet,Poulie vis-à-vis,Bilatéral,Normale,11,47.5,0,0,0,0,424,01:47:54
2025-01-19 19:49:13,Sunday Hams & Arms,Flexion de poignet,Poulie vis-à-vis,Bilatéral,Normale,10,47.5,0,0,0,0,424,01:47:54
2025-01-19 19:49:13,Sunday Hams & Arms,Flexion de poignet,Poulie vis-à-vis,Bilatéral,Normale,8,47.5,0,0,0,0,424,01:47:54
2025-01-19 19:49:13,Sunday Hams & Arms,Flexion de poignet,Poulie vis-à-vis,Bilatéral,Normale,10,47.5,0,0,0,0,424,01:47:54
2025-01-20 19:54:31,Monday Back & Bi's,Curl pupitre,Machine guidée à poulie,Bilatéral,Normale,9,57.5,0,0,0,0,370,01:42:13
2025-01-20 19:54:31,Monday Back & Bi's,Curl pupitre,Machine guidée à poulie,Bilatéral,Normale,7,62.5,0,0,0,0,370,01:42:13
2025-01-20 19:54:31,Monday Back & Bi's,Curl pupitre,Machine guidée à poulie,Bilatéral,Normale,8,62.5,0,0,0,0,370,01:42:13
2025-01-20 19:54:31,Monday Back & Bi's,Curl biceps supination,Haltères,Unilatéral,Normale,10,16,0,0,0,0,370,01:42:13
2025-01-20 19:54:31,Monday Back & Bi's,Curl biceps supination,Haltères,Unilatéral,Normale,9,16,0,0,0,0,370,01:42:13
2025-01-20 19:54:31,Monday Back & Bi's,Curl biceps supination,Haltères,Unilatéral,Normale,10,16,0,0,0,0,370,01:42:13
2025-01-20 19:54:31,Monday Back & Bi's,Explosive Pull Ups,Poids du corps,Bilatéral,Normale,5,0,0,0,0,0,370,01:42:13
2025-01-20 19:54:31,Monday Back & Bi's,Explosive Pull Ups,Poids du corps,Bilatéral,Normale,6,0,0,0,0,0,370,01:42:13
2025-01-20 19:54:31,Monday Back & Bi's,Explosive Pull Ups,Poids du corps,Bilatéral,Normale,5,0,0,0,0,0,370,01:42:13
2025-01-20 19:54:31,Monday Back & Bi's,Explosive Pull Ups,Poids du corps,Bilatéral,Normale,6,0,0,0,0,0,370,01:42:13
2025-01-20 19:54:31,Monday Back & Bi's,Explosive Pull Ups,Poids du corps,Bilatéral,Normale,5,0,0,0,0,0,370,01:42:13
2025-01-20 19:54:31,Monday Back & Bi's,Explosive Pull Ups,Poids du corps,Bilatéral,Dégressive,3,0,0,0,0,0,370,01:42:13
2025-01-20 19:54:31,Monday Back & Bi's,Tirage horizontal assis prise serrée,Machine guidée à poulie,Unilatéral,Normale,10,35,0,0,0,0,370,01:42:13
2025-01-20 19:54:31,Monday Back & Bi's,Tirage horizontal assis prise serrée,Machine guidée à poulie,Unilatéral,Normale,10,35,0,0,0,0,370,01:42:13
2025-01-20 19:54:31,Monday Back & Bi's,Élévation latérale,Poulie vis-à-vis,Unilatéral,Normale,12,8.75,0,0,0,0,370,01:42:13
2025-01-20 19:54:31,Monday Back & Bi's,Élévation latérale,Poulie vis-à-vis,Unilatéral,Normale,12,8.75,0,0,0,0,370,01:42:13
2025-01-20 19:54:31,Monday Back & Bi's,Élévation latérale,Poulie vis-à-vis,Unilatéral,Normale,12,8.75,0,0,0,0,370,01:42:13
2025-01-20 19:54:31,Monday Back & Bi's,Élévation latérale,Poulie vis-à-vis,Unilatéral,Normale,12,8.75,0,0,0,0,370,01:42:13
2025-01-20 19:54:31,Monday Back & Bi's,Développé militaire,Barre,Bilatéral,Normale,6,55,0,0,0,0,370,01:42:13
2025-01-20 19:54:31,Monday Back & Bi's,Développé militaire,Barre,Bilatéral,Normale,6,55,0,0,0,0,370,01:42:13
2025-01-20 19:54:31,Monday Back & Bi's,Développé militaire,Barre,Bilatéral,Normale,4,55,0,0,0,0,370,01:42:13
2025-01-22 19:53:28,Wednesday Upper,Tirage horizontal prise large,Barre,Bilatéral,Normale,5,75,0,0,0,0,354,01:58:40
2025-01-22 19:53:28,Wednesday Upper,Tirage horizontal prise large,Barre,Bilatéral,Normale,6,75,0,0,0,0,354,01:58:40
2025-01-22 19:53:28,Wednesday Upper,Tirage horizontal prise large,Barre,Bilatéral,Normale,6,75,0,0,0,0,354,01:58:40
2025-01-22 19:53:28,Wednesday Upper,Tirage horizontal prise large,Barre,Bilatéral,Normale,6,75,0,0,0,0,354,01:58:40
2025-01-22 19:53:28,Wednesday Upper,Développé incliné,Barre,Bilatéral,Normale,12,70,0,0,0,0,354,01:58:40
2025-01-22 19:53:28,Wednesday Upper,Développé incliné,Barre,Bilatéral,Normale,10,70,0,0,0,0,354,01:58:40
2025-01-22 19:53:28,Wednesday Upper,Développé incliné,Barre,Bilatéral,Normale,8,70,0,0,0,0,354,01:58:40
2025-01-22 19:53:28,Wednesday Upper,Développé incliné,Barre,Bilatéral,Normale,8,70,0,0,0,0,354,01:58:40
2025-01-22 19:53:28,Wednesday Upper,Tirage vertical prise large,Poulie vis-à-vis,Bilatéral,Normale,9,90,0,0,0,0,354,01:58:40
2025-01-22 19:53:28,Wednesday Upper,Tirage vertical prise large,Poulie vis-à-vis,Bilatéral,Normale,7,90,0,0,0,0,354,01:58:40
2025-01-22 19:53:28,Wednesday Upper,Tirage vertical prise large,Poulie vis-à-vis,Bilatéral,Normale,8,90,0,0,0,0,354,01:58:40
2025-01-22 19:53:28,Wednesday Upper,Développé couché,Machine guidée à levier,Bilatéral,Normale,15,50,0,0,0,0,354,01:58:40
2025-01-22 19:53:28,Wednesday Upper,Développé couché,Machine guidée à levier,Bilatéral,Normale,14,50,0,0,0,0,354,01:58:40
2025-01-22 19:53:28,Wednesday Upper,Curl pupitre,Machine guidée à levier,Bilatéral,Normale,10,35,0,0,0,0,354,01:58:40
2025-01-22 19:53:28,Wednesday Upper,Curl pupitre,Machine guidée à levier,Bilatéral,Normale,9,35,0,0,0,0,354,01:58:40
2025-01-22 19:53:28,Wednesday Upper,Curl pupitre,Machine guidée à levier,Bilatéral,Normale,9,35,0,0,0,0,354,01:58:40
2025-01-22 19:53:28,Wednesday Upper,Curl pupitre,Machine guidée à levier,Bilatéral,Normale,7,35,0,0,0,0,354,01:58:40
2025-01-22 19:53:28,Wednesday Upper,Dips prise serrée,Machine guidée à levier,Bilatéral,Normale,12,80,0,0,0,0,354,01:58:40
2025-01-22 19:53:28,Wednesday Upper,Dips prise serrée,Machine guidée à levier,Bilatéral,Normale,12,80,0,0,0,0,354,01:58:40
2025-01-22 19:53:28,Wednesday Upper,Dips prise serrée,Machine guidée à levier,Bilatéral,Normale,12,80,0,0,0,0,354,01:58:40
2025-01-22 19:53:28,Wednesday Upper,Dips prise serrée,Machine guidée à levier,Bilatéral,Normale,10,80,0,0,0,0,354,01:58:40
2025-01-23 19:54:24,Thursday Quads,Flexion jambes parallèles,Barre,Bilatéral,Normale,6,105,0,0,0,0,543,01:55:34
2025-01-23 19:54:24,Thursday Quads,Flexion jambes parallèles,Barre,Bilatéral,Normale,6,105,0,0,0,0,543,01:55:34
2025-01-23 19:54:24,Thursday Quads,Flexion jambes parallèles,Barre,Bilatéral,Normale,6,105,0,0,0,0,543,01:55:34
2025-01-23 19:54:24,Thursday Quads,Flexion jambes parallèles,Barre,Bilatéral,Normale,6,105,0,0,0,0,543,01:55:34
2025-01-23 19:54:24,Thursday Quads,Extension de bras poulie haute,Poulie vis-à-vis,Bilatéral,Normale,9,40,0,0,0,0,543,01:55:34
2025-01-23 19:54:24,Thursday Quads,Extension de bras poulie haute,Poulie vis-à-vis,Bilatéral,Normale,9,40,0,0,0,0,543,01:55:34
2025-01-23 19:54:24,Thursday Quads,Extension de bras poulie haute,Poulie vis-à-vis,Bilatéral,Normale,10,40,0,0,0,0,543,01:55:34
2025-01-23 19:54:24,Thursday Quads,Extension de bras poulie haute,Poulie vis-à-vis,Bilatéral,Normale,9,40,0,0,0,0,543,01:55:34
2025-01-23 19:54:24,Thursday Quads,Curl biceps supination,Poulie vis-à-vis,Bilatéral,Normale,9,36.25,0,0,0,0,543,01:55:34
2025-01-23 19:54:24,Thursday Quads,Curl biceps supination,Poulie vis-à-vis,Bilatéral,Normale,9,36.25,0,0,0,0,543,01:55:34
2025-01-23 19:54:24,Thursday Quads,Curl biceps supination,Poulie vis-à-vis,Bilatéral,Normale,10,36.25,0,0,0,0,543,01:55:34
2025-01-23 19:54:24,Thursday Quads,Curl biceps supination,Poulie vis-à-vis,Bilatéral,Normale,9,36.25,0,0,0,0,543,01:55:34
2025-01-23 19:54:24,Thursday Quads,Flexion de poignet,Poulie vis-à-vis,Bilatéral,Normale,12,47.5,0,0,0,0,543,01:55:34
2025-01-23 19:54:24,Thursday Quads,Flexion de poignet,Poulie vis-à-vis,Bilatéral,Normale,12,47.5,0,0,0,0,543,01:55:34
2025-01-23 19:54:24,Thursday Quads,Flexion de poignet,Poulie vis-à-vis,Bilatéral,Normale,10,47.5,0,0,0,0,543,01:55:34
2025-01-23 19:54:24,Thursday Quads,Flexion de poignet,Poulie vis-à-vis,Bilatéral,Normale,10,47.5,0,0,0,0,543,01:55:34
2025-01-23 19:54:24,Thursday Quads,Extension de mollet assis,Machine guidée à poulie,Bilatéral,Normale,15,40,0,0,0,0,543,01:55:34
2025-01-23 19:54:24,Thursday Quads,Extension de mollet assis,Machine guidée à poulie,Bilatéral,Normale,15,40,0,0,0,0,543,01:55:34
2025-01-23 19:54:24,Thursday Quads,Extension de mollet assis,Machine guidée à poulie,Bilatéral,Normale,15,40,0,0,0,0,543,01:55:34
2025-01-23 19:54:24,Thursday Quads,Extension de mollet assis,Machine guidée à poulie,Bilatéral,Normale,15,40,0,0,0,0,543,01:55:34
2025-01-23 19:54:24,Thursday Quads,Presse à cuisses allongé,Machine guidée à levier,Bilatéral,Normale,6,60,0,0,0,0,543,01:55:34
2025-01-23 19:54:24,Thursday Quads,Presse à cuisses allongé,Machine guidée à levier,Bilatéral,Normale,10,40,0,0,0,0,543,01:55:34
2025-01-23 19:54:24,Thursday Quads,Flexion de jambes assis,Machine guidée à poulie,Bilatéral,Normale,10,82.5,0,0,0,0,543,01:55:34
2025-01-23 19:54:24,Thursday Quads,Flexion de jambes assis,Machine guidée à poulie,Bilatéral,Normale,9,82.5,0,0,0,0,543,01:55:34
2025-01-23 19:54:24,Thursday Quads,Flexion de jambes assis,Machine guidée à poulie,Bilatéral,Normale,9,82.5,0,0,0,0,543,01:55:34
2025-01-23 19:54:24,Thursday Quads,Marche incliné,,,Normale,0,0,858,1.5,0,0,543,01:55:34
2025-01-27 19:53:33,Monday Back & Bi's,Curl biceps supination,Haltères,Unilatéral,Normale,12,18,0,0,0,0,235,01:14:30
2025-01-27 19:53:33,Monday Back & Bi's,Curl biceps supination,Haltères,Unilatéral,Normale,7,20,0,0,0,0,235,01:14:30
2025-01-27 19:53:33,Monday Back & Bi's,Curl biceps supination,Haltères,Unilatéral,Normale,7,20,0,0,0,0,235,01:14:30
2025-01-27 19:53:33,Monday Back & Bi's,Curl pupitre,Machine guidée à levier,Bilatéral,Normale,10,35,0,0,0,0,235,01:14:30
2025-01-27 19:53:33,Monday Back & Bi's,Curl pupitre,Machine guidée à levier,Bilatéral,Normale,8,35,0,0,0,0,235,01:14:30
2025-01-27 19:53:33,Monday Back & Bi's,Curl pupitre,Machine guidée à levier,Bilatéral,Normale,8,35,0,0,0,0,235,01:14:30
2025-01-27 19:53:33,Monday Back & Bi's,Élévation latérale,Machine guidée à poulie,Bilatéral,Normale,10,42.5,0,0,0,0,235,01:14:30
2025-01-27 19:53:33,Monday Back & Bi's,Élévation latérale,Machine guidée à poulie,Bilatéral,Normale,10,42.5,0,0,0,0,235,01:14:30
2025-01-27 19:53:33,Monday Back & Bi's,Élévation latérale,Machine guidée à poulie,Bilatéral,Normale,9,42.5,0,0,0,0,235,01:14:30
2025-01-27 19:53:33,Monday Back & Bi's,Élévation latérale,Machine guidée à poulie,Bilatéral,Normale,10,42.5,0,0,0,0,235,01:14:30
2025-01-27 19:53:33,Monday Back & Bi's,Développé militaire,Barre,Bilatéral,Normale,3,60,0,0,0,0,235,01:14:30
2025-01-27 19:53:33,Monday Back & Bi's,Développé militaire,Barre,Bilatéral,Normale,3,60,0,0,0,0,235,01:14:30
2025-01-27 19:53:33,Monday Back & Bi's,Développé militaire,Barre,Bilatéral,Normale,2,60,0,0,0,0,235,01:14:30
2025-01-27 19:53:33,Monday Back & Bi's,Développé militaire,Barre,Bilatéral,Normale,2,60,0,0,0,0,235,01:14:30
2025-01-29 20:29:17,Wednesday Upper,Développé incliné,Barre,Bilatéral,Normale,10,75,0,0,0,0,298,01:23:14
2025-01-29 20:29:17,Wednesday Upper,Développé incliné,Barre,Bilatéral,Normale,8,75,0,0,0,0,298,01:23:14
2025-01-29 20:29:17,Wednesday Upper,Développé incliné,Barre,Bilatéral,Normale,8,75,0,0,0,0,298,01:23:14
2025-01-29 20:29:17,Wednesday Upper,Développé incliné,Barre,Bilatéral,Normale,8,75,0,0,0,0,298,01:23:14
2025-01-29 20:29:17,Wednesday Upper,Développé couché,Machine guidée à levier,Bilatéral,Normale,10,55,0,0,0,0,298,01:23:14
2025-01-29 20:29:17,Wednesday Upper,Développé couché,Machine guidée à levier,Bilatéral,Normale,10,55,0,0,0,0,298,01:23:14
2025-01-29 20:29:17,Wednesday Upper,Tirage horizontal assis prise serrée,Machine guidée à levier,Unilatéral,Normale,12,20,0,0,0,0,298,01:23:14
2025-01-29 20:29:17,Wednesday Upper,Tirage horizontal assis prise serrée,Machine guidée à levier,Unilatéral,Normale,12,20,0,0,0,0,298,01:23:14
2025-01-29 20:29:17,Wednesday Upper,Tirage horizontal assis prise serrée,Machine guidée à levier,Unilatéral,Normale,12,20,0,0,0,0,298,01:23:14
2025-01-29 20:29:17,Wednesday Upper,Curl pupitre,Machine guidée à levier,Bilatéral,Normale,10,35,0,0,0,0,298,01:23:14
2025-01-29 20:29:17,Wednesday Upper,Curl pupitre,Machine guidée à levier,Bilatéral,Normale,9,35,0,0,0,0,298,01:23:14
2025-01-29 20:29:17,Wednesday Upper,Curl pupitre,Machine guidée à levier,Bilatéral,Normale,7,35,0,0,0,0,298,01:23:14
2025-01-29 20:29:17,Wednesday Upper,Curl pupitre,Machine guidée à levier,Bilatéral,Normale,7,35,0,0,0,0,298,01:23:14
2025-01-29 20:29:17,Wednesday Upper,Dips prise serrée,Machine guidée à levier,Bilatéral,Normale,12,80,0,0,0,0,298,01:23:14
2025-01-29 20:29:17,Wednesday Upper,Dips prise serrée,Machine guidée à levier,Bilatéral,Normale,11,80,0,0,0,0,298,01:23:14
2025-01-29 20:29:17,Wednesday Upper,Dips prise serrée,Machine guidée à levier,Bilatéral,Normale,8,80,0,0,0,0,298,01:23:14
2025-01-29 20:29:17,Wednesday Upper,Dips prise serrée,Machine guidée à levier,Bilatéral,Normale,8,80,0,0,0,0,298,01:23:14
2025-01-30 20:02:58,Thursday Quads,Flexion jambes parallèles,Barre,Bilatéral,Normale,6,110,0,0,0,0,613,01:39:51
2025-01-30 20:02:58,Thursday Quads,Flexion jambes parallèles,Barre,Bilatéral,Normale,6,110,0,0,0,0,613,01:39:51
2025-01-30 20:02:58,Thursday Quads,Flexion jambes parallèles,Barre,Bilatéral,Normale,6,110,0,0,0,0,613,01:39:51
2025-01-30 20:02:58,Thursday Quads,Flexion jambes parallèles,Barre,Bilatéral,Normale,6,110,0,0,0,0,613,01:39:51
2025-01-30 20:02:58,Thursday Quads,Presse à cuisses allongé,Machine guidée à levier,Bilatéral,Normale,8,50,0,0,0,0,613,01:39:51
2025-01-30 20:02:58,Thursday Quads,Presse à cuisses allongé,Machine guidée à levier,Bilatéral,Normale,8,50,0,0,0,0,613,01:39:51
2025-01-30 20:02:58,Thursday Quads,Extension de mollet assis,Machine guidée à poulie,Bilatéral,Normale,15,40,0,0,0,0,613,01:39:51
2025-01-30 20:02:58,Thursday Quads,Extension de mollet assis,Machine guidée à poulie,Bilatéral,Normale,15,40,0,0,0,0,613,01:39:51
2025-01-30 20:02:58,Thursday Quads,Extension de mollet assis,Machine guidée à poulie,Bilatéral,Normale,15,40,0,0,0,0,613,01:39:51
2025-01-30 20:02:58,Thursday Quads,Extension de mollet assis,Machine guidée à poulie,Bilatéral,Normale,15,40,0,0,0,0,613,01:39:51
2025-01-30 20:02:58,Thursday Quads,Extension de bras poulie haute,Poulie vis-à-vis,Bilatéral,Normale,9,40,0,0,0,0,613,01:39:51
2025-01-30 20:02:58,Thursday Quads,Extension de bras poulie haute,Poulie vis-à-vis,Bilatéral,Normale,10,40,0,0,0,0,613,01:39:51
2025-01-30 20:02:58,Thursday Quads,Extension de bras poulie haute,Poulie vis-à-vis,Bilatéral,Normale,12,40,0,0,0,0,613,01:39:51
2025-01-30 20:02:58,Thursday Quads,Extension de bras poulie haute,Poulie vis-à-vis,Bilatéral,Normale,9,40,0,0,0,0,613,01:39:51
2025-01-30 20:02:58,Thursday Quads,Curl biceps supination,Poulie vis-à-vis,Bilatéral,Normale,10,36.25,0,0,0,0,613,01:39:51
2025-01-30 20:02:58,Thursday Quads,Curl biceps supination,Poulie vis-à-vis,Bilatéral,Normale,10,36.25,0,0,0,0,613,01:39:51
2025-01-30 20:02:58,Thursday Quads,Curl biceps supination,Poulie vis-à-vis,Bilatéral,Normale,10,36.25,0,0,0,0,613,01:39:51
2025-01-30 20:02:58,Thursday Quads,Curl biceps supination,Poulie vis-à-vis,Bilatéral,Normale,10,36.25,0,0,0,0,613,01:39:51
2025-01-30 20:02:58,Thursday Quads,Flexion de poignet,Poulie vis-à-vis,Bilatéral,Normale,12,47.5,0,0,0,0,613,01:39:51
2025-01-30 20:02:58,Thursday Quads,Flexion de poignet,Poulie vis-à-vis,Bilatéral,Normale,10,47.5,0,0,0,0,613,01:39:51
2025-01-30 20:02:58,Thursday Quads,Flexion de poignet,Poulie vis-à-vis,Bilatéral,Normale,10,47.5,0,0,0,0,613,01:39:51
2025-01-30 20:02:58,Thursday Quads,Flexion de poignet,Poulie vis-à-vis,Bilatéral,Normale,10,47.5,0,0,0,0,613,01:39:51
2025-01-30 20:02:58,Thursday Quads,Marche incliné,,,Normale,0,0,980,0.3,0,0,613,01:39:51
2025-02-02 19:44:33,Saturday Chest,Développé incliné,Barre,Bilatéral,Normale,5,82.5,0,0,0,0,374,01:26:49
2025-02-02 19:44:33,Saturday Chest,Développé incliné,Barre,Bilatéral,Normale,6,82.5,0,0,0,0,374,01:26:49
2025-02-02 19:44:33,Saturday Chest,Développé incliné,Barre,Bilatéral,Normale,5,82.5,0,0,0,0,374,01:26:49
2025-02-02 19:44:33,Saturday Chest,Développé incliné,Barre,Bilatéral,Normale,5,82.5,0,0,0,0,374,01:26:49
2025-02-02 19:44:33,Saturday Chest,Développé incliné,Machine guidée à levier,Bilatéral,Normale,10,90,0,0,0,0,374,01:26:49
2025-02-02 19:44:33,Saturday Chest,Développé incliné,Machine guidée à levier,Bilatéral,Normale,8,90,0,0,0,0,374,01:26:49
2025-02-02 19:44:33,Saturday Chest,Extension de bras poulie haute,Poulie vis-à-vis,Bilatéral,Normale,10,40,0,0,0,0,374,01:26:49
2025-02-02 19:44:33,Saturday Chest,Extension de bras poulie haute,Poulie vis-à-vis,Bilatéral,Normale,10,40,0,0,0,0,374,01:26:49
2025-02-02 19:44:33,Saturday Chest,Extension de bras poulie haute,Poulie vis-à-vis,Bilatéral,Normale,9,40,0,0,0,0,374,01:26:49
2025-02-02 19:44:33,Saturday Chest,Extension de bras poulie haute,Poulie vis-à-vis,Bilatéral,Normale,8,40,0,0,0,0,374,01:26:49
2025-02-02 19:44:33,Saturday Chest,Élévation latérale,Poulie vis-à-vis,Unilatéral,Normale,12,8.75,0,0,0,0,374,01:26:49
2025-02-02 19:44:33,Saturday Chest,Élévation latérale,Poulie vis-à-vis,Unilatéral,Normale,12,8.75,0,0,0,0,374,01:26:49
2025-02-02 19:44:33,Saturday Chest,Élévation latérale,Poulie vis-à-vis,Unilatéral,Normale,10,8.75,0,0,0,0,374,01:26:49
2025-02-02 19:44:33,Saturday Chest,Élévation latérale,Poulie vis-à-vis,Unilatéral,Normale,10,8.75,0,0,0,0,374,01:26:49
2025-02-02 19:44:33,Saturday Chest,Dips prise serrée,Machine guidée à poulie,Bilatéral,Normale,11,95,0,0,0,0,374,01:26:49
2025-02-02 19:44:33,Saturday Chest,Dips prise serrée,Machine guidée à poulie,Bilatéral,Normale,10,95,0,0,0,0,374,01:26:49
2025-02-02 19:44:33,Saturday Chest,Oiseau,Machine guidée à poulie,Unilatéral,Normale,14,22.5,0,0,0,0,374,01:26:49
2025-02-02 19:44:33,Saturday Chest,Oiseau,Machine guidée à poulie,Unilatéral,Normale,13,22.5,0,0,0,0,374,01:26:49
2025-02-02 19:44:33,Saturday Chest,Écarté,Machine guidée à poulie,Bilatéral,Normale,13,80,0,0,0,0,374,01:26:49
2025-02-02 19:44:33,Saturday Chest,Écarté,Machine guidée à poulie,Bilatéral,Normale,10,80,0,0,0,0,374,01:26:49
2025-02-03 19:50:00,Monday Back & Bi's,Curl pupitre,Machine guidée à levier,Bilatéral,Normale,9,40,0,0,0,0,360,11:24:00
2025-02-03 19:50:00,Monday Back & Bi's,Curl pupitre,Machine guidée à levier,Bilatéral,Normale,7,40,0,0,0,0,360,11:24:00
2025-02-03 19:50:00,Monday Back & Bi's,Curl pupitre,Machine guidée à levier,Bilatéral,Normale,7,40,0,0,0,0,360,11:24:00
2025-02-03 19:50:00,Monday Back & Bi's,Curl biceps supination,Haltères,Unilatéral,Normale,7,18,0,0,0,0,360,11:24:00
2025-02-03 19:50:00,Monday Back & Bi's,Curl biceps supination,Haltères,Unilatéral,Normale,8,18,0,0,0,0,360,11:24:00
2025-02-03 19:50:00,Monday Back & Bi's,Curl biceps supination,Haltères,Unilatéral,Normale,8,18,0,0,0,0,360,11:24:00
2025-02-03 19:50:00,Monday Back & Bi's,Explosive Pull Ups,Poids du corps,Bilatéral,Normale,6,0,0,0,0,0,360,11:24:00
2025-02-03 19:50:00,Monday Back & Bi's,Explosive Pull Ups,Poids du corps,Bilatéral,Normale,6,0,0,0,0,0,360,11:24:00
2025-02-03 19:50:00,Monday Back & Bi's,Explosive Pull Ups,Poids du corps,Bilatéral,Normale,5,0,0,0,0,0,360,11:24:00
2025-02-03 19:50:00,Monday Back & Bi's,Explosive Pull Ups,Poids du corps,Bilatéral,Normale,5,0,0,0,0,0,360,11:24:00
2025-02-03 19:50:00,Monday Back & Bi's,Explosive Pull Ups,Poids du corps,Bilatéral,Normale,5,0,0,0,0,0,360,11:24:00
2025-02-03 19:50:00,Monday Back & Bi's,Tirage horizontal assis prise serrée,Machine guidée à poulie,Unilatéral,Normale,10,35,0,0,0,0,360,11:24:00
2025-02-03 19:50:00,Monday Back & Bi's,Tirage horizontal assis prise serrée,Machine guidée à poulie,Unilatéral,Normale,10,35,0,0,0,0,360,11:24:00
2025-02-03 19:50:00,Monday Back & Bi's,Tirage horizontal assis prise serrée,Machine guidée à poulie,Unilatéral,Normale,10,35,0,0,0,0,360,11:24:00
2025-02-03 19:50:00,Monday Back & Bi's,Développé militaire,Barre,Bilatéral,Normale,4,60,0,0,0,0,360,11:24:00
2025-02-03 19:50:00,Monday Back & Bi's,Développé militaire,Barre,Bilatéral,Normale,4,60,0,0,0,0,360,11:24:00
2025-02-03 19:50:00,Monday Back & Bi's,Développé militaire,Barre,Bilatéral,Normale,4,60,0,0,0,0,360,11:24:00
2025-02-03 19:50:00,Monday Back & Bi's,Élévation latérale,Machine guidée à levier,Bilatéral,Normale,14,7.5,0,0,0,0,360,11:24:00
2025-02-03 19:50:00,Monday Back & Bi's,Élévation latérale,Machine guidée à levier,Bilatéral,Normale,13,7.5,0,0,0,0,360,11:24:00
2025-02-03 19:50:00,Monday Back & Bi's,Élévation latérale,Machine guidée à levier,Bilatéral,Normale,13,7.5,0,0,0,0,360,11:24:00
2025-02-03 19:50:00,Monday Back & Bi's,Élévation latérale,Machine guidée à levier,Bilatéral,Normale,12,7.5,0,0,0,0,360,11:24:00
2025-02-05 19:52:15,Wednesday Upper,Tirage horizontal prise large,Barre,Bilatéral,Normale,5,80,0,0,0,0,350,01:49:08
2025-02-05 19:52:15,Wednesday Upper,Tirage horizontal prise large,Barre,Bilatéral,Normale,5,80,0,0,0,0,350,01:49:08
2025-02-05 19:52:15,Wednesday Upper,Tirage horizontal prise large,Barre,Bilatéral,Normale,5,80,0,0,0,0,350,01:49:08
2025-02-05 19:52:15,Wednesday Upper,Tirage horizontal prise large,Barre,Bilatéral,Normale,4,80,0,0,0,0,350,01:49:08
2025-02-05 19:52:15,Wednesday Upper,Développé incliné,Barre,Bilatéral,Normale,10,72.5,0,0,0,0,350,01:49:08
2025-02-05 19:52:15,Wednesday Upper,Développé incliné,Barre,Bilatéral,Normale,10,72.5,0,0,0,0,350,01:49:08
2025-02-05 19:52:15,Wednesday Upper,Développé incliné,Barre,Bilatéral,Normale,9,72.5,0,0,0,0,350,01:49:08
2025-02-05 19:52:15,Wednesday Upper,Développé incliné,Barre,Bilatéral,Normale,8,72.5,0,0,0,0,350,01:49:08
2025-02-05 19:52:15,Wednesday Upper,Tirage vertical prise large,Poulie vis-à-vis,Bilatéral,Normale,10,90,0,0,0,0,350,01:49:08
2025-02-05 19:52:15,Wednesday Upper,Tirage vertical prise large,Poulie vis-à-vis,Bilatéral,Normale,8,90,0,0,0,0,350,01:49:08
2025-02-05 19:52:15,Wednesday Upper,Tirage vertical prise large,Poulie vis-à-vis,Bilatéral,Normale,8,90,0,0,0,0,350,01:49:08
2025-02-05 19:52:15,Wednesday Upper,Développé couché,Machine guidée à levier,Bilatéral,Normale,11,90,0,0,0,0,350,01:49:08
2025-02-05 19:52:15,Wednesday Upper,Développé couché,Machine guidée à levier,Bilatéral,Normale,9,90,0,0,0,0,350,01:49:08
2025-02-05 19:52:15,Wednesday Upper,Curl pupitre,Machine guidée à levier,Bilatéral,Normale,11,35,0,0,0,0,350,01:49:08
2025-02-05 19:52:15,Wednesday Upper,Curl pupitre,Machine guidée à levier,Bilatéral,Normale,9,35,0,0,0,0,350,01:49:08
2025-02-05 19:52:15,Wednesday Upper,Curl pupitre,Machine guidée à levier,Bilatéral,Normale,7,35,0,0,0,0,350,01:49:08
2025-02-05 19:52:15,Wednesday Upper,Curl pupitre,Machine guidée à levier,Bilatéral,Normale,7,35,0,0,0,0,350,01:49:08
2025-02-05 19:52:15,Wednesday Upper,Dips prise serrée,Machine guidée à levier,Bilatéral,Normale,12,85,0,0,0,0,350,01:49:08
2025-02-05 19:52:15,Wednesday Upper,Dips prise serrée,Machine guidée à levier,Bilatéral,Normale,11,85,0,0,0,0,350,01:49:08
2025-02-05 19:52:15,Wednesday Upper,Dips prise serrée,Machine guidée à levier,Bilatéral,Normale,9,85,0,0,0,0,350,01:49:08
2025-02-05 19:52:15,Wednesday Upper,Dips prise serrée,Machine guidée à levier,Bilatéral,Normale,8,85,0,0,0,0,350,01:49:08
2025-02-06 19:51:57,Thursday Quads,Flexion jambes parallèles,Barre,Bilatéral,Normale,4,115,0,0,0,0,435,01:48:24
2025-02-06 19:51:57,Thursday Quads,Flexion jambes parallèles,Barre,Bilatéral,Normale,5,115,0,0,0,0,435,01:48:24
2025-02-06 19:51:57,Thursday Quads,Flexion jambes parallèles,Barre,Bilatéral,Normale,5,115,0,0,0,0,435,01:48:24
2025-02-06 19:51:57,Thursday Quads,Flexion jambes parallèles,Barre,Bilatéral,Normale,5,115,0,0,0,0,435,01:48:24
2025-02-06 19:51:57,Thursday Quads,Extension de mollet assis,Machine guidée à poulie,Bilatéral,Normale,15,40,0,0,0,0,435,01:48:24
2025-02-06 19:51:57,Thursday Quads,Extension de mollet assis,Machine guidée à poulie,Bilatéral,Normale,15,40,0,0,0,0,435,01:48:24
2025-02-06 19:51:57,Thursday Quads,Extension de mollet assis,Machine guidée à poulie,Bilatéral,Normale,15,40,0,0,0,0,435,01:48:24
2025-02-06 19:51:57,Thursday Quads,Extension de mollet assis,Machine guidée à poulie,Bilatéral,Normale,15,40,0,0,0,0,435,01:48:24
2025-02-06 19:51:57,Thursday Quads,Extension de jambes,Machine guidée à levier,Bilatéral,Normale,9,70,0,0,0,0,435,01:48:24
2025-02-06 19:51:57,Thursday Quads,Extension de jambes,Machine guidée à levier,Bilatéral,Normale,10,70,0,0,0,0,435,01:48:24
2025-02-06 19:51:57,Thursday Quads,Extension de jambes,Machine guidée à levier,Bilatéral,Normale,9,70,0,0,0,0,435,01:48:24
2025-02-06 19:51:57,Thursday Quads,Dips prise serrée,Machine guidée à poulie,Bilatéral,Normale,10,100,0,0,0,0,435,01:48:24
2025-02-06 19:51:57,Thursday Quads,Dips prise serrée,Machine guidée à poulie,Bilatéral,Normale,11,100,0,0,0,0,435,01:48:24
2025-02-06 19:51:57,Thursday Quads,Dips prise serrée,Machine guidée à poulie,Bilatéral,Normale,10,100,0,0,0,0,435,01:48:24
2025-02-06 19:51:57,Thursday Quads,Dips prise serrée,Machine guidée à poulie,Bilatéral,Normale,11,100,0,0,0,0,435,01:48:24
2025-02-06 19:51:57,Thursday Quads,Curl marteau,Poulie vis-à-vis,Bilatéral,Normale,10,32.5,0,0,0,0,435,01:48:24
2025-02-06 19:51:57,Thursday Quads,Curl marteau,Poulie vis-à-vis,Bilatéral,Normale,10,32.5,0,0,0,0,435,01:48:24
2025-02-06 19:51:57,Thursday Quads,Curl marteau,Poulie vis-à-vis,Bilatéral,Normale,10,32.5,0,0,0,0,435,01:48:24
2025-02-06 19:51:57,Thursday Quads,Curl marteau,Poulie vis-à-vis,Bilatéral,Normale,10,28.75,0,0,0,0,435,01:48:24
2025-02-06 19:51:57,Thursday Quads,Curl marteau,Poulie vis-à-vis,Bilatéral,Normale,10,28.75,0,0,0,0,435,01:48:24
2025-02-06 19:51:57,Thursday Quads,Curl marteau,Poulie vis-à-vis,Bilatéral,Normale,10,28.75,0,0,0,0,435,01:48:24
2025-02-06 19:51:57,Thursday Quads,Marche incliné,,,Normale,0,0,655,0.2,0,0,435,01:48:24
2025-02-08 09:47:10,Saturday Chest,Développé incliné,Machine guidée à levier,Bilatéral,Normale,8,100,0,0,0,0,373,01:39:13
2025-02-08 09:47:10,Saturday Chest,Développé incliné,Machine guidée à levier,Bilatéral,Normale,6,110,0,0,0,0,373,01:39:13
2025-02-08 09:47:10,Saturday Chest,Développé incliné,Machine guidée à levier,Bilatéral,Normale,6,110,0,0,0,0,373,01:39:13
2025-02-08 09:47:10,Saturday Chest,Développé incliné,Machine guidée à levier,Bilatéral,Normale,6,110,0,0,0,0,373,01:39:13
2025-02-08 09:47:10,Saturday Chest,Développé couché,Machine guidée à levier,Bilatéral,Normale,9,60,0,0,0,0,373,01:39:13
2025-02-08 09:47:10,Saturday Chest,Développé couché,Machine guidée à levier,Bilatéral,Normale,10,60,0,0,0,0,373,01:39:13
2025-02-08 09:47:10,Saturday Chest,Dips prise serrée,Machine guidée à levier,Bilatéral,Normale,8,90,0,0,0,0,373,01:39:13
2025-02-08 09:47:10,Saturday Chest,Dips prise serrée,Machine guidée à levier,Bilatéral,Normale,9,90,0,0,0,0,373,01:39:13
2025-02-08 09:47:10,Saturday Chest,Dips prise serrée,Machine guidée à levier,Bilatéral,Normale,9,90,0,0,0,0,373,01:39:13
2025-02-08 09:47:10,Saturday Chest,Dips prise serrée,Machine guidée à levier,Bilatéral,Normale,8,90,0,0,0,0,373,01:39:13
2025-02-08 09:47:10,Saturday Chest,Barre au front,Barre,Bilatéral,Normale,12,20,0,0,0,0,373,01:39:13
2025-02-08 09:47:10,Saturday Chest,Barre au front,Barre,Bilatéral,Normale,14,20,0,0,0,0,373,01:39:13
2025-02-08 09:47:10,Saturday Chest,Élévation latérale,Poulie vis-à-vis,Unilatéral,Normale,10,10,0,0,0,0,373,01:39:13
2025-02-08 09:47:10,Saturday Chest,Élévation latérale,Poulie vis-à-vis,Unilatéral,Normale,10,10,0,0,0,0,373,01:39:13
2025-02-08 09:47:10,Saturday Chest,Élévation latérale,Poulie vis-à-vis,Unilatéral,Normale,12,8.75,0,0,0,0,373,01:39:13
2025-02-08 09:47:10,Saturday Chest,Élévation latérale,Poulie vis-à-vis,Unilatéral,Normale,12,8.75,0,0,0,0,373,01:39:13
2025-02-08 09:47:10,Saturday Chest,Oiseau,Machine guidée à poulie,Unilatéral,Normale,11,25,0,0,0,0,373,01:39:13
2025-02-08 09:47:10,Saturday Chest,Oiseau,Machine guidée à poulie,Unilatéral,Normale,12,25,0,0,0,0,373,01:39:13
2025-02-08 09:47:10,Saturday Chest,Écarté,Machine guidée à poulie,Bilatéral,Normale,12,80,0,0,0,0,373,01:39:13
2025-02-08 09:47:10,Saturday Chest,Écarté,Machine guidée à poulie,Bilatéral,Normale,10,80,0,0,0,0,373,01:39:13
2025-02-10 20:03:11,Monday Back & Bi's,Curl biceps supination,Haltères,Unilatéral,Normale,8,20,0,0,0,0,351,01:36:15
2025-02-10 20:03:11,Monday Back & Bi's,Curl biceps supination,Haltères,Unilatéral,Normale,8,20,0,0,0,0,351,01:36:15
2025-02-10 20:03:11,Monday Back & Bi's,Curl biceps supination,Haltères,Unilatéral,Normale,8,20,0,0,0,0,351,01:36:15
2025-02-10 20:03:11,Monday Back & Bi's,Curl pupitre,Machine guidée à poulie,Bilatéral,Normale,8,65,0,0,0,0,351,01:36:15
2025-02-10 20:03:11,Monday Back & Bi's,Curl pupitre,Machine guidée à poulie,Bilatéral,Normale,5,65,0,0,0,0,351,01:36:15
2025-02-10 20:03:11,Monday Back & Bi's,Curl pupitre,Machine guidée à poulie,Bilatéral,Normale,7,57.5,0,0,0,0,351,01:36:15
2025-02-10 20:03:11,Monday Back & Bi's,Explosive Pull Ups,Poids du corps,Bilatéral,Normale,4,0,0,0,0,0,351,01:36:15
2025-02-10 20:03:11,Monday Back & Bi's,Explosive Pull Ups,Poids du corps,Bilatéral,Normale,5,0,0,0,0,0,351,01:36:15
2025-02-10 20:03:11,Monday Back & Bi's,Explosive Pull Ups,Poids du corps,Bilatéral,Normale,4,0,0,0,0,0,351,01:36:15
2025-02-10 20:03:11,Monday Back & Bi's,Explosive Pull Ups,Poids du corps,Bilatéral,Normale,5,0,0,0,0,0,351,01:36:15
2025-02-10 20:03:11,Monday Back & Bi's,Explosive Pull Ups,Poids du corps,Bilatéral,Normale,4,0,0,0,0,0,351,01:36:15
2025-02-10 20:03:11,Monday Back & Bi's,Tirage horizontal assis prise serrée,Machine guidée à poulie,Bilatéral,Normale,12,70,0,0,0,0,351,01:36:15
2025-02-10 20:03:11,Monday Back & Bi's,Tirage horizontal assis prise serrée,Machine guidée à poulie,Bilatéral,Normale,9,80,0,0,0,0,351,01:36:15
2025-02-10 20:03:11,Monday Back & Bi's,Tirage horizontal assis prise serrée,Machine guidée à poulie,Bilatéral,Normale,9,80,0,0,0,0,351,01:36:15
2025-02-10 20:03:11,Monday Back & Bi's,Développé militaire,Barre,Bilatéral,Normale,4,60,0,0,0,0,351,01:36:15
2025-02-10 20:03:11,Monday Back & Bi's,Développé militaire,Barre,Bilatéral,Normale,5,60,0,0,0,0,351,01:36:15
2025-02-10 20:03:11,Monday Back & Bi's,Développé militaire,Barre,Bilatéral,Normale,5,60,0,0,0,0,351,01:36:15
2025-02-10 20:03:11,Monday Back & Bi's,Élévation latérale,Haltères,Bilatéral,Normale,14,12,0,0,0,0,351,01:36:15
2025-02-10 20:03:11,Monday Back & Bi's,Élévation latérale,Haltères,Bilatéral,Normale,11,12,0,0,0,0,351,01:36:15
2025-02-10 20:03:11,Monday Back & Bi's,Élévation latérale,Haltères,Bilatéral,Normale,13,12,0,0,0,0,351,01:36:15
2025-02-10 20:03:11,Monday Back & Bi's,Élévation latérale,Haltères,Bilatéral,Normale,10,10,0,0,0,0,351,01:36:15
2025-02-11 14:55:05,Fractionné 8x400m,,,,Normale,,,0,0,,,151,01:06:08
2025-02-12 19:55:35,Wednesday Upper,Tirage horizontal prise large,Barre,Bilatéral,Normale,5,80,0,0,0,0,353,01:46:58
2025-02-12 19:55:35,Wednesday Upper,Tirage horizontal prise large,Barre,Bilatéral,Normale,4,80,0,0,0,0,353,01:46:58
2025-02-12 19:55:35,Wednesday Upper,Tirage horizontal prise large,Barre,Bilatéral,Normale,5,80,0,0,0,0,353,01:46:58
2025-02-12 19:55:35,Wednesday Upper,Tirage horizontal prise large,Barre,Bilatéral,Normale,4,80,0,0,0,0,353,01:46:58
2025-02-12 19:55:35,Wednesday Upper,Développé incliné,Machine guidée à levier,Bilatéral,Normale,9,100,0,0,0,0,353,01:46:58
2025-02-12 19:55:35,Wednesday Upper,Développé incliné,Machine guidée à levier,Bilatéral,Normale,10,90,0,0,0,0,353,01:46:58
2025-02-12 19:55:35,Wednesday Upper,Développé incliné,Machine guidée à levier,Bilatéral,Normale,8,90,0,0,0,0,353,01:46:58
2025-02-12 19:55:35,Wednesday Upper,Développé incliné,Machine guidée à levier,Bilatéral,Normale,7,90,0,0,0,0,353,01:46:58
2025-02-12 19:55:35,Wednesday Upper,Développé couché,Machine guidée à levier,Bilatéral,Normale,11,60,0,0,0,0,353,01:46:58
2025-02-12 19:55:35,Wednesday Upper,Développé couché,Machine guidée à levier,Bilatéral,Normale,10,60,0,0,0,0,353,01:46:58
2025-02-12 19:55:35,Wednesday Upper,Tirage vertical prise large,Poulie vis-à-vis,Bilatéral,Normale,8,90,0,0,0,0,353,01:46:58
2025-02-12 19:55:35,Wednesday Upper,Tirage vertical prise large,Poulie vis-à-vis,Bilatéral,Normale,8,90,0,0,0,0,353,01:46:58
2025-02-12 19:55:35,Wednesday Upper,Tirage vertical prise large,Poulie vis-à-vis,Bilatéral,Normale,7,90,0,0,0,0,353,01:46:58
2025-02-12 19:55:35,Wednesday Upper,Dips prise serrée,Machine guidée à levier,Bilatéral,Normale,10,90,0,0,0,0,353,01:46:58
2025-02-12 19:55:35,Wednesday Upper,Dips prise serrée,Machine guidée à levier,Bilatéral,Normale,9,90,0,0,0,0,353,01:46:58
2025-02-12 19:55:35,Wednesday Upper,Dips prise serrée,Machine guidée à levier,Bilatéral,Normale,7,90,0,0,0,0,353,01:46:58
2025-02-12 19:55:35,Wednesday Upper,Dips prise serrée,Machine guidée à levier,Bilatéral,Normale,8,90,0,0,0,0,353,01:46:58
2025-02-12 19:55:35,Wednesday Upper,Curl pupitre,Haltères,Unilatéral,Normale,7,14,0,0,0,0,353,01:46:58
2025-02-12 19:55:35,Wednesday Upper,Curl pupitre,Haltères,Unilatéral,Normale,6,12,0,0,0,0,353,01:46:58
2025-02-12 19:55:35,Wednesday Upper,Curl pupitre,Haltères,Unilatéral,Normale,8,12,0,0,0,0,353,01:46:58
2025-02-12 19:55:35,Wednesday Upper,Curl pupitre,Haltères,Unilatéral,Normale,8,12,0,0,0,0,353,01:46:58
2025-02-15 08:04:36,Saturday Chest,Développé incliné,Barre,Bilatéral,Normale,4,85,0,0,0,0,369,01:33:26
2025-02-15 08:04:36,Saturday Chest,Développé incliné,Barre,Bilatéral,Normale,4,85,0,0,0,0,369,01:33:26
2025-02-15 08:04:36,Saturday Chest,Développé incliné,Barre,Bilatéral,Normale,5,85,0,0,0,0,369,01:33:26
2025-02-15 08:04:36,Saturday Chest,Développé incliné,Barre,Bilatéral,Normale,5,85,0,0,0,0,369,01:33:26
2025-02-15 08:04:36,Saturday Chest,Développé incliné,Haltères,Bilatéral,Normale,10,30,0,0,0,0,369,01:33:26
2025-02-15 08:04:36,Saturday Chest,Développé incliné,Haltères,Bilatéral,Normale,7,32,0,0,0,0,369,01:33:26
2025-02-15 08:04:36,Saturday Chest,Extension de bras poulie haute,Poulie vis-à-vis,Bilatéral,Normale,10,40,0,0,0,0,369,01:33:26
2025-02-15 08:04:36,Saturday Chest,Extension de bras poulie haute,Poulie vis-à-vis,Bilatéral,Normale,8,40,0,0,0,0,369,01:33:26
2025-02-15 08:04:36,Saturday Chest,Extension de bras poulie haute,Poulie vis-à-vis,Bilatéral,Normale,9,40,0,0,0,0,369,01:33:26
2025-02-15 08:04:36,Saturday Chest,Extension de bras poulie haute,Poulie vis-à-vis,Bilatéral,Normale,8,40,0,0,0,0,369,01:33:26
2025-02-15 08:04:36,Saturday Chest,Extension verticale,Poulie vis-à-vis,Bilatéral,Normale,9,28.75,0,0,0,0,369,01:33:26
2025-02-15 08:04:36,Saturday Chest,Extension verticale,Poulie vis-à-vis,Bilatéral,Normale,10,25,0,0,0,0,369,01:33:26
2025-02-15 08:04:36,Saturday Chest,Élévation latérale,Poulie vis-à-vis,Unilatéral,Normale,10,10,0,0,0,0,369,01:33:26
2025-02-15 08:04:36,Saturday Chest,Élévation latérale,Poulie vis-à-vis,Unilatéral,Normale,9,10,0,0,0,0,369,01:33:26
2025-02-15 08:04:36,Saturday Chest,Élévation latérale,Poulie vis-à-vis,Unilatéral,Normale,12,8.75,0,0,0,0,369,01:33:26
2025-02-15 08:04:36,Saturday Chest,Élévation latérale,Poulie vis-à-vis,Unilatéral,Normale,11,8.75,0,0,0,0,369,01:33:26
2025-02-15 08:04:36,Saturday Chest,Oiseau,Machine guidée à poulie,Unilatéral,Normale,12,25,0,0,0,0,369,01:33:26
2025-02-15 08:04:36,Saturday Chest,Oiseau,Machine guidée à poulie,Unilatéral,Normale,12,25,0,0,0,0,369,01:33:26
2025-02-15 08:04:36,Saturday Chest,Écarté,Machine guidée à poulie,Bilatéral,Normale,13,82.5,0,0,0,0,369,01:33:26
2025-02-15 08:04:36,Saturday Chest,Écarté,Machine guidée à poulie,Bilatéral,Normale,10,82.5,0,0,0,0,369,01:33:26
2025-02-16 14:32:18,Sunday Hams & Arms,Soulevé de terre roumain,Barre,Bilatéral,Normale,9,90,0,0,0,0,397,01:49:46
2025-02-16 14:32:18,Sunday Hams & Arms,Soulevé de terre roumain,Barre,Bilatéral,Normale,6,100,0,0,0,0,397,01:49:46
2025-02-16 14:32:18,Sunday Hams & Arms,Soulevé de terre roumain,Barre,Bilatéral,Normale,7,100,0,0,0,0,397,01:49:46
2025-02-16 14:32:18,Sunday Hams & Arms,Soulevé de terre roumain,Barre,Bilatéral,Normale,7,100,0,0,0,0,397,01:49:46
2025-02-16 14:32:18,Sunday Hams & Arms,Extension de mollet debout,Machine guidée à poulie,Bilatéral,Normale,16,110,0,0,0,0,397,01:49:46
2025-02-16 14:32:18,Sunday Hams & Arms,Extension de mollet debout,Machine guidée à poulie,Bilatéral,Normale,16,110,0,0,0,0,397,01:49:46
2025-02-16 14:32:18,Sunday Hams & Arms,Extension de mollet debout,Machine guidée à poulie,Bilatéral,Normale,15,110,0,0,0,0,397,01:49:46
2025-02-16 14:32:18,Sunday Hams & Arms,Extension de mollet debout,Machine guidée à poulie,Bilatéral,Normale,14,110,0,0,0,0,397,01:49:46
2025-02-16 14:32:18,Sunday Hams & Arms,Curl biceps supination,Poulie vis-à-vis,Unilatéral,Normale,12,15,0,0,0,0,397,01:49:46
2025-02-16 14:32:18,Sunday Hams & Arms,Curl biceps supination,Poulie vis-à-vis,Unilatéral,Normale,13,15,0,0,0,0,397,01:49:46
2025-02-16 14:32:18,Sunday Hams & Arms,Curl biceps supination,Poulie vis-à-vis,Unilatéral,Normale,13,15,0,0,0,0,397,01:49:46
2025-02-16 14:32:18,Sunday Hams & Arms,Curl biceps supination,Poulie vis-à-vis,Unilatéral,Normale,12,15,0,0,0,0,397,01:49:46
2025-02-16 14:32:18,Sunday Hams & Arms,Extension de bras poulie haute,Poulie vis-à-vis,Bilatéral,Normale,5,43.75,0,0,0,0,397,01:49:46
2025-02-16 14:32:18,Sunday Hams & Arms,Extension de bras poulie haute,Poulie vis-à-vis,Bilatéral,Normale,9,40,0,0,0,0,397,01:49:46
2025-02-16 14:32:18,Sunday Hams & Arms,Extension de bras poulie haute,Poulie vis-à-vis,Bilatéral,Normale,8,40,0,0,0,0,397,01:49:46
2025-02-16 14:32:18,Sunday Hams & Arms,Extension de bras poulie haute,Poulie vis-à-vis,Bilatéral,Normale,9,36.25,0,0,0,0,397,01:49:46
2025-02-16 14:32:18,Sunday Hams & Arms,Flexion de poignet,Haltères,Unilatéral,Normale,12,10,0,0,0,0,397,01:49:46
2025-02-16 14:32:18,Sunday Hams & Arms,Flexion de poignet,Haltères,Unilatéral,Normale,14,10,0,0,0,0,397,01:49:46
2025-02-16 14:32:18,Sunday Hams & Arms,Flexion de poignet,Haltères,Unilatéral,Normale,15,10,0,0,0,0,397,01:49:46
2025-02-16 14:32:18,Sunday Hams & Arms,Flexion de poignet,Haltères,Unilatéral,Normale,15,10,0,0,0,0,397,01:49:46
2025-02-16 14:32:18,Sunday Hams & Arms,Suspension à la barre,Poids du corps,Bilatéral,Normale,0,0,0,0,0,0,397,01:49:46
2025-02-16 14:32:18,Sunday Hams & Arms,Suspension à la barre,Poids du corps,Bilatéral,Normale,0,0,0,0,0,0,397,01:49:46
2025-02-17 13:29:00,Monday Back & Bi's,Curl pupitre,Machine guidée à levier,Bilatéral,Normale,10,40,0,0,0,0,336,03:56:00
2025-02-17 13:29:00,Monday Back & Bi's,Curl pupitre,Machine guidée à levier,Bilatéral,Normale,8,40,0,0,0,0,336,03:56:00
2025-02-17 13:29:00,Monday Back & Bi's,Curl pupitre,Machine guidée à levier,Bilatéral,Normale,7,40,0,0,0,0,336,03:56:00
2025-02-17 13:29:00,Monday Back & Bi's,Curl biceps supination,Haltères,Unilatéral,Normale,7,18,0,0,0,0,336,03:56:00
2025-02-17 13:29:00,Monday Back & Bi's,Curl biceps supination,Haltères,Unilatéral,Normale,7,18,0,0,0,0,336,03:56:00
2025-02-17 13:29:00,Monday Back & Bi's,Curl biceps supination,Haltères,Unilatéral,Normale,8,18,0,0,0,0,336,03:56:00
2025-02-17 13:29:00,Monday Back & Bi's,Explosive Pull Ups,Poids du corps,Bilatéral,Normale,7,0,0,0,0,0,336,03:56:00
2025-02-17 13:29:00,Monday Back & Bi's,Explosive Pull Ups,Poids du corps,Bilatéral,Normale,5,0,0,0,0,0,336,03:56:00
2025-02-17 13:29:00,Monday Back & Bi's,Explosive Pull Ups,Poids du corps,Bilatéral,Normale,5,0,0,0,0,0,336,03:56:00
2025-02-17 13:29:00,Monday Back & Bi's,Explosive Pull Ups,Poids du corps,Bilatéral,Normale,5,0,0,0,0,0,336,03:56:00
2025-02-17 13:29:00,Monday Back & Bi's,Explosive Pull Ups,Poids du corps,Bilatéral,Normale,5,0,0,0,0,0,336,03:56:00
2025-02-17 13:29:00,Monday Back & Bi's,Développé militaire,Barre,Bilatéral,Normale,5,60,0,0,0,0,336,03:56:00
2025-02-17 13:29:00,Monday Back & Bi's,Développé militaire,Barre,Bilatéral,Normale,5,60,0,0,0,0,336,03:56:00
2025-02-17 13:29:00,Monday Back & Bi's,Développé militaire,Barre,Bilatéral,Normale,4,60,0,0,0,0,336,03:56:00
2025-02-17 13:29:00,Monday Back & Bi's,Tirage vertical prise serrée,Machine guidée à poulie,Bilatéral,Normale,9,80,0,0,0,0,336,03:56:00
2025-02-17 13:29:00,Monday Back & Bi's,Tirage vertical prise serrée,Machine guidée à poulie,Bilatéral,Normale,8,80,0,0,0,0,336,03:56:00
2025-02-17 13:29:00,Monday Back & Bi's,Élévation latérale,Machine guidée à levier,Bilatéral,Normale,10,10,0,0,0,0,336,03:56:00
2025-02-17 13:29:00,Monday Back & Bi's,Élévation latérale,Machine guidée à levier,Bilatéral,Normale,9,10,0,0,0,0,336,03:56:00
2025-02-17 13:29:00,Monday Back & Bi's,Élévation latérale,Machine guidée à levier,Bilatéral,Normale,9,10,0,0,0,0,336,03:56:00
2025-02-17 13:29:00,Monday Back & Bi's,Élévation latérale,Machine guidée à levier,Bilatéral,Normale,8,10,0,0,0,0,336,03:56:00
2025-02-19 19:59:03,Wednesday Upper,Tirage horizontal prise large,Barre,Bilatéral,Normale,7,80,0,0,0,0,356,01:44:02
2025-02-19 19:59:03,Wednesday Upper,Tirage horizontal prise large,Barre,Bilatéral,Normale,5,80,0,0,0,0,356,01:44:02
2025-02-19 19:59:03,Wednesday Upper,Tirage horizontal prise large,Barre,Bilatéral,Normale,6,80,0,0,0,0,356,01:44:02
2025-02-19 19:59:03,Wednesday Upper,Tirage horizontal prise large,Barre,Bilatéral,Normale,6,80,0,0,0,0,356,01:44:02
2025-02-19 19:59:03,Wednesday Upper,Développé couché,Machine guidée à levier,Bilatéral,Normale,12,95,0,0,0,0,356,01:44:02
2025-02-19 19:59:03,Wednesday Upper,Développé couché,Machine guidée à levier,Bilatéral,Normale,10,95,0,0,0,0,356,01:44:02
2025-02-19 19:59:03,Wednesday Upper,Développé couché,Machine guidée à levier,Bilatéral,Normale,9,90,0,0,0,0,356,01:44:02
2025-02-19 19:59:03,Wednesday Upper,Développé incliné,Machine guidée à levier,Bilatéral,Normale,8,80,0,0,0,0,356,01:44:02
2025-02-19 19:59:03,Wednesday Upper,Développé incliné,Machine guidée à levier,Bilatéral,Normale,8,80,0,0,0,0,356,01:44:02
2025-02-19 19:59:03,Wednesday Upper,Développé incliné,Machine guidée à levier,Bilatéral,Normale,8,80,0,0,0,0,356,01:44:02
2025-02-19 19:59:03,Wednesday Upper,Tirage vertical prise large,Poulie vis-à-vis,Bilatéral,Normale,8,90,0,0,0,0,356,01:44:02
2025-02-19 19:59:03,Wednesday Upper,Tirage vertical prise large,Poulie vis-à-vis,Bilatéral,Normale,8,90,0,0,0,0,356,01:44:02
2025-02-19 19:59:03,Wednesday Upper,Tirage vertical prise large,Poulie vis-à-vis,Bilatéral,Normale,7,90,0,0,0,0,356,01:44:02
2025-02-19 19:59:03,Wednesday Upper,Dips prise serrée,Machine guidée à levier,Bilatéral,Normale,10,90,0,0,0,0,356,01:44:02
2025-02-19 19:59:03,Wednesday Upper,Dips prise serrée,Machine guidée à levier,Bilatéral,Normale,9,90,0,0,0,0,356,01:44:02
2025-02-19 19:59:03,Wednesday Upper,Dips prise serrée,Machine guidée à levier,Bilatéral,Normale,9,90,0,0,0,0,356,01:44:02
2025-02-19 19:59:03,Wednesday Upper,Dips prise serrée,Machine guidée à levier,Bilatéral,Normale,7,90,0,0,0,0,356,01:44:02
2025-02-19 19:59:03,Wednesday Upper,Curl pupitre,Haltères,Unilatéral,Normale,8,12,0,0,0,0,356,01:44:02
2025-02-19 19:59:03,Wednesday Upper,Curl pupitre,Haltères,Unilatéral,Normale,8,12,0,0,0,0,356,01:44:02
2025-02-19 19:59:03,Wednesday Upper,Curl pupitre,Haltères,Unilatéral,Normale,8,12,0,0,0,0,356,01:44:02
2025-02-19 19:59:03,Wednesday Upper,Curl pupitre,Haltères,Unilatéral,Normale,8,12,0,0,0,0,356,01:44:02
2025-02-20 11:18:57,Thursday Quads,Presse à cuisses allongé,Machine guidée à levier,Bilatéral,Normale,10,50,0,0,0,0,293,01:16:40
2025-02-20 11:18:57,Thursday Quads,Presse à cuisses allongé,Machine guidée à levier,Bilatéral,Normale,10,50,0,0,0,0,293,01:16:40
2025-02-20 11:18:57,Thursday Quads,Presse à cuisses allongé,Machine guidée à levier,Bilatéral,Normale,10,50,0,0,0,0,293,01:16:40
2025-02-20 11:18:57,Thursday Quads,Presse à cuisses allongé,Machine guidée à levier,Bilatéral,Normale,12,50,0,0,0,0,293,01:16:40
2025-02-20 11:18:57,Thursday Quads,Squat ceinture lestée,Machine guidée à levier,Bilatéral,Normale,6,80,0,0,0,0,293,01:16:40
2025-02-20 11:18:57,Thursday Quads,Squat ceinture lestée,Machine guidée à levier,Bilatéral,Normale,10,80,0,0,0,0,293,01:16:40
2025-02-20 11:18:57,Thursday Quads,Squat ceinture lestée,Machine guidée à levier,Bilatéral,Normale,10,80,0,0,0,0,293,01:16:40
2025-02-20 11:18:57,Thursday Quads,Extension de mollet assis,Machine guidée à poulie,Bilatéral,Normale,15,40,0,0,0,0,293,01:16:40
2025-02-20 11:18:57,Thursday Quads,Extension de mollet assis,Machine guidée à poulie,Bilatéral,Normale,16,40,0,0,0,0,293,01:16:40
2025-02-20 11:18:57,Thursday Quads,Extension de mollet assis,Machine guidée à poulie,Bilatéral,Normale,15,40,0,0,0,0,293,01:16:40
2025-02-20 11:18:57,Thursday Quads,Extension de mollet assis,Machine guidée à poulie,Bilatéral,Normale,15,40,0,0,0,0,293,01:16:40
2025-02-20 11:18:57,Thursday Quads,Weight hold,Disque,Unilatéral,Normale,0,20,0,0,0,0,293,01:16:40
2025-02-20 11:18:57,Thursday Quads,Weight hold,Disque,Unilatéral,Normale,0,20,0,0,0,0,293,01:16:40
2025-02-20 11:18:57,Thursday Quads,Weight hold,Disque,Unilatéral,Normale,0,15,0,0,0,0,293,01:16:40
2025-02-20 11:18:57,Thursday Quads,Weight hold,Disque,Unilatéral,Normale,0,15,0,0,0,0,293,01:16:40
2025-02-20 11:18:57,Thursday Quads,Weight hold,Disque,Unilatéral,Normale,0,15,0,0,0,0,293,01:16:40
2025-02-20 11:18:57,Thursday Quads,Weight hold,Disque,Unilatéral,Normale,0,15,0,0,0,0,293,01:16:40
2025-02-20 11:18:57,Thursday Quads,Suspension à la barre,Poids du corps,Bilatéral,Normale,0,0,0,0,0,0,293,01:16:40
2025-02-22 10:51:45,Saturday Chest,Développé incliné,Barre,Bilatéral,Normale,6,85,0,0,0,0,313,01:24:16
2025-02-22 10:51:45,Saturday Chest,Développé incliné,Barre,Bilatéral,Normale,5,85,0,0,0,0,313,01:24:16
2025-02-22 10:51:45,Saturday Chest,Développé incliné,Barre,Bilatéral,Normale,4,85,0,0,0,0,313,01:24:16
2025-02-22 10:51:45,Saturday Chest,Développé incliné,Barre,Bilatéral,Normale,4,85,0,0,0,0,313,01:24:16
2025-02-22 10:51:45,Saturday Chest,Développé incliné,Machine guidée à levier,Bilatéral,Normale,8,95,0,0,0,0,313,01:24:16
2025-02-22 10:51:45,Saturday Chest,Développé incliné,Machine guidée à levier,Bilatéral,Normale,8,95,0,0,0,0,313,01:24:16
2025-02-22 10:51:45,Saturday Chest,Oiseau,Machine guidée à poulie,Unilatéral,Normale,12,27.5,0,0,0,0,313,01:24:16
2025-02-22 10:51:45,Saturday Chest,Oiseau,Machine guidée à poulie,Unilatéral,Normale,12,27.5,0,0,0,0,313,01:24:16
2025-02-22 10:51:45,Saturday Chest,Écarté,Machine guidée à poulie,Bilatéral,Normale,12,85,0,0,0,0,313,01:24:16
2025-02-22 10:51:45,Saturday Chest,Écarté,Machine guidée à poulie,Bilatéral,Normale,10,85,0,0,0,0,313,01:24:16
2025-02-22 10:51:45,Saturday Chest,Extension de bras poulie haute,Poulie vis-à-vis,Bilatéral,Normale,9,40,0,0,0,0,313,01:24:16
2025-02-22 10:51:45,Saturday Chest,Extension de bras poulie haute,Poulie vis-à-vis,Bilatéral,Normale,9,40,0,0,0,0,313,01:24:16
2025-02-22 10:51:45,Saturday Chest,Extension de bras poulie haute,Poulie vis-à-vis,Bilatéral,Normale,8,40,0,0,0,0,313,01:24:16
2025-02-22 10:51:45,Saturday Chest,Extension de bras poulie haute,Poulie vis-à-vis,Bilatéral,Normale,11,36.5,0,0,0,0,313,01:24:16
2025-02-22 10:51:45,Saturday Chest,Élévation latérale,Poulie vis-à-vis,Unilatéral,Normale,10,10,0,0,0,0,313,01:24:16
2025-02-22 10:51:45,Saturday Chest,Élévation latérale,Poulie vis-à-vis,Unilatéral,Normale,8,10,0,0,0,0,313,01:24:16
2025-02-22 10:51:45,Saturday Chest,Élévation latérale,Poulie vis-à-vis,Unilatéral,Normale,11,7.5,0,0,0,0,313,01:24:16
2025-02-24 19:51:09,Monday Back & Bi's,Curl pupitre,Machine guidée à levier,Bilatéral,Normale,6,42.5,0,0,0,0,270,01:26:26
2025-02-24 19:51:09,Monday Back & Bi's,Curl pupitre,Machine guidée à levier,Bilatéral,Normale,8,40,0,0,0,0,270,01:26:26
2025-02-24 19:51:09,Monday Back & Bi's,Curl pupitre,Machine guidée à levier,Bilatéral,Normale,7,40,0,0,0,0,270,01:26:26
2025-02-24 19:51:09,Monday Back & Bi's,Curl biceps supination,Haltères,Unilatéral,Normale,6,18,0,0,0,0,270,01:26:26
2025-02-24 19:51:09,Monday Back & Bi's,Curl biceps supination,Haltères,Unilatéral,Normale,8,18,0,0,0,0,270,01:26:26
2025-02-24 19:51:09,Monday Back & Bi's,Curl biceps supination,Haltères,Unilatéral,Normale,8,18,0,0,0,0,270,01:26:26
2025-02-24 19:51:09,Monday Back & Bi's,Explosive Pull Ups,Poids du corps,Bilatéral,Normale,6,0,0,0,0,0,270,01:26:26
2025-02-24 19:51:09,Monday Back & Bi's,Explosive Pull Ups,Poids du corps,Bilatéral,Normale,5,0,0,0,0,0,270,01:26:26
2025-02-24 19:51:09,Monday Back & Bi's,Explosive Pull Ups,Poids du corps,Bilatéral,Normale,7,0,0,0,0,0,270,01:26:26
2025-02-24 19:51:09,Monday Back & Bi's,Explosive Pull Ups,Poids du corps,Bilatéral,Normale,5,0,0,0,0,0,270,01:26:26
2025-02-24 19:51:09,Monday Back & Bi's,Explosive Pull Ups,Poids du corps,Bilatéral,Normale,4,0,0,0,0,0,270,01:26:26
2025-02-24 19:51:09,Monday Back & Bi's,Tirage vertical prise serrée,Machine guidée à poulie,Bilatéral,Normale,9,80,0,0,0,0,270,01:26:26
2025-02-24 19:51:09,Monday Back & Bi's,Tirage vertical prise serrée,Machine guidée à poulie,Bilatéral,Normale,9,80,0,0,0,0,270,01:26:26
2025-02-24 19:51:09,Monday Back & Bi's,Développé militaire,Barre,Bilatéral,Normale,6,60,0,0,0,0,270,01:26:26
2025-02-24 19:51:09,Monday Back & Bi's,Développé militaire,Barre,Bilatéral,Normale,5,60,0,0,0,0,270,01:26:26
2025-02-24 19:51:09,Monday Back & Bi's,Développé militaire,Barre,Bilatéral,Normale,3,60,0,0,0,0,270,01:26:26
2025-02-26 20:02:49,Wednesday Upper,Tirage horizontal prise large,Barre,Bilatéral,Normale,6,80,0,0,0,0,218,01:14:25
2025-02-26 20:02:49,Wednesday Upper,Tirage horizontal prise large,Barre,Bilatéral,Normale,6,80,0,0,0,0,218,01:14:25
2025-02-26 20:02:49,Wednesday Upper,Tirage horizontal prise large,Barre,Bilatéral,Normale,5,80,0,0,0,0,218,01:14:25
2025-02-26 20:02:49,Wednesday Upper,Tirage horizontal prise large,Barre,Bilatéral,Normale,4,80,0,0,0,0,218,01:14:25
2025-02-26 20:02:49,Wednesday Upper,Développé couché,Machine guidée à levier,Bilatéral,Normale,11,95,0,0,0,0,218,01:14:25
2025-02-26 20:02:49,Wednesday Upper,Développé couché,Machine guidée à levier,Bilatéral,Normale,10,95,0,0,0,0,218,01:14:25
2025-02-26 20:02:49,Wednesday Upper,Développé couché,Machine guidée à levier,Bilatéral,Normale,8,90,0,0,0,0,218,01:14:25
2025-02-26 20:02:49,Wednesday Upper,Tirage vertical prise large,Poulie vis-à-vis,Bilatéral,Normale,9,90,0,0,0,0,218,01:14:25
2025-02-26 20:02:49,Wednesday Upper,Tirage vertical prise large,Poulie vis-à-vis,Bilatéral,Normale,8,90,0,0,0,0,218,01:14:25
2025-02-26 20:02:49,Wednesday Upper,Tirage vertical prise large,Poulie vis-à-vis,Bilatéral,Normale,8,90,0,0,0,0,218,01:14:25
2025-02-26 20:02:49,Wednesday Upper,Développé incliné,Barre,Bilatéral,Normale,8,75,0,0,0,0,218,01:14:25
2025-02-26 20:02:49,Wednesday Upper,Développé incliné,Barre,Bilatéral,Normale,8,75,0,0,0,0,218,01:14:25
2025-02-26 20:02:49,Wednesday Upper,Développé incliné,Barre,Bilatéral,Échec,9,60,0,0,0,0,218,01:14:25
2025-02-27 20:35:38,Arms,Curl pupitre,Machine guidée à levier,Bilatéral,Normale,8,42.5,0,0,0,0,317,01:09:58
2025-02-27 20:35:38,Arms,Curl pupitre,Machine guidée à levier,Bilatéral,Normale,7,42.5,0,0,0,0,317,01:09:58
2025-02-27 20:35:38,Arms,Curl pupitre,Machine guidée à levier,Bilatéral,Normale,6,40,0,0,0,0,317,01:09:58
2025-02-27 20:35:38,Arms,Curl biceps supination,Haltères,Unilatéral,Normale,8,18,0,0,0,0,317,01:09:58
2025-02-27 20:35:38,Arms,Curl biceps supination,Haltères,Unilatéral,Normale,8,18,0,0,0,0,317,01:09:58
2025-02-27 20:35:38,Arms,Curl biceps supination,Poulie vis-à-vis,Unilatéral,Normale,12,15,0,0,0,0,317,01:09:58
2025-02-27 20:35:38,Arms,Curl biceps supination,Poulie vis-à-vis,Unilatéral,Normale,12,15,0,0,0,0,317,01:09:58
2025-02-27 20:35:38,Arms,Curl biceps supination,Poulie vis-à-vis,Unilatéral,Normale,10,15,0,0,0,0,317,01:09:58
2025-02-27 20:35:38,Arms,Extension de bras poulie haute,Poulie vis-à-vis,Bilatéral,Normale,8,43.75,0,0,0,0,317,01:09:58
2025-02-27 20:35:38,Arms,Extension de bras poulie haute,Poulie vis-à-vis,Bilatéral,Normale,10,40,0,0,0,0,317,01:09:58
2025-02-27 20:35:38,Arms,Extension de bras poulie haute,Poulie vis-à-vis,Bilatéral,Normale,10,40,0,0,0,0,317,01:09:58
2025-02-27 20:35:38,Arms,Extension de bras poulie haute,Poulie vis-à-vis,Bilatéral,Normale,9,40,0,0,0,0,317,01:09:58
2025-02-27 20:35:38,Arms,Élévation latérale,Haltères,Bilatéral,Normale,12,10,0,0,0,0,317,01:09:58
2025-02-27 20:35:38,Arms,Élévation latérale,Haltères,Bilatéral,Normale,12,10,0,0,0,0,317,01:09:58
2025-02-27 20:35:38,Arms,Élévation latérale,Haltères,Bilatéral,Normale,12,10,0,0,0,0,317,01:09:58
2025-02-27 20:35:38,Arms,Élévation latérale,Haltères,Bilatéral,Normale,12,10,0,0,0,0,317,01:09:58
2025-02-27 20:35:38,Arms,Développé militaire,Haltères,Bilatéral,Normale,11,20,0,0,0,0,317,01:09:58
2025-03-01 20:37:37,Saturday Chest,Développé incliné,Barre,Bilatéral,Normale,4,87.5,0,0,0,0,212,01:04:19
2025-03-01 20:37:37,Saturday Chest,Développé incliné,Barre,Bilatéral,Normale,4,87.5,0,0,0,0,212,01:04:19
2025-03-01 20:37:37,Saturday Chest,Développé incliné,Barre,Bilatéral,Normale,4,87.5,0,0,0,0,212,01:04:19
2025-03-01 20:37:37,Saturday Chest,Développé incliné,Barre,Bilatéral,Normale,3,87.5,0,0,0,0,212,01:04:19
2025-03-01 20:37:37,Saturday Chest,Développé incliné,Machine guidée à levier,Bilatéral,Normale,10,90,0,0,0,0,212,01:04:19
2025-03-01 20:37:37,Saturday Chest,Développé incliné,Machine guidée à levier,Bilatéral,Normale,10,90,0,0,0,0,212,01:04:19
2025-03-01 20:37:37,Saturday Chest,Extension de mollet debout,Machine guidée à poulie,Bilatéral,Normale,12,110,0,0,0,0,212,01:04:19
2025-03-01 20:37:37,Saturday Chest,Extension de mollet debout,Machine guidée à poulie,Bilatéral,Normale,15,110,0,0,0,0,212,01:04:19
2025-03-01 20:37:37,Saturday Chest,Extension de mollet debout,Machine guidée à poulie,Bilatéral,Normale,16,110,0,0,0,0,212,01:04:19
2025-03-01 20:37:37,Saturday Chest,Extension de mollet debout,Machine guidée à poulie,Bilatéral,Normale,15,110,0,0,0,0,212,01:04:19
2025-03-01 20:37:37,Saturday Chest,Écarté,Machine guidée à poulie,Bilatéral,Normale,12,87.5,0,0,0,0,212,01:04:19
2025-03-01 20:37:37,Saturday Chest,Écarté,Machine guidée à poulie,Bilatéral,Normale,12,87.5,0,0,0,0,212,01:04:19
2025-03-03 19:56:59,Monday Back & Bi's,Curl pupitre,Machine guidée à levier,Bilatéral,Normale,7,42.5,0,0,0,0,272,01:31:36
2025-03-03 19:56:59,Monday Back & Bi's,Curl pupitre,Machine guidée à levier,Bilatéral,Normale,9,40,0,0,0,0,272,01:31:36
2025-03-03 19:56:59,Monday Back & Bi's,Curl pupitre,Machine guidée à levier,Bilatéral,Normale,7,40,0,0,0,0,272,01:31:36
2025-03-03 19:56:59,Monday Back & Bi's,Curl biceps supination,Haltères,Unilatéral,Normale,7,18,0,0,0,0,272,01:31:36
2025-03-03 19:56:59,Monday Back & Bi's,Curl biceps supination,Haltères,Unilatéral,Normale,7,18,0,0,0,0,272,01:31:36
2025-03-03 19:56:59,Monday Back & Bi's,Curl biceps supination,Haltères,Unilatéral,Normale,9,16,0,0,0,0,272,01:31:36
2025-03-03 19:56:59,Monday Back & Bi's,Explosive Pull Ups,Poids du corps,Bilatéral,Normale,6,0,0,0,0,0,272,01:31:36
2025-03-03 19:56:59,Monday Back & Bi's,Explosive Pull Ups,Poids du corps,Bilatéral,Normale,5,0,0,0,0,0,272,01:31:36
2025-03-03 19:56:59,Monday Back & Bi's,Explosive Pull Ups,Poids du corps,Bilatéral,Normale,5,0,0,0,0,0,272,01:31:36
2025-03-03 19:56:59,Monday Back & Bi's,Explosive Pull Ups,Poids du corps,Bilatéral,Normale,6,0,0,0,0,0,272,01:31:36
2025-03-03 19:56:59,Monday Back & Bi's,Explosive Pull Ups,Poids du corps,Bilatéral,Normale,5,0,0,0,0,0,272,01:31:36
2025-03-03 19:56:59,Monday Back & Bi's,Tirage vertical prise serrée,Machine guidée à poulie,Bilatéral,Normale,10,80,0,0,0,0,272,01:31:36
2025-03-03 19:56:59,Monday Back & Bi's,Tirage vertical prise serrée,Machine guidée à poulie,Bilatéral,Normale,9,80,0,0,0,0,272,01:31:36
2025-03-03 19:56:59,Monday Back & Bi's,Tirage vertical prise serrée,Machine guidée à poulie,Bilatéral,Normale,9,80,0,0,0,0,272,01:31:36
2025-03-03 19:56:59,Monday Back & Bi's,Développé militaire,Barre,Bilatéral,Normale,4,62,0,0,0,0,272,01:31:36
2025-03-03 19:56:59,Monday Back & Bi's,Développé militaire,Barre,Bilatéral,Normale,5,62,0,0,0,0,272,01:31:36
2025-03-04 19:56:39,Chest A,Développé incliné,Machine guidée à levier,Bilatéral,Normale,10,100,0,0,0,0,200,00:46:34
2025-03-04 19:56:39,Chest A,Développé incliné,Machine guidée à levier,Bilatéral,Normale,9,100,0,0,0,0,200,00:46:34
2025-03-04 19:56:39,Chest A,Développé incliné,Machine guidée à levier,Bilatéral,Normale,8,100,0,0,0,0,200,00:46:34
2025-03-04 19:56:39,Chest A,Développé couché,Machine guidée à levier,Bilatéral,Normale,12,60,0,0,0,0,200,00:46:34
2025-03-04 19:56:39,Chest A,Développé couché,Machine guidée à levier,Bilatéral,Normale,9,60,0,0,0,0,200,00:46:34
2025-03-04 19:56:39,Chest A,Développé couché,Machine guidée à levier,Bilatéral,Normale,10,80,0,0,0,0,200,00:46:34
2025-03-04 19:56:39,Chest A,Développé couché,Machine guidée à levier,Bilatéral,Normale,10,80,0,0,0,0,200,00:46:34
2025-03-04 19:56:39,Chest A,Écarté,Machine guidée à poulie,Bilatéral,Normale,8,87.5,0,0,0,0,200,00:46:34
2025-03-04 19:56:39,Chest A,Extension de jambes,Machine guidée à poulie,Bilatéral,Normale,10,80,0,0,0,0,200,00:46:34
2025-03-04 19:56:39,Chest A,Extension de jambes,Machine guidée à poulie,Bilatéral,Normale,11,80,0,0,0,0,200,00:46:34
2025-03-05 20:00:20,Leg's go,Presse à cuisses allongé,Machine guidée à levier,Bilatéral,Normale,10,55,0,0,0,0,159,00:45:40
2025-03-05 20:00:20,Leg's go,Presse à cuisses allongé,Machine guidée à levier,Bilatéral,Normale,10,60,0,0,0,0,159,00:45:40
2025-03-05 20:00:20,Leg's go,Presse à cuisses allongé,Machine guidée à levier,Bilatéral,Normale,10,60,0,0,0,0,159,00:45:40
2025-03-05 20:00:20,Leg's go,Flexion de jambes assis,Machine guidée à poulie,Bilatéral,Normale,12,60,0,0,0,0,159,00:45:40
2025-03-05 20:00:20,Leg's go,Flexion de jambes assis,Machine guidée à poulie,Bilatéral,Normale,12,60,0,0,0,0,159,00:45:40
2025-03-05 20:00:20,Leg's go,Extension de bras poulie haute,Poulie vis-à-vis,Bilatéral,Normale,6,43.75,0,0,0,0,159,00:45:40
2025-03-05 20:00:20,Leg's go,Extension de bras poulie haute,Poulie vis-à-vis,Bilatéral,Normale,11,40,0,0,0,0,159,00:45:40
2025-03-05 20:00:20,Leg's go,Extension de bras poulie haute,Poulie vis-à-vis,Bilatéral,Normale,8,40,0,0,0,0,159,00:45:40
2025-03-05 20:00:20,Leg's go,Extension de bras poulie haute,Poulie vis-à-vis,Bilatéral,Normale,9,40,0,0,0,0,159,00:45:40
2025-03-06 20:01:07,Nouvel Entraînement,Soulevé de terre,Barre,Bilatéral,Normale,4,40,0,0,0,0,236,01:19:28
2025-03-06 20:01:07,Nouvel Entraînement,Soulevé de terre,Barre,Bilatéral,Normale,4,60,0,0,0,0,236,01:19:28
2025-03-06 20:01:07,Nouvel Entraînement,Soulevé de terre,Barre,Bilatéral,Normale,4,80,0,0,0,0,236,01:19:28
2025-03-06 20:01:07,Nouvel Entraînement,Soulevé de terre,Barre,Bilatéral,Normale,4,100,0,0,0,0,236,01:19:28
2025-03-06 20:01:07,Nouvel Entraînement,Soulevé de terre,Barre,Bilatéral,Normale,2,120,0,0,0,0,236,01:19:28
2025-03-06 20:01:07,Nouvel Entraînement,Soulevé de terre,Barre,Bilatéral,Normale,2,130,0,0,0,0,236,01:19:28
2025-03-06 20:01:07,Nouvel Entraînement,Soulevé de terre,Barre,Bilatéral,Normale,2,140,0,0,0,0,236,01:19:28
2025-03-06 20:01:07,Nouvel Entraînement,Tirage horizontal assis prise serrée,Machine guidée à levier,Unilatéral,Normale,10,60,0,0,0,0,236,01:19:28
2025-03-06 20:01:07,Nouvel Entraînement,Tirage horizontal assis prise serrée,Machine guidée à levier,Unilatéral,Normale,10,60,0,0,0,0,236,01:19:28
2025-03-06 20:01:07,Nouvel Entraînement,Tirage horizontal assis prise serrée,Machine guidée à levier,Unilatéral,Normale,9,60,0,0,0,0,236,01:19:28
2025-03-06 20:01:07,Nouvel Entraînement,Curl pupitre,Machine guidée à levier,Unilatéral,Normale,4,20,0,0,0,0,236,01:19:28
2025-03-06 20:01:07,Nouvel Entraînement,Curl pupitre,Machine guidée à levier,Unilatéral,Normale,3,20,0,0,0,0,236,01:19:28
2025-03-06 20:01:07,Nouvel Entraînement,Curl pupitre,Machine guidée à levier,Unilatéral,Normale,8,15,0,0,0,0,236,01:19:28
2025-03-06 20:01:07,Nouvel Entraînement,Curl marteau,Poulie vis-à-vis,Bilatéral,Normale,13,25,0,0,0,0,236,01:19:28
2025-03-08 07:52:50,Saturday Chest,Développé incliné,Barre,Bilatéral,Normale,5,87.5,0,0,0,0,182,00:54:59
2025-03-08 07:52:50,Saturday Chest,Développé incliné,Barre,Bilatéral,Normale,4,87.5,0,0,0,0,182,00:54:59
2025-03-08 07:52:50,Saturday Chest,Développé incliné,Barre,Bilatéral,Normale,5,87.5,0,0,0,0,182,00:54:59
2025-03-08 07:52:50,Saturday Chest,Développé incliné,Barre,Bilatéral,Normale,4,87.5,0,0,0,0,182,00:54:59
2025-03-08 07:52:50,Saturday Chest,Développé incliné,Machine guidée à levier,Bilatéral,Normale,10,90,0,0,0,0,182,00:54:59
2025-03-08 07:52:50,Saturday Chest,Développé incliné,Machine guidée à levier,Bilatéral,Normale,8,90,0,0,0,0,182,00:54:59
2025-03-08 07:52:50,Saturday Chest,Développé incliné,Machine guidée à levier,Bilatéral,Normale,8,90,0,0,0,0,182,00:54:59
2025-03-08 07:52:50,Saturday Chest,Écarté,Machine guidée à poulie,Bilatéral,Normale,10,60,0,0,0,0,182,00:54:59
2025-03-08 07:52:50,Saturday Chest,Écarté,Machine guidée à poulie,Bilatéral,Normale,12,60,0,0,0,0,182,00:54:59
2025-03-08 07:52:50,Saturday Chest,Développé militaire,Machine guidée à poulie,Bilatéral,Normale,9,35,0,0,0,0,182,00:54:59
2025-03-10 15:10:53,Back,Tirage horizontal assis prise serrée,Poulie vis-à-vis,Bilatéral,Normale,11,80,0,0,0,0,231,01:22:35
2025-03-10 15:10:53,Back,Tirage horizontal assis prise serrée,Poulie vis-à-vis,Bilatéral,Normale,10,80,0,0,0,0,231,01:22:35
2025-03-10 15:10:53,Back,Tirage horizontal assis prise serrée,Poulie vis-à-vis,Bilatéral,Normale,10,80,0,0,0,0,231,01:22:35
2025-03-10 15:10:53,Back,Tirage horizontal assis prise serrée,Poulie vis-à-vis,Bilatéral,Normale,9,80,0,0,0,0,231,01:22:35
2025-03-10 15:10:53,Back,Traction prise large,Poids du corps,Bilatéral,Normale,12,0,0,0,0,0,231,01:22:35
2025-03-10 15:10:53,Back,Traction prise large,Poids du corps,Bilatéral,Normale,11,0,0,0,0,0,231,01:22:35
2025-03-10 15:10:53,Back,Traction prise large,Poids du corps,Bilatéral,Normale,9,0,0,0,0,0,231,01:22:35
2025-03-10 15:10:53,Back,Curl pupitre,Haltères,Unilatéral,Normale,10,12,0,0,0,0,231,01:22:35
2025-03-10 15:10:53,Back,Curl pupitre,Haltères,Unilatéral,Normale,11,12,0,0,0,0,231,01:22:35
2025-03-10 15:10:53,Back,Curl pupitre,Haltères,Unilatéral,Normale,10,12,0,0,0,0,231,01:22:35
2025-03-10 15:10:53,Back,Tirage horizontal assis prise serrée,Machine guidée à levier,Unilatéral,Normale,15,35,0,0,0,0,231,01:22:35
2025-03-10 15:10:53,Back,Tirage horizontal assis prise serrée,Machine guidée à levier,Unilatéral,Normale,15,35,0,0,0,0,231,01:22:35
2025-03-11 14:43:07,Arms,Dips prise serrée,Machine guidée à levier,Bilatéral,Normale,11,90,0,0,0,0,226,01:02:49
2025-03-11 14:43:07,Arms,Dips prise serrée,Machine guidée à levier,Bilatéral,Normale,11,90,0,0,0,0,226,01:02:49
2025-03-11 14:43:07,Arms,Dips prise serrée,Machine guidée à levier,Bilatéral,Normale,10,90,0,0,0,0,226,01:02:49
2025-03-11 14:43:07,Arms,Curl biceps supination,Haltères,Unilatéral,Normale,7,20,0,0,0,0,226,01:02:49
2025-03-11 14:43:07,Arms,Curl biceps supination,Haltères,Unilatéral,Normale,8,18,0,0,0,0,226,01:02:49
2025-03-11 14:43:07,Arms,Curl biceps supination,Haltères,Unilatéral,Normale,10,16,0,0,0,0,226,01:02:49
2025-03-11 14:43:07,Arms,Extension de bras poulie haute,Poulie vis-à-vis,Bilatéral,Normale,12,40,0,0,0,0,226,01:02:49
2025-03-11 14:43:07,Arms,Extension de bras poulie haute,Poulie vis-à-vis,Bilatéral,Normale,11,40,0,0,0,0,226,01:02:49
2025-03-11 14:43:07,Arms,Extension de bras poulie haute,Poulie vis-à-vis,Bilatéral,Normale,10,40,0,0,0,0,226,01:02:49
2025-03-11 14:43:07,Arms,Curl biceps supination,Poulie vis-à-vis,Unilatéral,Normale,10,17.5,0,0,0,0,226,01:02:49
2025-03-11 14:43:07,Arms,Curl biceps supination,Poulie vis-à-vis,Unilatéral,Normale,9,17.5,0,0,0,0,226,01:02:49
2025-03-11 14:43:07,Arms,Curl biceps supination,Poulie vis-à-vis,Unilatéral,Normale,9,17.5,0,0,0,0,226,01:02:49
2025-03-13 13:06:44,Leg's go,Flexion jambes parallèles,Barre,Bilatéral,Normale,6,110,0,0,0,0,194,00:56:18
2025-03-13 13:06:44,Leg's go,Flexion jambes parallèles,Barre,Bilatéral,Normale,8,110,0,0,0,0,194,00:56:18
2025-03-13 13:06:44,Leg's go,Presse à cuisses allongé,Machine guidée à levier,Bilatéral,Normale,6,60,0,0,0,0,194,00:56:18
2025-03-13 13:06:44,Leg's go,Presse à cuisses allongé,Machine guidée à levier,Bilatéral,Normale,10,60,0,0,0,0,194,00:56:18
2025-03-13 13:06:44,Leg's go,Extension de mollet debout,Machine guidée à poulie,Bilatéral,Normale,15,110,0,0,0,0,194,00:56:18
2025-03-13 13:06:44,Leg's go,Extension de mollet debout,Machine guidée à poulie,Bilatéral,Normale,13,110,0,0,0,0,194,00:56:18
2025-03-13 13:06:44,Leg's go,Extension de mollet debout,Machine guidée à poulie,Bilatéral,Normale,12,110,0,0,0,0,194,00:56:18
2025-03-13 13:06:44,Leg's go,Extension de mollet debout,Machine guidée à poulie,Bilatéral,Normale,16,110,0,0,0,0,194,00:56:18
2025-03-13 13:06:44,Leg's go,Développé incliné,Barre,Bilatéral,Normale,20,45,0,0,0,0,194,00:56:18
2025-03-13 13:06:44,Leg's go,Développé incliné,Barre,Bilatéral,Normale,20,45,0,0,0,0,194,00:56:18
2025-03-14 19:47:39,Heavy shit and arms,Développé militaire,Barre,Bilatéral,Normale,4,60,0,0,0,0,206,01:09:31
2025-03-14 19:47:39,Heavy shit and arms,Développé militaire,Barre,Bilatéral,Normale,6,60,0,0,0,0,206,01:09:31
2025-03-14 19:47:39,Heavy shit and arms,Développé militaire,Barre,Bilatéral,Normale,6,60,0,0,0,0,206,01:09:31
2025-03-14 19:47:39,Heavy shit and arms,Soulevé de terre,Barre,Bilatéral,Normale,3,120,0,0,0,0,206,01:09:31
2025-03-14 19:47:39,Heavy shit and arms,Soulevé de terre,Barre,Bilatéral,Normale,3,130,0,0,0,0,206,01:09:31
2025-03-14 19:47:39,Heavy shit and arms,Soulevé de terre,Barre,Bilatéral,Normale,2,140,0,0,0,0,206,01:09:31
2025-03-14 19:47:39,Heavy shit and arms,Soulevé de terre,Barre,Bilatéral,Normale,12,100,0,0,0,0,206,01:09:31
2025-03-14 19:47:39,Heavy shit and arms,Extension de bras poulie haute,Poulie vis-à-vis,Bilatéral,Normale,7,43.75,0,0,0,0,206,01:09:31
2025-03-14 19:47:39,Heavy shit and arms,Extension de bras poulie haute,Poulie vis-à-vis,Bilatéral,Normale,7,43.75,0,0,0,0,206,01:09:31
2025-03-14 19:47:39,Heavy shit and arms,Extension de bras poulie haute,Poulie vis-à-vis,Bilatéral,Normale,8,36.25,0,0,0,0,206,01:09:31
2025-03-14 19:47:39,Heavy shit and arms,Extension verticale,Poulie vis-à-vis,Bilatéral,Normale,17,25,0,0,0,0,206,01:09:31
2025-03-14 19:47:39,Heavy shit and arms,Extension verticale,Poulie vis-à-vis,Bilatéral,Normale,14,25,0,0,0,0,206,01:09:31
2025-03-17 13:32:06,90kg Chest,Développé incliné,Barre,Bilatéral,Normale,3,90,0,0,0,0,196,00:55:23
2025-03-17 13:32:06,90kg Chest,Développé incliné,Barre,Bilatéral,Normale,2,90,0,0,0,0,196,00:55:23
2025-03-17 13:32:06,90kg Chest,Développé incliné,Barre,Bilatéral,Normale,8,80,0,0,0,0,196,00:55:23
2025-03-17 13:32:06,90kg Chest,Développé incliné,Machine guidée à levier,Bilatéral,Normale,8,90,0,0,0,0,196,00:55:23
2025-03-17 13:32:06,90kg Chest,Développé incliné,Machine guidée à levier,Bilatéral,Normale,8,90,0,0,0,0,196,00:55:23
2025-03-17 13:32:06,90kg Chest,Développé incliné,Machine guidée à levier,Bilatéral,Normale,8,90,0,0,0,0,196,00:55:23
2025-03-17 13:32:06,90kg Chest,Élévation latérale,Haltères,Bilatéral,Normale,12,12,0,0,0,0,196,00:55:23
2025-03-17 13:32:06,90kg Chest,Élévation latérale,Haltères,Bilatéral,Normale,11,12,0,0,0,0,196,00:55:23
2025-03-17 13:32:06,90kg Chest,Élévation latérale,Haltères,Bilatéral,Normale,12,12,0,0,0,0,196,00:55:23
2025-03-17 13:32:06,90kg Chest,Écarté,Machine guidée à poulie,Bilatéral,Normale,11,87.5,0,0,0,0,196,00:55:23
2025-03-17 13:32:06,90kg Chest,Écarté,Machine guidée à poulie,Bilatéral,Normale,9,87.5,0,0,0,0,196,00:55:23
2025-03-18 20:05:07,Back & Biceps,Tirage horizontal prise large,Barre,Bilatéral,Normale,9,70,0,0,0,0,169,00:48:08
2025-03-18 20:05:07,Back & Biceps,Tirage horizontal prise large,Barre,Bilatéral,Normale,8,70,0,0,0,0,169,00:48:08
2025-03-18 20:05:07,Back & Biceps,Tirage horizontal prise large,Barre,Bilatéral,Normale,8,70,0,0,0,0,169,00:48:08
2025-03-18 20:05:07,Back & Biceps,Tirage horizontal prise large,Barre,Bilatéral,Normale,8,70,0,0,0,0,169,00:48:08
2025-03-18 20:05:07,Back & Biceps,Traction prise large,Poids du corps,Bilatéral,Normale,9,0,0,0,0,0,169,00:48:08
2025-03-18 20:05:07,Back & Biceps,Traction prise large,Poids du corps,Bilatéral,Normale,8,0,0,0,0,0,169,00:48:08
2025-03-18 20:05:07,Back & Biceps,Traction prise large,Poids du corps,Bilatéral,Normale,8,0,0,0,0,0,169,00:48:08
2025-03-18 20:05:07,Back & Biceps,Traction prise large,Poids du corps,Bilatéral,Normale,8,0,0,0,0,0,169,00:48:08
2025-03-18 20:05:07,Back & Biceps,Curl pupitre,Machine guidée à levier,Bilatéral,Normale,8,35,0,0,0,0,169,00:48:08
2025-03-18 20:05:07,Back & Biceps,Curl pupitre,Machine guidée à levier,Bilatéral,Normale,7,35,0,0,0,0,169,00:48:08
2025-03-22 09:24:39,Uppity,Développé incliné,Barre,Bilatéral,Normale,9,80,0,0,0,0,253,01:09:09
2025-03-22 09:24:39,Uppity,Développé incliné,Barre,Bilatéral,Normale,7,80,0,0,0,0,253,01:09:09
2025-03-22 09:24:39,Uppity,Développé incliné,Barre,Bilatéral,Normale,6,80,0,0,0,0,253,01:09:09
2025-03-22 09:24:39,Uppity,Développé incliné,Barre,Bilatéral,Normale,6,80,0,0,0,0,253,01:09:09
2025-03-22 09:24:39,Uppity,Tirage horizontal assis prise serrée,Poulie vis-à-vis,Bilatéral,Normale,7,90,0,0,0,0,253,01:09:09
2025-03-22 09:24:39,Uppity,Tirage horizontal assis prise serrée,Poulie vis-à-vis,Bilatéral,Normale,6,90,0,0,0,0,253,01:09:09
2025-03-22 09:24:39,Uppity,Tirage horizontal assis prise serrée,Poulie vis-à-vis,Bilatéral,Normale,9,80,0,0,0,0,253,01:09:09
2025-03-22 09:24:39,Uppity,Tirage horizontal assis prise serrée,Poulie vis-à-vis,Bilatéral,Normale,12,60,0,0,0,0,253,01:09:09
2025-03-22 09:24:39,Uppity,Curl pupitre,Machine guidée à levier,Unilatéral,Normale,8,15,0,0,0,0,253,01:09:09
2025-03-22 09:24:39,Uppity,Curl pupitre,Machine guidée à levier,Unilatéral,Normale,8,15,0,0,0,0,253,01:09:09
2025-03-22 09:24:39,Uppity,Curl pupitre,Machine guidée à levier,Unilatéral,Normale,8,15,0,0,0,0,253,01:09:09
2025-03-22 09:24:39,Uppity,Dips prise serrée,Poids du corps,Bilatéral,Normale,12,0,0,0,0,0,253,01:09:09
2025-03-22 09:24:39,Uppity,Dips prise serrée,Poids du corps,Bilatéral,Normale,8,0,0,0,0,0,253,01:09:09
2025-03-22 09:24:39,Uppity,Traction prise large,Poids du corps,Bilatéral,Normale,10,0,0,0,0,0,253,01:09:09
2025-03-22 09:24:39,Uppity,Traction prise large,Poids du corps,Bilatéral,Normale,9,0,0,0,0,0,253,01:09:09
2025-03-25 11:21:56,un Poco de todo,Presse à cuisses,Machine guidée à levier,Bilatéral,Normale,12,200,0,0,0,0,221,01:08:48
2025-03-25 11:21:56,un Poco de todo,Presse à cuisses,Machine guidée à levier,Bilatéral,Normale,12,200,0,0,0,0,221,01:08:48
2025-03-25 11:21:56,un Poco de todo,Presse à cuisses,Machine guidée à levier,Bilatéral,Normale,12,200,0,0,0,0,221,01:08:48
2025-03-25 11:21:56,un Poco de todo,Développé incliné,Haltères,Bilatéral,Normale,9,32,0,0,0,0,221,01:08:48
2025-03-25 11:21:56,un Poco de todo,Développé incliné,Haltères,Bilatéral,Normale,9,32,0,0,0,0,221,01:08:48
2025-03-25 11:21:56,un Poco de todo,Développé incliné,Haltères,Bilatéral,Normale,8,32,0,0,0,0,221,01:08:48
2025-03-25 11:21:56,un Poco de todo,Curl biceps supination,Poulie vis-à-vis,Unilatéral,Normale,9,17.5,0,0,0,0,221,01:08:48
2025-03-25 11:21:56,un Poco de todo,Curl biceps supination,Poulie vis-à-vis,Unilatéral,Normale,9,17.5,0,0,0,0,221,01:08:48
2025-03-25 11:21:56,un Poco de todo,Curl biceps supination,Poulie vis-à-vis,Unilatéral,Normale,9,17.5,0,0,0,0,221,01:08:48
2025-03-25 11:21:56,un Poco de todo,Tirage vertical prise large,Poulie vis-à-vis,Bilatéral,Normale,12,80,0,0,0,0,221,01:08:48
2025-03-25 11:21:56,un Poco de todo,Tirage vertical prise large,Poulie vis-à-vis,Bilatéral,Normale,11,80,0,0,0,0,221,01:08:48
2025-03-25 11:21:56,un Poco de todo,Tirage vertical prise large,Poulie vis-à-vis,Bilatéral,Normale,10,80,0,0,0,0,221,01:08:48
2025-03-27 11:33:24,Some pretty heavy stuff,Développé couché,Barre,Bilatéral,Normale,12,80,0,0,0,0,156,00:53:26
2025-03-27 11:33:24,Some pretty heavy stuff,Développé couché,Barre,Bilatéral,Normale,9,80,0,0,0,0,156,00:53:26
2025-03-27 11:33:24,Some pretty heavy stuff,Soulevé de terre,Barre,Bilatéral,Normale,8,100,0,0,0,0,156,00:53:26
2025-03-27 11:33:24,Some pretty heavy stuff,Soulevé de terre,Barre,Bilatéral,Normale,5,120,0,0,0,0,156,00:53:26
2025-03-27 11:33:24,Some pretty heavy stuff,Soulevé de terre,Barre,Bilatéral,Normale,3,130,0,0,0,0,156,00:53:26
2025-03-27 11:33:24,Some pretty heavy stuff,Soulevé de terre,Barre,Bilatéral,Normale,3,130,0,0,0,0,156,00:53:26
2025-03-27 11:33:24,Some pretty heavy stuff,Dips prise serrée,Machine guidée à poulie,Bilatéral,Normale,12,102.5,0,0,0,0,156,00:53:26
2025-03-27 11:33:24,Some pretty heavy stuff,Dips prise serrée,Machine guidée à poulie,Bilatéral,Normale,10,102.5,0,0,0,0,156,00:53:26
2025-03-27 11:33:24,Some pretty heavy stuff,Dips prise serrée,Machine guidée à poulie,Bilatéral,Normale,11,102.5,0,0,0,0,156,00:53:26
2025-03-29 19:46:41,Arms and more,Curl biceps supination,Haltères,Unilatéral,Normale,10,20,0,0,0,0,175,01:01:28
2025-03-29 19:46:41,Arms and more,Curl biceps supination,Haltères,Unilatéral,Normale,9,20,0,0,0,0,175,01:01:28
2025-03-29 19:46:41,Arms and more,Curl biceps supination,Haltères,Unilatéral,Normale,8,20,0,0,0,0,175,01:01:28
2025-03-29 19:46:41,Arms and more,Développé incliné,Machine guidée à levier,Bilatéral,Normale,10,100,0,0,0,0,175,01:01:28
2025-03-29 19:46:41,Arms and more,Développé incliné,Machine guidée à levier,Bilatéral,Normale,8,100,0,0,0,0,175,01:01:28
2025-03-29 19:46:41,Arms and more,Développé incliné,Machine guidée à levier,Bilatéral,Normale,8,100,0,0,0,0,175,01:01:28
2025-03-29 19:46:41,Arms and more,Tirage horizontal assis prise serrée,Machine guidée à levier,Unilatéral,Normale,12,50,0,0,0,0,175,01:01:28
2025-03-29 19:46:41,Arms and more,Tirage horizontal assis prise serrée,Machine guidée à levier,Unilatéral,Normale,11,50,0,0,0,0,175,01:01:28
2025-03-29 19:46:41,Arms and more,Tirage horizontal assis prise serrée,Machine guidée à levier,Unilatéral,Normale,12,50,0,0,0,0,175,01:01:28
2025-03-31 10:08:49,Squats.. mainly,Flexion jambes parallèles,Barre,Bilatéral,Normale,10,100,0,0,0,0,232,01:03:05
2025-03-31 10:08:49,Squats.. mainly,Flexion jambes parallèles,Barre,Bilatéral,Normale,9,100,0,0,0,0,232,01:03:05
2025-03-31 10:08:49,Squats.. mainly,Flexion jambes parallèles,Barre,Bilatéral,Normale,10,100,0,0,0,0,232,01:03:05
2025-03-31 10:08:49,Squats.. mainly,Flexion jambes parallèles,Barre,Bilatéral,Normale,15,60,0,0,0,0,232,01:03:05
2025-03-31 10:08:49,Squats.. mainly,Tirage vertical prise serrée,Machine guidée à poulie,Bilatéral,Normale,13,80,0,0,0,0,232,01:03:05
2025-03-31 10:08:49,Squats.. mainly,Tirage vertical prise serrée,Machine guidée à poulie,Bilatéral,Normale,11,80,0,0,0,0,232,01:03:05
2025-03-31 10:08:49,Squats.. mainly,Tirage vertical prise serrée,Machine guidée à poulie,Bilatéral,Normale,8,80,0,0,0,0,232,01:03:05
2025-03-31 10:08:49,Squats.. mainly,Développé militaire,Haltères,Bilatéral,Normale,9,24,0,0,0,0,232,01:03:05
2025-03-31 10:08:49,Squats.. mainly,Développé militaire,Haltères,Bilatéral,Normale,12,24,0,0,0,0,232,01:03:05
2025-03-31 10:08:49,Squats.. mainly,Développé militaire,Haltères,Bilatéral,Normale,10,24,0,0,0,0,232,01:03:05
2025-03-31 10:08:49,Squats.. mainly,Jared Curl,Barre,Bilatéral,Normale,15,15,0,0,0,0,232,01:03:05
2025-03-31 10:08:49,Squats.. mainly,Jared Curl,Barre,Bilatéral,Normale,15,15,0,0,0,0,232,01:03:05
2025-03-31 10:08:49,Squats.. mainly,Jared Curl,Barre,Bilatéral,Normale,15,15,0,0,0,0,232,01:03:05
2025-04-03 10:14:53,Uppity,Développé incliné,Machine Smith,Bilatéral,Normale,10,60,0,0,0,0,175,01:01:14
2025-04-03 10:14:53,Uppity,Développé incliné,Machine Smith,Bilatéral,Normale,9,60,0,0,0,0,175,01:01:14
2025-04-03 10:14:53,Uppity,Développé incliné,Machine Smith,Bilatéral,Normale,8,60,0,0,0,0,175,01:01:14
2025-04-03 10:14:53,Uppity,Développé incliné,Machine Smith,Bilatéral,Normale,7,60,0,0,0,0,175,01:01:14
2025-04-03 10:14:53,Uppity,Tirage horizontal assis prise serrée,Poulie vis-à-vis,Bilatéral,Normale,6,90,0,0,0,0,175,01:01:14
2025-04-03 10:14:53,Uppity,Tirage horizontal assis prise serrée,Poulie vis-à-vis,Bilatéral,Normale,10,80,0,0,0,0,175,01:01:14
2025-04-03 10:14:53,Uppity,Tirage horizontal assis prise serrée,Poulie vis-à-vis,Bilatéral,Normale,10,80,0,0,0,0,175,01:01:14
2025-04-03 10:14:53,Uppity,Curl pupitre,Machine guidée à levier,Unilatéral,Normale,8,15,0,0,0,0,175,01:01:14
2025-04-03 10:14:53,Uppity,Curl pupitre,Machine guidée à levier,Unilatéral,Normale,8,15,0,0,0,0,175,01:01:14
2025-04-03 10:14:53,Uppity,Curl pupitre,Machine guidée à levier,Unilatéral,Normale,7,15,0,0,0,0,175,01:01:14
2025-04-05 08:04:20,Deadlift & more,Soulevé de terre,Barre,Bilatéral,Normale,6,100,0,0,0,0,224,01:05:17
2025-04-05 08:04:20,Deadlift & more,Soulevé de terre,Barre,Bilatéral,Normale,4,120,0,0,0,0,224,01:05:17
2025-04-05 08:04:20,Deadlift & more,Soulevé de terre,Barre,Bilatéral,Normale,5,130,0,0,0,0,224,01:05:17
2025-04-05 08:04:20,Deadlift & more,Soulevé de terre,Barre,Bilatéral,Normale,15,100,0,0,0,0,224,01:05:17
2025-04-05 08:04:20,Deadlift & more,Levé de jambe lateral,Machine guidée à poulie,Bilatéral,Normale,11,102.5,0,0,0,0,224,01:05:17
2025-04-05 08:04:20,Deadlift & more,Levé de jambe lateral,Machine guidée à poulie,Bilatéral,Normale,12,102.5,0,0,0,0,224,01:05:17
2025-04-05 08:04:20,Deadlift & more,Levé de jambe lateral,Machine guidée à poulie,Bilatéral,Normale,12,102.5,0,0,0,0,224,01:05:17
2025-04-05 08:04:20,Deadlift & more,Développé militaire,Machine guidée à levier,Bilatéral,Normale,9,80,0,0,0,0,224,01:05:17
2025-04-05 08:04:20,Deadlift & more,Développé militaire,Machine guidée à levier,Bilatéral,Normale,11,80,0,0,0,0,224,01:05:17
2025-04-05 08:04:20,Deadlift & more,Développé militaire,Machine guidée à levier,Bilatéral,Normale,8,80,0,0,0,0,224,01:05:17
2025-04-05 08:04:20,Deadlift & more,Écarté,Machine guidée à poulie,Bilatéral,Normale,8,65,0,0,0,0,224,01:05:17
2025-04-05 08:04:20,Deadlift & more,Écarté,Machine guidée à poulie,Bilatéral,Normale,8,65,0,0,0,0,224,01:05:17
2025-04-05 08:04:20,Deadlift & more,Écarté,Machine guidée à poulie,Bilatéral,Normale,9,60,0,0,0,0,224,01:05:17
2025-04-08 10:28:16,Arms and more,Curl pupitre,Machine guidée à levier,Bilatéral,Normale,9,40,0,0,0,0,220,01:06:14
2025-04-08 10:28:16,Arms and more,Curl pupitre,Machine guidée à levier,Bilatéral,Normale,7,40,0,0,0,0,220,01:06:14
2025-04-08 10:28:16,Arms and more,Curl pupitre,Machine guidée à levier,Bilatéral,Normale,7,40,0,0,0,0,220,01:06:14
2025-04-08 10:28:16,Arms and more,Curl pupitre,Machine guidée à levier,Bilatéral,Normale,10,30,0,0,0,0,220,01:06:14
2025-04-08 10:28:16,Arms and more,Développé militaire,Haltères,Bilatéral,Normale,7,28,0,0,0,0,220,01:06:14
2025-04-08 10:28:16,Arms and more,Développé militaire,Haltères,Bilatéral,Normale,8,28,0,0,0,0,220,01:06:14
2025-04-08 10:28:16,Arms and more,Développé militaire,Haltères,Bilatéral,Normale,7,28,0,0,0,0,220,01:06:14
2025-04-08 10:28:16,Arms and more,Tirage horizontal assis prise serrée,Poulie vis-à-vis,Bilatéral,Normale,8,90,0,0,0,0,220,01:06:14
2025-04-08 10:28:16,Arms and more,Tirage horizontal assis prise serrée,Poulie vis-à-vis,Bilatéral,Normale,8,80,0,0,0,0,220,01:06:14
2025-04-08 10:28:16,Arms and more,Tirage horizontal assis prise serrée,Poulie vis-à-vis,Bilatéral,Normale,8,80,0,0,0,0,220,01:06:14
2025-04-08 10:28:16,Arms and more,Dips prise serrée,Poids du corps,Bilatéral,Normale,9,10,0,0,0,0,220,01:06:14
2025-04-08 10:28:16,Arms and more,Dips prise serrée,Poids du corps,Bilatéral,Normale,7,10,0,0,0,0,220,01:06:14
2025-04-08 10:28:16,Arms and more,Dips prise serrée,Poids du corps,Bilatéral,Normale,7,10,0,0,0,0,220,01:06:14
2025-04-12 07:26:15,New legs,Fente statique,Barre,Unilatéral,Normale,5,70,0,0,0,0,211,01:01:03
2025-04-12 07:26:15,New legs,Fente statique,Barre,Unilatéral,Normale,12,50,0,0,0,0,211,01:01:03
2025-04-12 07:26:15,New legs,Développé militaire,Haltères,Bilatéral,Normale,10,28,0,0,0,0,211,01:01:03
2025-04-12 07:26:15,New legs,Développé militaire,Haltères,Bilatéral,Normale,9,28,0,0,0,0,211,01:01:03
2025-04-12 07:26:15,New legs,Développé militaire,Haltères,Bilatéral,Normale,7,28,0,0,0,0,211,01:01:03
2025-04-12 07:26:15,New legs,Traction prise large,Poids du corps,Bilatéral,Normale,12,0,0,0,0,0,211,01:01:03
2025-04-12 07:26:15,New legs,Traction prise large,Poids du corps,Bilatéral,Normale,11,0,0,0,0,0,211,01:01:03
2025-04-12 07:26:15,New legs,Traction prise large,Poids du corps,Bilatéral,Normale,10,0,0,0,0,0,211,01:01:03
2025-04-12 07:26:15,New legs,Pompe déclinée,Poids du corps,Bilatéral,Normale,20,0,0,0,0,0,211,01:01:03
2025-04-12 07:26:15,New legs,Pompe déclinée,Poids du corps,Bilatéral,Normale,21,0,0,0,0,0,211,01:01:03
2025-04-12 07:26:15,New legs,Pompe déclinée,Poids du corps,Bilatéral,Normale,21,0,0,0,0,0,211,01:01:03
2025-04-13 18:57:07,Uppity,Développé incliné,Barre,Bilatéral,Normale,8,80,0,0,0,0,233,01:05:40
2025-04-13 18:57:07,Uppity,Développé incliné,Barre,Bilatéral,Normale,8,80,0,0,0,0,233,01:05:40
2025-04-13 18:57:07,Uppity,Développé incliné,Barre,Bilatéral,Normale,7,80,0,0,0,0,233,01:05:40
2025-04-13 18:57:07,Uppity,Développé incliné,Barre,Bilatéral,Normale,11,70,0,0,0,0,233,01:05:40
2025-04-13 18:57:07,Uppity,Curl biceps supination,Haltères,Unilatéral,Normale,8,20,0,0,0,0,233,01:05:40
2025-04-13 18:57:07,Uppity,Curl biceps supination,Haltères,Unilatéral,Normale,7,20,0,0,0,0,233,01:05:40
2025-04-13 18:57:07,Uppity,Curl biceps supination,Haltères,Unilatéral,Normale,12,16,0,0,0,0,233,01:05:40
2025-04-13 18:57:07,Uppity,Tirage horizontal assis prise serrée,Poulie vis-à-vis,Bilatéral,Normale,10,70,0,0,0,0,233,01:05:40
2025-04-13 18:57:07,Uppity,Tirage horizontal assis prise serrée,Poulie vis-à-vis,Bilatéral,Normale,12,70,0,0,0,0,233,01:05:40
2025-04-13 18:57:07,Uppity,Tirage horizontal assis prise serrée,Poulie vis-à-vis,Bilatéral,Normale,11,70,0,0,0,0,233,01:05:40
2025-04-13 18:57:07,Uppity,Relevé de buste au sol,Poids du corps,Bilatéral,Normale,15,15,0,0,0,0,233,01:05:40
2025-04-13 18:57:07,Uppity,Relevé de buste au sol,Poids du corps,Bilatéral,Normale,12,15,0,0,0,0,233,01:05:40
2025-04-13 18:57:07,Uppity,Relevé de buste au sol,Poids du corps,Bilatéral,Normale,9,15,0,0,0,0,233,01:05:40
2025-04-15 19:01:18,Deadlift & more,Soulevé de terre,Barre,Bilatéral,Normale,6,100,0,0,0,0,223,01:00:04
2025-04-15 19:01:18,Deadlift & more,Soulevé de terre,Barre,Bilatéral,Normale,4,120,0,0,0,0,223,01:00:04
2025-04-15 19:01:18,Deadlift & more,Soulevé de terre,Barre,Bilatéral,Normale,3,135,0,0,0,0,223,01:00:04
2025-04-15 19:01:18,Deadlift & more,Soulevé de terre,Barre,Bilatéral,Normale,8,110,0,0,0,0,223,01:00:04
2025-04-15 19:01:18,Deadlift & more,Levé de jambe lateral,Machine guidée à poulie,Bilatéral,Normale,12,102.5,0,0,0,0,223,01:00:04
2025-04-15 19:01:18,Deadlift & more,Levé de jambe lateral,Machine guidée à poulie,Bilatéral,Normale,12,102.5,0,0,0,0,223,01:00:04
2025-04-15 19:01:18,Deadlift & more,Levé de jambe lateral,Machine guidée à poulie,Bilatéral,Normale,13,102.5,0,0,0,0,223,01:00:04
2025-04-15 19:01:18,Deadlift & more,Développé militaire,Machine guidée à levier,Bilatéral,Normale,12,80,0,0,0,0,223,01:00:04
2025-04-15 19:01:18,Deadlift & more,Développé militaire,Machine guidée à levier,Bilatéral,Normale,8,80,0,0,0,0,223,01:00:04
2025-04-15 19:01:18,Deadlift & more,Développé militaire,Machine guidée à levier,Bilatéral,Normale,10,80,0,0,0,0,223,01:00:04
2025-04-15 19:01:18,Deadlift & more,Écarté,Machine guidée à poulie,Bilatéral,Normale,9,87.5,0,0,0,0,223,01:00:04
2025-04-15 19:01:18,Deadlift & more,Écarté,Machine guidée à poulie,Bilatéral,Normale,9,87.5,0,0,0,0,223,01:00:04
2025-04-15 19:01:18,Deadlift & more,Écarté,Machine guidée à poulie,Bilatéral,Normale,9,80,0,0,0,0,223,01:00:04
2025-04-18 19:32:33,New legs,Fente statique,Barre,Unilatéral,Normale,8,60,0,0,0,0,181,00:59:07
2025-04-18 19:32:33,New legs,Fente statique,Barre,Unilatéral,Normale,9,60,0,0,0,0,181,00:59:07
2025-04-18 19:32:33,New legs,Flexion jambes parallèles,Barre,Bilatéral,Normale,16,80,0,0,0,0,181,00:59:07
2025-04-18 19:32:33,New legs,Développé incliné,Barre,Bilatéral,Normale,13,70,0,0,0,0,181,00:59:07
2025-04-18 19:32:33,New legs,Développé incliné,Barre,Bilatéral,Normale,11,70,0,0,0,0,181,00:59:07
2025-04-18 19:32:33,New legs,Développé incliné,Barre,Bilatéral,Normale,10,70,0,0,0,0,181,00:59:07
2025-04-18 19:32:33,New legs,Curl biceps supination,Poulie vis-à-vis,Bilatéral,Normale,12,32.5,0,0,0,0,181,00:59:07
2025-04-18 19:32:33,New legs,Curl biceps supination,Poulie vis-à-vis,Bilatéral,Normale,11,32.5,0,0,0,0,181,00:59:07
2025-04-18 19:32:33,New legs,Curl biceps supination,Poulie vis-à-vis,Bilatéral,Normale,9,32.5,0,0,0,0,181,00:59:07
2025-04-20 19:36:24,Uppity,Développé incliné,Barre,Bilatéral,Normale,6,80,0,0,0,0,290,01:07:20
2025-04-20 19:36:24,Uppity,Développé incliné,Barre,Bilatéral,Normale,8,80,0,0,0,0,290,01:07:20
2025-04-20 19:36:24,Uppity,Développé incliné,Barre,Bilatéral,Normale,7,80,0,0,0,0,290,01:07:20
2025-04-20 19:36:24,Uppity,Développé incliné,Barre,Bilatéral,Normale,14,60,0,0,0,0,290,01:07:20
2025-04-20 19:36:24,Uppity,Curl biceps supination,Haltères,Unilatéral,Normale,8,20,0,0,0,0,290,01:07:20
2025-04-20 19:36:24,Uppity,Curl biceps supination,Haltères,Unilatéral,Normale,8,20,0,0,0,0,290,01:07:20
2025-04-20 19:36:24,Uppity,Curl biceps supination,Haltères,Unilatéral,Normale,13,16,0,0,0,0,290,01:07:20
2025-04-20 19:36:24,Uppity,Tirage horizontal assis prise serrée,Poulie vis-à-vis,Bilatéral,Normale,9,80,0,0,0,0,290,01:07:20
2025-04-20 19:36:24,Uppity,Tirage horizontal assis prise serrée,Poulie vis-à-vis,Bilatéral,Normale,9,70,0,0,0,0,290,01:07:20
2025-04-20 19:36:24,Uppity,Tirage horizontal assis prise serrée,Poulie vis-à-vis,Bilatéral,Normale,10,70,0,0,0,0,290,01:07:20
2025-04-20 19:36:24,Uppity,Relevé de buste au sol,Poids du corps,Bilatéral,Normale,16,15,0,0,0,0,290,01:07:20
2025-04-20 19:36:24,Uppity,Relevé de buste au sol,Poids du corps,Bilatéral,Normale,16,15,0,0,0,0,290,01:07:20
2025-04-20 19:36:24,Uppity,Relevé de buste au sol,Poids du corps,Bilatéral,Normale,16,15,0,0,0,0,290,01:07:20
2025-04-20 19:36:24,Uppity,Dips prise serrée,Poids du corps,Bilatéral,Normale,11,0,0,0,0,0,290,01:07:20
2025-04-20 19:36:24,Uppity,Dips prise serrée,Poids du corps,Bilatéral,Normale,11,0,0,0,0,0,290,01:07:20
2025-04-20 19:36:24,Uppity,Dips prise serrée,Poids du corps,Bilatéral,Normale,11,0,0,0,0,0,290,01:07:20
2025-04-24 10:16:22,Alarme incendie,Tirage horizontal prise large,Barre,Bilatéral,Normale,9,70,0,0,0,0,91,00:53:03
2025-04-24 10:16:22,Alarme incendie,Tirage horizontal prise large,Barre,Bilatéral,Normale,8,70,0,0,0,0,91,00:53:03
2025-04-24 10:16:22,Alarme incendie,Tirage horizontal prise large,Barre,Bilatéral,Normale,7,70,0,0,0,0,91,00:53:03
2025-04-24 10:16:22,Alarme incendie,Tirage horizontal prise large,Barre,Bilatéral,Normale,8,70,0,0,0,0,91,00:53:03
2025-04-24 10:16:22,Alarme incendie,Développé incliné,Barre,Bilatéral,Normale,8,80,0,0,0,0,91,00:53:03
2025-04-24 10:16:22,Alarme incendie,Pompe,Poids du corps,Bilatéral,Normale,40,0,0,0,0,0,91,00:53:03
2025-04-24 10:16:22,Alarme incendie,Pompe,Poids du corps,Bilatéral,Normale,27,0,0,0,0,0,91,00:53:03
2025-04-24 10:16:22,Alarme incendie,Pompe,Poids du corps,Bilatéral,Normale,33,0,0,0,0,0,91,00:53:03
2025-04-26 14:52:06,New legs,Fente statique,Barre,Unilatéral,Normale,7,60,0,0,0,0,191,00:45:38
2025-04-26 14:52:06,New legs,Fente statique,Barre,Unilatéral,Normale,9,60,0,0,0,0,191,00:45:38
2025-04-26 14:52:06,New legs,Fente statique,Barre,Unilatéral,Normale,6,60,0,0,0,0,191,00:45:38
2025-04-26 14:52:06,New legs,Flexion jambes parallèles,Barre,Bilatéral,Normale,10,90,0,0,0,0,191,00:45:38
2025-04-26 14:52:06,New legs,Traction prise large,Poids du corps,Bilatéral,Normale,12,0,0,0,0,0,191,00:45:38
2025-04-26 14:52:06,New legs,Traction prise large,Poids du corps,Bilatéral,Normale,10,0,0,0,0,0,191,00:45:38
2025-04-26 14:52:06,New legs,Traction prise large,Poids du corps,Bilatéral,Normale,8,0,0,0,0,0,191,00:45:38
2025-04-26 14:52:06,New legs,Développé incliné,Barre,Bilatéral,Normale,12,70,0,0,0,0,191,00:45:38
2025-04-26 14:52:06,New legs,Développé incliné,Barre,Bilatéral,Normale,8,70,0,0,0,0,191,00:45:38
2025-04-26 14:52:06,New legs,Développé incliné,Barre,Bilatéral,Normale,10,70,0,0,0,0,191,00:45:38
2025-04-28 19:32:20,Jour 1: Push,Développé incliné,Haltères,Bilatéral,Normale,10,32,0,0,0,0,227,01:04:26
2025-04-28 19:32:20,Jour 1: Push,Développé incliné,Haltères,Bilatéral,Normale,9,32,0,0,0,0,227,01:04:26
2025-04-28 19:32:20,Jour 1: Push,Développé incliné,Haltères,Bilatéral,Normale,9,32,0,0,0,0,227,01:04:26
2025-04-28 19:32:20,Jour 1: Push,Développé incliné,Haltères,Bilatéral,Normale,8,32,0,0,0,0,227,01:04:26
2025-04-28 19:32:20,Jour 1: Push,Développé militaire,Machine guidée à levier,Bilatéral,Normale,6,80,0,0,0,0,227,01:04:26
2025-04-28 19:32:20,Jour 1: Push,Développé militaire,Machine guidée à levier,Bilatéral,Normale,7,80,0,0,0,0,227,01:04:26
2025-04-28 19:32:20,Jour 1: Push,Développé militaire,Machine guidée à levier,Bilatéral,Normale,9,70,0,0,0,0,227,01:04:26
2025-04-28 19:32:20,Jour 1: Push,Extension de bras poulie haute,Poulie vis-à-vis,Bilatéral,Normale,12,36.25,0,0,0,0,227,01:04:26
2025-04-28 19:32:20,Jour 1: Push,Extension de bras poulie haute,Poulie vis-à-vis,Bilatéral,Normale,12,36.25,0,0,0,0,227,01:04:26
2025-04-28 19:32:20,Jour 1: Push,Extension de bras poulie haute,Poulie vis-à-vis,Bilatéral,Normale,13,36.25,0,0,0,0,227,01:04:26
2025-04-28 19:32:20,Jour 1: Push,Développé couché,Machine guidée à levier,Bilatéral,Normale,13,70,0,0,0,0,227,01:04:26
2025-04-28 19:32:20,Jour 1: Push,Développé couché,Machine guidée à levier,Bilatéral,Normale,11,70,0,0,0,0,227,01:04:26
2025-04-28 19:32:20,Jour 1: Push,Développé couché,Machine guidée à levier,Bilatéral,Normale,11,70,0,0,0,0,227,01:04:26
2025-05-02 10:11:08,Jour 5: Pull (Row),Tirage horizontal assis prise serrée,Poulie vis-à-vis,Bilatéral,Normale,12,80,0,0,0,0,225,01:00:20
2025-05-02 10:11:08,Jour 5: Pull (Row),Tirage horizontal assis prise serrée,Poulie vis-à-vis,Bilatéral,Normale,9,80,0,0,0,0,225,01:00:20
2025-05-02 10:11:08,Jour 5: Pull (Row),Tirage horizontal assis prise serrée,Poulie vis-à-vis,Bilatéral,Normale,8,80,0,0,0,0,225,01:00:20
2025-05-02 10:11:08,Jour 5: Pull (Row),Tirage horizontal assis prise serrée,Poulie vis-à-vis,Bilatéral,Normale,8,80,0,0,0,0,225,01:00:20
2025-05-02 10:11:08,Jour 5: Pull (Row),Curl pupitre,Machine guidée à levier,Bilatéral,Normale,10,35,0,0,0,0,225,01:00:20
2025-05-02 10:11:08,Jour 5: Pull (Row),Curl pupitre,Machine guidée à levier,Bilatéral,Normale,9,35,0,0,0,0,225,01:00:20
2025-05-02 10:11:08,Jour 5: Pull (Row),Curl pupitre,Machine guidée à levier,Bilatéral,Échec,7,35,0,0,0,0,225,01:00:20
2025-05-02 10:11:08,Jour 5: Pull (Row),Traction prise large,Poids du corps,Bilatéral,Normale,10,0,0,0,0,0,225,01:00:20
2025-05-02 10:11:08,Jour 5: Pull (Row),Traction prise large,Poids du corps,Bilatéral,Normale,8,0,0,0,0,0,225,01:00:20
2025-05-02 10:11:08,Jour 5: Pull (Row),Traction prise large,Poids du corps,Bilatéral,Normale,8,0,0,0,0,0,225,01:00:20
2025-05-02 10:11:08,Jour 5: Pull (Row),Élévation latérale,Haltères,Bilatéral,Normale,12,12,0,0,0,0,225,01:00:20
2025-05-02 10:11:08,Jour 5: Pull (Row),Élévation latérale,Haltères,Bilatéral,Normale,10,12,0,0,0,0,225,01:00:20
2025-05-02 10:11:08,Jour 5: Pull (Row),Élévation latérale,Haltères,Bilatéral,Normale,11,12,0,0,0,0,225,01:00:20
2025-05-04 19:06:50,Jour 7: Deadlift & other hinges,Soulevé de terre,Barre,Bilatéral,Normale,5,130,0,0,0,0,167,00:56:57
2025-05-04 19:06:50,Jour 7: Deadlift & other hinges,Soulevé de terre,Barre,Bilatéral,Normale,5,130,0,0,0,0,167,00:56:57
2025-05-04 19:06:50,Jour 7: Deadlift & other hinges,Soulevé de terre,Barre,Bilatéral,Normale,5,130,0,0,0,0,167,00:56:57
2025-05-04 19:06:50,Jour 7: Deadlift & other hinges,Soulevé de terre,Barre,Bilatéral,Normale,5,130,0,0,0,0,167,00:56:57
2025-05-04 19:06:50,Jour 7: Deadlift & other hinges,Soulevé de terre,Barre,Bilatéral,Normale,5,130,0,0,0,0,167,00:56:57
2025-05-04 19:06:50,Jour 7: Deadlift & other hinges,Soulevé de terre roumain,Barre,Bilatéral,Normale,8,100,0,0,0,0,167,00:56:57
2025-05-04 19:06:50,Jour 7: Deadlift & other hinges,Soulevé de terre roumain,Barre,Bilatéral,Normale,8,100,0,0,0,0,167,00:56:57
2025-05-04 19:06:50,Jour 7: Deadlift & other hinges,Traction prise large,Poids du corps,Bilatéral,Normale,12,0,0,0,0,0,167,00:56:57
2025-05-04 19:06:50,Jour 7: Deadlift & other hinges,Traction prise large,Poids du corps,Bilatéral,Normale,12,0,0,0,0,0,167,00:56:57
2025-05-04 19:06:50,Jour 7: Deadlift & other hinges,Traction prise large,Poids du corps,Bilatéral,Normale,9,0,0,0,0,0,167,00:56:57
2025-05-06 19:31:03,Jour 1: Push,Développé incliné,Machine Smith,Bilatéral,Normale,8,62.5,0,0,0,0,227,01:08:54
2025-05-06 19:31:03,Jour 1: Push,Développé incliné,Machine Smith,Bilatéral,Normale,11,60,0,0,0,0,227,01:08:54
2025-05-06 19:31:03,Jour 1: Push,Développé incliné,Machine Smith,Bilatéral,Normale,7,60,0,0,0,0,227,01:08:54
2025-05-06 19:31:03,Jour 1: Push,Développé incliné,Machine Smith,Bilatéral,Normale,18,40,0,0,0,0,227,01:08:54
2025-05-06 19:31:03,Jour 1: Push,Développé militaire,Machine guidée à levier,Bilatéral,Normale,8,80,0,0,0,0,227,01:08:54
2025-05-06 19:31:03,Jour 1: Push,Développé militaire,Machine guidée à levier,Bilatéral,Normale,9,80,0,0,0,0,227,01:08:54
2025-05-06 19:31:03,Jour 1: Push,Développé militaire,Machine guidée à levier,Bilatéral,Normale,9,80,0,0,0,0,227,01:08:54
2025-05-06 19:31:03,Jour 1: Push,Extension de bras poulie haute,Poulie vis-à-vis,Bilatéral,Normale,8,40,0,0,0,0,227,01:08:54
2025-05-06 19:31:03,Jour 1: Push,Extension de bras poulie haute,Poulie vis-à-vis,Bilatéral,Normale,8,40,0,0,0,0,227,01:08:54
2025-05-06 19:31:03,Jour 1: Push,Extension de bras poulie haute,Poulie vis-à-vis,Bilatéral,Normale,12,36.25,0,0,0,0,227,01:08:54
2025-05-06 19:31:03,Jour 1: Push,Développé couché,Machine guidée à levier,Bilatéral,Normale,12,50,0,0,0,0,227,01:08:54
2025-05-06 19:31:03,Jour 1: Push,Développé couché,Machine guidée à levier,Bilatéral,Normale,11,50,0,0,0,0,227,01:08:54
2025-05-06 19:31:03,Jour 1: Push,Développé couché,Machine guidée à levier,Bilatéral,Normale,9,50,0,0,0,0,227,01:08:54
2025-05-09 19:22:48,Just legs (but also some abs),Presse à cuisses allongé,Machine guidée à levier,Bilatéral,Normale,8,60,0,0,0,0,163,00:50:34
2025-05-09 19:22:48,Just legs (but also some abs),Presse à cuisses allongé,Machine guidée à levier,Bilatéral,Normale,10,60,0,0,0,0,163,00:50:34
2025-05-09 19:22:48,Just legs (but also some abs),Presse à cuisses allongé,Machine guidée à levier,Bilatéral,Normale,10,60,0,0,0,0,163,00:50:34
2025-05-09 19:22:48,Just legs (but also some abs),Presse à cuisses allongé,Machine guidée à levier,Bilatéral,Normale,10,60,0,0,0,0,163,00:50:34
2025-05-09 19:22:48,Just legs (but also some abs),Flexion jambes parallèles,Barre,Bilatéral,Normale,8,90,0,0,0,0,163,00:50:34
2025-05-09 19:22:48,Just legs (but also some abs),Flexion jambes parallèles,Barre,Bilatéral,Normale,10,90,0,0,0,0,163,00:50:34
2025-05-09 19:22:48,Just legs (but also some abs),Extension de mollet debout,Machine guidée à poulie,Bilatéral,Normale,15,80,0,0,0,0,163,00:50:34
2025-05-09 19:22:48,Just legs (but also some abs),Extension de mollet debout,Machine guidée à poulie,Bilatéral,Normale,16,80,0,0,0,0,163,00:50:34
2025-05-09 19:22:48,Just legs (but also some abs),Extension de mollet debout,Machine guidée à poulie,Bilatéral,Normale,16,80,0,0,0,0,163,00:50:34
2025-05-09 19:22:48,Just legs (but also some abs),Relevé de buste au sol,Machine guidée à poulie,Bilatéral,Normale,8,70,0,0,0,0,163,00:50:34
2025-05-09 19:22:48,Just legs (but also some abs),Relevé de buste au sol,Machine guidée à poulie,Bilatéral,Normale,11,60,0,0,0,0,163,00:50:34
2025-05-09 19:22:48,Just legs (but also some abs),Relevé de buste au sol,Machine guidée à poulie,Bilatéral,Normale,12,60,0,0,0,0,163,00:50:34
2025-05-12 19:37:34,Pull (Row),Tirage horizontal assis prise serrée,Poulie vis-à-vis,Bilatéral,Normale,12,80,0,0,0,0,235,01:02:15
2025-05-12 19:37:34,Pull (Row),Tirage horizontal assis prise serrée,Poulie vis-à-vis,Bilatéral,Normale,10,80,0,0,0,0,235,01:02:15
2025-05-12 19:37:34,Pull (Row),Tirage horizontal assis prise serrée,Poulie vis-à-vis,Bilatéral,Normale,9,80,0,0,0,0,235,01:02:15
2025-05-12 19:37:34,Pull (Row),Tirage horizontal assis prise serrée,Poulie vis-à-vis,Bilatéral,Normale,10,70,0,0,0,0,235,01:02:15
2025-05-12 19:37:34,Pull (Row),Traction prise large,Poids du corps,Bilatéral,Normale,8,0,0,0,0,0,235,01:02:15
2025-05-12 19:37:34,Pull (Row),Traction prise large,Poids du corps,Bilatéral,Normale,10,0,0,0,0,0,235,01:02:15
2025-05-12 19:37:34,Pull (Row),Traction prise large,Poids du corps,Bilatéral,Normale,10,0,0,0,0,0,235,01:02:15
2025-05-12 19:37:34,Pull (Row),Curl biceps supination,Poulie vis-à-vis,Bilatéral,Normale,12,32.5,0,0,0,0,235,01:02:15
2025-05-12 19:37:34,Pull (Row),Curl biceps supination,Poulie vis-à-vis,Bilatéral,Normale,10,32.5,0,0,0,0,235,01:02:15
2025-05-12 19:37:34,Pull (Row),Curl biceps supination,Poulie vis-à-vis,Bilatéral,Normale,10,32.5,0,0,0,0,235,01:02:15
2025-05-12 19:37:34,Pull (Row),Élévation latérale,Poulie vis-à-vis,Unilatéral,Normale,10,10,0,0,0,0,235,01:02:15
2025-05-12 19:37:34,Pull (Row),Élévation latérale,Poulie vis-à-vis,Unilatéral,Normale,9,10,0,0,0,0,235,01:02:15
2025-05-12 19:37:34,Pull (Row),Élévation latérale,Poulie vis-à-vis,Unilatéral,Normale,12,7.5,0,0,0,0,235,01:02:15
2025-05-14 19:10:02,Deadlift & other hinges,Soulevé de terre,Barre,Bilatéral,Normale,3,145,0,0,0,0,165,01:18:44
2025-05-14 19:10:02,Deadlift & other hinges,Soulevé de terre,Barre,Bilatéral,Normale,3,145,0,0,0,0,165,01:18:44
2025-05-14 19:10:02,Deadlift & other hinges,Soulevé de terre,Barre,Bilatéral,Normale,2,140,0,0,0,0,165,01:18:44
2025-05-14 19:10:02,Deadlift & other hinges,Soulevé de terre,Barre,Bilatéral,Normale,2,140,0,0,0,0,165,01:18:44
2025-05-14 19:10:02,Deadlift & other hinges,Soulevé de terre,Barre,Bilatéral,Normale,6,120,0,0,0,0,165,01:18:44
2025-05-14 19:10:02,Deadlift & other hinges,Soulevé de terre roumain,Barre,Bilatéral,Normale,10,90,0,0,0,0,165,01:18:44
2025-05-14 19:10:02,Deadlift & other hinges,Soulevé de terre roumain,Barre,Bilatéral,Normale,10,90,0,0,0,0,165,01:18:44
2025-05-14 19:10:02,Deadlift & other hinges,Traction prise large,Poids du corps,Bilatéral,Normale,12,0,0,0,0,0,165,01:18:44
2025-05-14 19:10:02,Deadlift & other hinges,Traction prise large,Poids du corps,Bilatéral,Normale,10,0,0,0,0,0,165,01:18:44
2025-05-14 19:10:02,Deadlift & other hinges,Traction prise large,Poids du corps,Bilatéral,Normale,7,0,0,0,0,0,165,01:18:44
2025-05-16 19:07:41,Push,Développé incliné,Barre,Bilatéral,Normale,6,80,0,0,0,0,222,01:04:47
2025-05-16 19:07:41,Push,Développé incliné,Barre,Bilatéral,Normale,6,80,0,0,0,0,222,01:04:47
2025-05-16 19:07:41,Push,Développé incliné,Barre,Bilatéral,Normale,5,80,0,0,0,0,222,01:04:47
2025-05-16 19:07:41,Push,Développé incliné,Barre,Bilatéral,Normale,17,60,0,0,0,0,222,01:04:47
2025-05-16 19:07:41,Push,Développé militaire,Machine guidée à levier,Bilatéral,Normale,10,80,0,0,0,0,222,01:04:47
2025-05-16 19:07:41,Push,Développé militaire,Machine guidée à levier,Bilatéral,Normale,8,80,0,0,0,0,222,01:04:47
2025-05-16 19:07:41,Push,Développé militaire,Machine guidée à levier,Bilatéral,Normale,9,80,0,0,0,0,222,01:04:47
2025-05-16 19:07:41,Push,Dips prise serrée,Machine guidée à poulie,Bilatéral,Normale,9,102.5,0,0,0,0,222,01:04:47
2025-05-16 19:07:41,Push,Dips prise serrée,Machine guidée à poulie,Bilatéral,Normale,9,95,0,0,0,0,222,01:04:47
2025-05-16 19:07:41,Push,Dips prise serrée,Machine guidée à poulie,Bilatéral,Normale,8,95,0,0,0,0,222,01:04:47
2025-05-16 19:07:41,Push,Écarté,Machine guidée à poulie,Bilatéral,Normale,8,80,0,0,0,0,222,01:04:47
2025-05-16 19:07:41,Push,Écarté,Machine guidée à poulie,Bilatéral,Normale,8,80,0,0,0,0,222,01:04:47
2025-05-16 19:07:41,Push,Écarté,Machine guidée à poulie,Bilatéral,Normale,9,65,0,0,0,0,222,01:04:47
2025-05-17 19:13:10,Just legs (but also some abs),Presse à cuisses,Machine guidée à levier,Bilatéral,Normale,12,200,0,0,0,0,221,01:08:11
2025-05-17 19:13:10,Just legs (but also some abs),Presse à cuisses,Machine guidée à levier,Bilatéral,Normale,12,220,0,0,0,0,221,01:08:11
2025-05-17 19:13:10,Just legs (but also some abs),Presse à cuisses,Machine guidée à levier,Bilatéral,Normale,12,220,0,0,0,0,221,01:08:11
2025-05-17 19:13:10,Just legs (but also some abs),Presse à cuisses,Machine guidée à levier,Bilatéral,Échec,13,220,0,0,0,0,221,01:08:11
2025-05-17 19:13:10,Just legs (but also some abs),Flexion jambes parallèles,Barre,Bilatéral,Normale,10,90,0,0,0,0,221,01:08:11
2025-05-17 19:13:10,Just legs (but also some abs),Flexion jambes parallèles,Barre,Bilatéral,Normale,10,90,0,0,0,0,221,01:08:11
2025-05-17 19:13:10,Just legs (but also some abs),Extension de mollet assis,Machine guidée à poulie,Bilatéral,Normale,15,35,0,0,0,0,221,01:08:11
2025-05-17 19:13:10,Just legs (but also some abs),Extension de mollet assis,Machine guidée à poulie,Bilatéral,Normale,16,35,0,0,0,0,221,01:08:11
2025-05-17 19:13:10,Just legs (but also some abs),Extension de mollet assis,Machine guidée à poulie,Bilatéral,Normale,16,35,0,0,0,0,221,01:08:11
2025-05-17 19:13:10,Just legs (but also some abs),Relevé de buste au sol,Machine guidée à poulie,Bilatéral,Normale,12,65,0,0,0,0,221,01:08:11
2025-05-17 19:13:10,Just legs (but also some abs),Relevé de buste au sol,Machine guidée à poulie,Bilatéral,Normale,12,65,0,0,0,0,221,01:08:11
2025-05-17 19:13:10,Just legs (but also some abs),Relevé de buste au sol,Machine guidée à poulie,Bilatéral,Normale,11,65,0,0,0,0,221,01:08:11
2025-05-19 18:53:25,Pull (Row),Tirage horizontal assis prise serrée,Poulie vis-à-vis,Bilatéral,Normale,12,80,0,0,0,0,225,01:04:16
2025-05-19 18:53:25,Pull (Row),Tirage horizontal assis prise serrée,Poulie vis-à-vis,Bilatéral,Normale,11,80,0,0,0,0,225,01:04:16
2025-05-19 18:53:25,Pull (Row),Tirage horizontal assis prise serrée,Poulie vis-à-vis,Bilatéral,Normale,10,80,0,0,0,0,225,01:04:16
2025-05-19 18:53:25,Pull (Row),Tirage horizontal assis prise serrée,Poulie vis-à-vis,Bilatéral,Normale,13,70,0,0,0,0,225,01:04:16
2025-05-19 18:53:25,Pull (Row),Traction prise large,Poids du corps,Bilatéral,Normale,10,0,0,0,0,0,225,01:04:16
2025-05-19 18:53:25,Pull (Row),Traction prise large,Poids du corps,Bilatéral,Normale,10,0,0,0,0,0,225,01:04:16
2025-05-19 18:53:25,Pull (Row),Traction prise large,Poids du corps,Bilatéral,Normale,9,0,0,0,0,0,225,01:04:16
2025-05-19 18:53:25,Pull (Row),Curl pupitre,Machine guidée à levier,Bilatéral,Normale,8,35,0,0,0,0,225,01:04:16
2025-05-19 18:53:25,Pull (Row),Curl pupitre,Machine guidée à levier,Bilatéral,Normale,8,35,0,0,0,0,225,01:04:16
2025-05-19 18:53:25,Pull (Row),Curl pupitre,Machine guidée à levier,Bilatéral,Échec,6,35,0,0,0,0,225,01:04:16
2025-05-19 18:53:25,Pull (Row),Élévation latérale,Machine guidée à levier,Bilatéral,Normale,9,10,0,0,0,0,225,01:04:16
2025-05-19 18:53:25,Pull (Row),Élévation latérale,Machine guidée à levier,Bilatéral,Normale,9,10,0,0,0,0,225,01:04:16
2025-05-19 18:53:25,Pull (Row),Élévation latérale,Machine guidée à levier,Bilatéral,Normale,9,10,0,0,0,0,225,01:04:16
2025-05-21 19:02:56,Deadlift & other hinges,Soulevé de terre,Barre,Bilatéral,Normale,6,135,0,0,0,0,167,01:06:47
2025-05-21 19:02:56,Deadlift & other hinges,Soulevé de terre,Barre,Bilatéral,Normale,5,135,0,0,0,0,167,01:06:47
2025-05-21 19:02:56,Deadlift & other hinges,Soulevé de terre,Barre,Bilatéral,Normale,5,135,0,0,0,0,167,01:06:47
2025-05-21 19:02:56,Deadlift & other hinges,Soulevé de terre,Barre,Bilatéral,Normale,5,135,0,0,0,0,167,01:06:47
2025-05-21 19:02:56,Deadlift & other hinges,Soulevé de terre,Barre,Bilatéral,Normale,11,100,0,0,0,0,167,01:06:47
2025-05-21 19:02:56,Deadlift & other hinges,Soulevé de terre roumain,Barre,Bilatéral,Normale,8,90,0,0,0,0,167,01:06:47
2025-05-21 19:02:56,Deadlift & other hinges,Soulevé de terre roumain,Barre,Bilatéral,Normale,8,90,0,0,0,0,167,01:06:47
2025-05-21 19:02:56,Deadlift & other hinges,Traction prise large,Poids du corps,Bilatéral,Normale,9,0,0,0,0,0,167,01:06:47
2025-05-21 19:02:56,Deadlift & other hinges,Traction prise large,Poids du corps,Bilatéral,Normale,9,0,0,0,0,0,167,01:06:47
2025-05-21 19:02:56,Deadlift & other hinges,Traction prise large,Poids du corps,Bilatéral,Normale,9,0,0,0,0,0,167,01:06:47
2025-05-22 10:41:29,Push,Développé incliné,Barre,Bilatéral,Normale,7,80,0,0,0,0,236,01:00:36
2025-05-22 10:41:29,Push,Développé incliné,Barre,Bilatéral,Normale,7,80,0,0,0,0,236,01:00:36
2025-05-22 10:41:29,Push,Développé incliné,Barre,Bilatéral,Normale,6,80,0,0,0,0,236,01:00:36
2025-05-22 10:41:29,Push,Développé incliné,Barre,Bilatéral,Normale,10,70,0,0,0,0,236,01:00:36
2025-05-22 10:41:29,Push,Développé militaire,Machine guidée à levier,Bilatéral,Normale,11,80,0,0,0,0,236,01:00:36
2025-05-22 10:41:29,Push,Développé militaire,Machine guidée à levier,Bilatéral,Normale,9,80,0,0,0,0,236,01:00:36
2025-05-22 10:41:29,Push,Développé militaire,Machine guidée à levier,Bilatéral,Normale,8,80,0,0,0,0,236,01:00:36
2025-05-22 10:41:29,Push,Dips prise serrée,Machine guidée à poulie,Bilatéral,Normale,10,95,0,0,0,0,236,01:00:36
2025-05-22 10:41:29,Push,Dips prise serrée,Machine guidée à poulie,Bilatéral,Normale,9,95,0,0,0,0,236,01:00:36
2025-05-22 10:41:29,Push,Dips prise serrée,Machine guidée à poulie,Bilatéral,Normale,8,95,0,0,0,0,236,01:00:36
2025-05-22 10:41:29,Push,Développé couché,Barre,Bilatéral,Normale,7,70,0,0,0,0,236,01:00:36
2025-05-22 10:41:29,Push,Écarté,Machine guidée à poulie,Bilatéral,Normale,8,80,0,0,0,0,236,01:00:36
2025-05-22 10:41:29,Push,Écarté,Machine guidée à poulie,Bilatéral,Normale,8,80,0,0,0,0,236,01:00:36
2025-05-25 18:58:22,Just legs (but also some abs),Presse à cuisses,Machine guidée à levier,Bilatéral,Normale,10,230,0,0,0,0,230,01:08:40
2025-05-25 18:58:22,Just legs (but also some abs),Presse à cuisses,Machine guidée à levier,Bilatéral,Normale,12,230,0,0,0,0,230,01:08:40
2025-05-25 18:58:22,Just legs (but also some abs),Presse à cuisses,Machine guidée à levier,Bilatéral,Normale,12,230,0,0,0,0,230,01:08:40
2025-05-25 18:58:22,Just legs (but also some abs),Presse à cuisses,Machine guidée à levier,Bilatéral,Échec,13,230,0,0,0,0,230,01:08:40
2025-05-25 18:58:22,Just legs (but also some abs),Flexion jambes parallèles,Barre,Bilatéral,Normale,12,90,0,0,0,0,230,01:08:40
2025-05-25 18:58:22,Just legs (but also some abs),Flexion jambes parallèles,Barre,Bilatéral,Normale,12,90,0,0,0,0,230,01:08:40
2025-05-25 18:58:22,Just legs (but also some abs),Relevé de buste au sol,Machine guidée à poulie,Bilatéral,Normale,10,70,0,0,0,0,230,01:08:40
2025-05-25 18:58:22,Just legs (but also some abs),Relevé de buste au sol,Machine guidée à poulie,Bilatéral,Normale,9,70,0,0,0,0,230,01:08:40
2025-05-25 18:58:22,Just legs (but also some abs),Relevé de buste au sol,Machine guidée à poulie,Bilatéral,Normale,10,65,0,0,0,0,230,01:08:40
2025-05-25 18:58:22,Just legs (but also some abs),Extension de mollet debout,Poids du corps,Unilatéral,Normale,15,0,0,0,0,0,230,01:08:40
2025-05-25 18:58:22,Just legs (but also some abs),Extension de mollet debout,Poids du corps,Unilatéral,Normale,15,0,0,0,0,0,230,01:08:40
2025-05-25 18:58:22,Just legs (but also some abs),Extension de mollet debout,Poids du corps,Unilatéral,Normale,15,0,0,0,0,0,230,01:08:40
2025-05-27 10:31:32,Pull (Row),Tirage horizontal assis prise serrée,Poulie vis-à-vis,Bilatéral,Normale,11,80,0,0,0,0,226,00:55:51
2025-05-27 10:31:32,Pull (Row),Tirage horizontal assis prise serrée,Poulie vis-à-vis,Bilatéral,Normale,10,80,0,0,0,0,226,00:55:51
2025-05-27 10:31:32,Pull (Row),Tirage horizontal assis prise serrée,Poulie vis-à-vis,Bilatéral,Normale,9,80,0,0,0,0,226,00:55:51
2025-05-27 10:31:32,Pull (Row),Tirage horizontal assis prise serrée,Poulie vis-à-vis,Bilatéral,Normale,10,70,0,0,0,0,226,00:55:51
2025-05-27 10:31:32,Pull (Row),Traction prise large,Poids du corps,Bilatéral,Normale,12,0,0,0,0,0,226,00:55:51
2025-05-27 10:31:32,Pull (Row),Traction prise large,Poids du corps,Bilatéral,Normale,8,0,0,0,0,0,226,00:55:51
2025-05-27 10:31:32,Pull (Row),Traction prise large,Poids du corps,Bilatéral,Normale,10,0,0,0,0,0,226,00:55:51
2025-05-27 10:31:32,Pull (Row),Curl pupitre,Machine guidée à levier,Bilatéral,Normale,10,35,0,0,0,0,226,00:55:51
2025-05-27 10:31:32,Pull (Row),Curl pupitre,Machine guidée à levier,Bilatéral,Normale,7,35,0,0,0,0,226,00:55:51
2025-05-27 10:31:32,Pull (Row),Curl pupitre,Machine guidée à levier,Bilatéral,Normale,10,25,0,0,0,0,226,00:55:51
2025-05-27 10:31:32,Pull (Row),Élévation latérale,Machine guidée à levier,Bilatéral,Normale,12,10,0,0,0,0,226,00:55:51
2025-05-27 10:31:32,Pull (Row),Élévation latérale,Machine guidée à levier,Bilatéral,Normale,9,10,0,0,0,0,226,00:55:51
2025-05-27 10:31:32,Pull (Row),Élévation latérale,Machine guidée à levier,Bilatéral,Normale,8,10,0,0,0,0,226,00:55:51
2025-05-28 19:06:47,Deadlift & other hinges,Soulevé de terre,Barre,Bilatéral,Normale,4,138,0,0,0,0,167,00:59:30
2025-05-28 19:06:47,Deadlift & other hinges,Soulevé de terre,Barre,Bilatéral,Normale,3,138,0,0,0,0,167,00:59:30
2025-05-28 19:06:47,Deadlift & other hinges,Soulevé de terre,Barre,Bilatéral,Normale,3,138,0,0,0,0,167,00:59:30
2025-05-28 19:06:47,Deadlift & other hinges,Soulevé de terre,Barre,Bilatéral,Normale,4,138,0,0,0,0,167,00:59:30
2025-05-28 19:06:47,Deadlift & other hinges,Soulevé de terre,Barre,Bilatéral,Normale,12,100,0,0,0,0,167,00:59:30
2025-05-28 19:06:47,Deadlift & other hinges,Soulevé de terre roumain,Barre,Bilatéral,Normale,10,90,0,0,0,0,167,00:59:30
2025-05-28 19:06:47,Deadlift & other hinges,Soulevé de terre roumain,Barre,Bilatéral,Normale,9,90,0,0,0,0,167,00:59:30
2025-05-28 19:06:47,Deadlift & other hinges,Traction prise large,Poids du corps,Bilatéral,Normale,9,0,0,0,0,0,167,00:59:30
2025-05-28 19:06:47,Deadlift & other hinges,Traction prise large,Poids du corps,Bilatéral,Normale,9,0,0,0,0,0,167,00:59:30
2025-05-28 19:06:47,Deadlift & other hinges,Traction prise large,Poids du corps,Bilatéral,Normale,9,0,0,0,0,0,167,00:59:30
2025-06-02 18:57:05,Push,Développé militaire,Barre,Bilatéral,Normale,10,50,0,0,0,0,231,01:14:45
2025-06-02 18:57:05,Push,Développé militaire,Barre,Bilatéral,Normale,9,50,0,0,0,0,231,01:14:45
2025-06-02 18:57:05,Push,Développé militaire,Barre,Bilatéral,Normale,9,50,0,0,0,0,231,01:14:45
2025-06-02 18:57:05,Push,Développé incliné,Machine guidée à levier,Bilatéral,Normale,15,80,0,0,0,0,231,01:14:45
2025-06-02 18:57:05,Push,Développé incliné,Machine guidée à levier,Bilatéral,Normale,7,100,0,0,0,0,231,01:14:45
2025-06-02 18:57:05,Push,Développé incliné,Machine guidée à levier,Bilatéral,Normale,6,100,0,0,0,0,231,01:14:45
2025-06-02 18:57:05,Push,Développé incliné,Machine guidée à levier,Bilatéral,Normale,9,80,0,0,0,0,231,01:14:45
2025-06-02 18:57:05,Push,Dips prise serrée,Machine guidée à poulie,Bilatéral,Normale,9,97.5,0,0,0,0,231,01:14:45
2025-06-02 18:57:05,Push,Dips prise serrée,Machine guidée à poulie,Bilatéral,Normale,9,97.5,0,0,0,0,231,01:14:45
2025-06-02 18:57:05,Push,Dips prise serrée,Machine guidée à poulie,Bilatéral,Normale,8,90,0,0,0,0,231,01:14:45
2025-06-02 18:57:05,Push,Curl biceps supination,Haltères,Unilatéral,Normale,10,18,0,0,0,0,231,01:14:45
2025-06-02 18:57:05,Push,Curl biceps supination,Haltères,Unilatéral,Normale,9,18,0,0,0,0,231,01:14:45
2025-06-02 18:57:05,Push,Curl biceps supination,Haltères,Unilatéral,Normale,9,18,0,0,0,0,231,01:14:45
2025-06-04 10:10:46,Just legs (but also some abs),Flexion jambes parallèles,Barre,Bilatéral,Normale,10,105,0,0,0,0,224,01:11:24
2025-06-04 10:10:46,Just legs (but also some abs),Flexion jambes parallèles,Barre,Bilatéral,Normale,10,105,0,0,0,0,224,01:11:24
2025-06-04 10:10:46,Just legs (but also some abs),Flexion jambes parallèles,Barre,Bilatéral,Normale,10,105,0,0,0,0,224,01:11:24
2025-06-04 10:10:46,Just legs (but also some abs),Flexion jambes parallèles,Barre,Bilatéral,Normale,8,105,0,0,0,0,224,01:11:24
2025-06-04 10:10:46,Just legs (but also some abs),Presse à cuisses,Machine guidée à levier,Bilatéral,Normale,12,190,0,0,0,0,224,01:11:24
2025-06-04 10:10:46,Just legs (but also some abs),Presse à cuisses,Machine guidée à levier,Bilatéral,Normale,12,190,0,0,0,0,224,01:11:24
2025-06-04 10:10:46,Just legs (but also some abs),Extension de mollet debout,Machine guidée à levier,Bilatéral,Normale,25,100,0,0,0,0,224,01:11:24
2025-06-04 10:10:46,Just legs (but also some abs),Extension de mollet debout,Machine guidée à levier,Bilatéral,Normale,22,120,0,0,0,0,224,01:11:24
2025-06-04 10:10:46,Just legs (but also some abs),Extension de mollet debout,Machine guidée à levier,Bilatéral,Normale,24,120,0,0,0,0,224,01:11:24
2025-06-04 10:10:46,Just legs (but also some abs),Relevé de buste au sol,Machine guidée à poulie,Bilatéral,Normale,8,70,0,0,0,0,224,01:11:24
2025-06-04 10:10:46,Just legs (but also some abs),Relevé de buste au sol,Machine guidée à poulie,Bilatéral,Normale,10,65,0,0,0,0,224,01:11:24
2025-06-04 10:10:46,Just legs (but also some abs),Relevé de buste au sol,Machine guidée à poulie,Bilatéral,Normale,11,55,0,0,0,0,224,01:11:24
2025-06-05 10:08:21,Pull (Row),Tirage horizontal assis prise serrée,Poulie vis-à-vis,Bilatéral,Normale,12,80,0,0,0,0,178,00:49:25
2025-06-05 10:08:21,Pull (Row),Tirage horizontal assis prise serrée,Poulie vis-à-vis,Bilatéral,Normale,10,80,0,0,0,0,178,00:49:25
2025-06-05 10:08:21,Pull (Row),Tirage horizontal assis prise serrée,Poulie vis-à-vis,Bilatéral,Normale,10,80,0,0,0,0,178,00:49:25
2025-06-05 10:08:21,Pull (Row),Tirage horizontal assis prise serrée,Poulie vis-à-vis,Bilatéral,Normale,10,80,0,0,0,0,178,00:49:25
2025-06-05 10:08:21,Pull (Row),Curl pupitre,Machine guidée à levier,Unilatéral,Normale,9,15,0,0,0,0,178,00:49:25
2025-06-05 10:08:21,Pull (Row),Curl pupitre,Machine guidée à levier,Unilatéral,Échec,9,15,0,0,0,0,178,00:49:25
2025-06-05 10:08:21,Pull (Row),Curl pupitre,Machine guidée à levier,Unilatéral,Échec,7,15,0,0,0,0,178,00:49:25
2025-06-05 10:08:21,Pull (Row),Traction prise large,Poids du corps,Bilatéral,Normale,11,0,0,0,0,0,178,00:49:25
2025-06-05 10:08:21,Pull (Row),Traction prise large,Poids du corps,Bilatéral,Normale,8,0,0,0,0,0,178,00:49:25
2025-06-05 10:08:21,Pull (Row),Traction prise large,Poids du corps,Bilatéral,Normale,7,0,0,0,0,0,178,00:49:25
2025-06-10 10:14:14,Deadlift & other hinges,Soulevé de terre roumain,Barre,Bilatéral,Normale,10,95,0,0,0,0,118,00:51:16
2025-06-10 10:14:14,Deadlift & other hinges,Soulevé de terre roumain,Barre,Bilatéral,Normale,8,95,0,0,0,0,118,00:51:16
2025-06-10 10:14:14,Deadlift & other hinges,Soulevé de terre roumain,Barre,Bilatéral,Normale,8,95,0,0,0,0,118,00:51:16
2025-06-10 10:14:14,Deadlift & other hinges,Traction prise large,Poids du corps,Bilatéral,Normale,10,0,0,0,0,0,118,00:51:16
2025-06-10 10:14:14,Deadlift & other hinges,Traction prise large,Poids du corps,Bilatéral,Normale,10,0,0,0,0,0,118,00:51:16
2025-06-10 10:14:14,Deadlift & other hinges,Traction prise large,Poids du corps,Bilatéral,Normale,9,0,0,0,0,0,118,00:51:16
2025-06-10 10:14:14,Deadlift & other hinges,Traction prise large,Poids du corps,Bilatéral,Normale,9,0,0,0,0,0,118,00:51:16
2025-06-11 19:02:56,Push,Développé militaire,Barre,Bilatéral,Normale,10,52,0,0,0,0,236,01:17:14
2025-06-11 19:02:56,Push,Développé militaire,Barre,Bilatéral,Normale,10,52,0,0,0,0,236,01:17:14
2025-06-11 19:02:56,Push,Développé militaire,Barre,Bilatéral,Normale,9,52,0,0,0,0,236,01:17:14
2025-06-11 19:02:56,Push,Développé incliné,Barre,Bilatéral,Normale,9,70,0,0,0,0,236,01:17:14
2025-06-11 19:02:56,Push,Développé incliné,Barre,Bilatéral,Normale,8,70,0,0,0,0,236,01:17:14
2025-06-11 19:02:56,Push,Développé incliné,Barre,Bilatéral,Normale,8,70,0,0,0,0,236,01:17:14
2025-06-11 19:02:56,Push,Développé incliné,Barre,Bilatéral,Normale,6,70,0,0,0,0,236,01:17:14
2025-06-11 19:02:56,Push,Curl pupitre,Machine guidée à levier,Bilatéral,Normale,10,35,0,0,0,0,236,01:17:14
2025-06-11 19:02:56,Push,Curl pupitre,Machine guidée à levier,Bilatéral,Normale,7,35,0,0,0,0,236,01:17:14
2025-06-11 19:02:56,Push,Curl pupitre,Machine guidée à levier,Bilatéral,Normale,8,30,0,0,0,0,236,01:17:14
2025-06-11 19:02:56,Push,Curl pupitre,Machine guidée à levier,Bilatéral,Normale,9,30,0,0,0,0,236,01:17:14
2025-06-11 19:02:56,Push,Dips prise serrée,Machine guidée à levier,Bilatéral,Normale,12,80,0,0,0,0,236,01:17:14
2025-06-11 19:02:56,Push,Dips prise serrée,Machine guidée à levier,Bilatéral,Normale,10,80,0,0,0,0,236,01:17:14
2025-06-11 19:02:56,Push,Dips prise serrée,Machine guidée à levier,Bilatéral,Normale,10,80,0,0,0,0,236,01:17:14
2025-06-14 19:09:46,Just legs (but also some abs),Flexion jambes parallèles,Barre,Bilatéral,Normale,8,110,0,0,0,0,226,01:22:36
2025-06-14 19:09:46,Just legs (but also some abs),Flexion jambes parallèles,Barre,Bilatéral,Normale,9,110,0,0,0,0,226,01:22:36
2025-06-14 19:09:46,Just legs (but also some abs),Flexion jambes parallèles,Barre,Bilatéral,Normale,8,110,0,0,0,0,226,01:22:36
2025-06-14 19:09:46,Just legs (but also some abs),Flexion jambes parallèles,Barre,Bilatéral,Normale,8,110,0,0,0,0,226,01:22:36
2025-06-14 19:09:46,Just legs (but also some abs),Presse à cuisses,Machine guidée à levier,Bilatéral,Normale,15,190,0,0,0,0,226,01:22:36
2025-06-14 19:09:46,Just legs (but also some abs),Presse à cuisses,Machine guidée à levier,Bilatéral,Normale,15,190,0,0,0,0,226,01:22:36
2025-06-14 19:09:46,Just legs (but also some abs),Extension de mollet debout,Machine guidée à levier,Bilatéral,Normale,30,150,0,0,0,0,226,01:22:36
2025-06-14 19:09:46,Just legs (but also some abs),Extension de mollet debout,Machine guidée à levier,Bilatéral,Normale,25,150,0,0,0,0,226,01:22:36
2025-06-14 19:09:46,Just legs (but also some abs),Extension de mollet debout,Machine guidée à levier,Bilatéral,Normale,25,150,0,0,0,0,226,01:22:36
2025-06-14 19:09:46,Just legs (but also some abs),Relevé de buste au sol,Machine guidée à poulie,Bilatéral,Normale,12,60,0,0,0,0,226,01:22:36
2025-06-14 19:09:46,Just legs (but also some abs),Relevé de buste au sol,Machine guidée à poulie,Bilatéral,Normale,8,60,0,0,0,0,226,01:22:36
2025-06-14 19:09:46,Just legs (but also some abs),Relevé de buste au sol,Machine guidée à poulie,Bilatéral,Normale,9,60,0,0,0,0,226,01:22:36
2025-06-16 19:16:55,Pull (Row),Tirage horizontal assis prise serrée,Poulie vis-à-vis,Bilatéral,Normale,13,80,0,0,0,0,233,01:05:26
2025-06-16 19:16:55,Pull (Row),Tirage horizontal assis prise serrée,Poulie vis-à-vis,Bilatéral,Normale,12,80,0,0,0,0,233,01:05:26
2025-06-16 19:16:55,Pull (Row),Tirage horizontal assis prise serrée,Poulie vis-à-vis,Bilatéral,Normale,10,80,0,0,0,0,233,01:05:26
2025-06-16 19:16:55,Pull (Row),Tirage horizontal assis prise serrée,Poulie vis-à-vis,Bilatéral,Normale,10,80,0,0,0,0,233,01:05:26
2025-06-16 19:16:55,Pull (Row),Curl pupitre,Machine guidée à levier,Unilatéral,Normale,10,15,0,0,0,0,233,01:05:26
2025-06-16 19:16:55,Pull (Row),Curl pupitre,Machine guidée à levier,Unilatéral,Normale,9,15,0,0,0,0,233,01:05:26
2025-06-16 19:16:55,Pull (Row),Curl pupitre,Machine guidée à levier,Unilatéral,Échec,9,15,0,0,0,0,233,01:05:26
2025-06-16 19:16:55,Pull (Row),Extension de bras poulie haute,Poulie vis-à-vis,Bilatéral,Normale,11,40,0,0,0,0,233,01:05:26
2025-06-16 19:16:55,Pull (Row),Extension de bras poulie haute,Poulie vis-à-vis,Bilatéral,Échec,13,36.25,0,0,0,0,233,01:05:26
2025-06-16 19:16:55,Pull (Row),Extension de bras poulie haute,Poulie vis-à-vis,Bilatéral,Échec,10,36.25,0,0,0,0,233,01:05:26
2025-06-16 19:16:55,Pull (Row),Traction prise large,Poids du corps,Bilatéral,Normale,8,0,0,0,0,0,233,01:05:26
2025-06-16 19:16:55,Pull (Row),Traction prise large,Poids du corps,Bilatéral,Normale,8,0,0,0,0,0,233,01:05:26
2025-06-16 19:16:55,Pull (Row),Traction prise large,Poids du corps,Bilatéral,Normale,7,0,0,0,0,0,233,01:05:26
2025-06-18 19:07:12,Deadlift & other hinges,Soulevé de terre,Barre,Bilatéral,Normale,5,138,0,0,0,0,141,01:08:14
2025-06-18 19:07:12,Deadlift & other hinges,Soulevé de terre,Barre,Bilatéral,Normale,5,138,0,0,0,0,141,01:08:14
2025-06-18 19:07:12,Deadlift & other hinges,Soulevé de terre,Barre,Bilatéral,Normale,5,138,0,0,0,0,141,01:08:14
2025-06-18 19:07:12,Deadlift & other hinges,Soulevé de terre,Barre,Bilatéral,Normale,5,138,0,0,0,0,141,01:08:14
2025-06-18 19:07:12,Deadlift & other hinges,Soulevé de terre,Barre,Bilatéral,Normale,15,100,0,0,0,0,141,01:08:14
2025-06-18 19:07:12,Deadlift & other hinges,Traction prise large,Poids du corps,Bilatéral,Normale,9,0,0,0,0,0,141,01:08:14
2025-06-18 19:07:12,Deadlift & other hinges,Traction prise large,Poids du corps,Bilatéral,Normale,10,0,0,0,0,0,141,01:08:14
2025-06-18 19:07:12,Deadlift & other hinges,Traction prise large,Poids du corps,Bilatéral,Normale,7,0,0,0,0,0,141,01:08:14
2025-06-18 19:07:12,Deadlift & other hinges,Traction prise large,Poids du corps,Bilatéral,Normale,8,0,0,0,0,0,141,01:08:14
2025-06-28 12:45:52,Upper neoness,Extension de bras poulie haute,Poulie vis-à-vis,Bilatéral,Normale,10,36,0,0,0,0,333,01:31:24
2025-06-28 12:45:52,Upper neoness,Extension de bras poulie haute,Poulie vis-à-vis,Bilatéral,Normale,10,36,0,0,0,0,333,01:31:24
2025-06-28 12:45:52,Upper neoness,Extension de bras poulie haute,Poulie vis-à-vis,Unilatéral,Normale,10,9,0,0,0,0,333,01:31:24
2025-06-28 12:45:52,Upper neoness,Curl biceps supination,Haltères,Unilatéral,Normale,10,18,0,0,0,0,333,01:31:24
2025-06-28 12:45:52,Upper neoness,Curl biceps supination,Haltères,Unilatéral,Normale,10,18,0,0,0,0,333,01:31:24
2025-06-28 12:45:52,Upper neoness,Curl biceps supination,Haltères,Unilatéral,Normale,10,18,0,0,0,0,333,01:31:24
2025-06-28 12:45:52,Upper neoness,Développé incliné,Barre,Bilatéral,Normale,10,70,0,0,0,0,333,01:31:24
2025-06-28 12:45:52,Upper neoness,Développé incliné,Barre,Bilatéral,Normale,15,60,0,0,0,0,333,01:31:24
2025-06-28 12:45:52,Upper neoness,Développé incliné,Barre,Bilatéral,Normale,10,60,0,0,0,0,333,01:31:24
2025-06-28 12:45:52,Upper neoness,Tirage horizontal prise large,Barre,Bilatéral,Normale,10,70,0,0,0,0,333,01:31:24
2025-06-28 12:45:52,Upper neoness,Tirage horizontal prise large,Barre,Bilatéral,Normale,9,70,0,0,0,0,333,01:31:24
2025-06-28 12:45:52,Upper neoness,Tirage horizontal prise large,Barre,Bilatéral,Normale,9,70,0,0,0,0,333,01:31:24
2025-06-28 12:45:52,Upper neoness,Traction prise large,Poids du corps,Bilatéral,Normale,10,0,0,0,0,0,333,01:31:24
2025-06-28 12:45:52,Upper neoness,Traction prise large,Poids du corps,Bilatéral,Normale,8,0,0,0,0,0,333,01:31:24
2025-06-28 12:45:52,Upper neoness,Pompe déclinée,Poids du corps,Bilatéral,Normale,15,0,0,0,0,0,333,01:31:24
2025-06-28 12:45:52,Upper neoness,Pompe déclinée,Poids du corps,Bilatéral,Normale,10,0,0,0,0,0,333,01:31:24
2025-06-28 12:45:52,Upper neoness,Pompe déclinée,Poids du corps,Bilatéral,Normale,10,0,0,0,0,0,333,01:31:24
2025-07-01 10:33:19,July 1st,Flexion jambes parallèles,Barre,Bilatéral,Normale,12,80,0,0,0,0,212,00:57:00
2025-07-01 10:33:19,July 1st,Flexion jambes parallèles,Barre,Bilatéral,Normale,12,80,0,0,0,0,212,00:57:00
2025-07-01 10:33:19,July 1st,Flexion jambes parallèles,Barre,Bilatéral,Normale,12,80,0,0,0,0,212,00:57:00
2025-07-01 10:33:19,July 1st,Presse à cuisses,Machine guidée à levier,Bilatéral,Normale,10,52.5,0,0,0,0,212,00:57:00
2025-07-01 10:33:19,July 1st,Presse à cuisses,Machine guidée à levier,Bilatéral,Normale,10,50,0,0,0,0,212,00:57:00
2025-07-01 10:33:19,July 1st,Extension de bras poulie haute,Poulie vis-à-vis,Bilatéral,Normale,12,30,0,0,0,0,212,00:57:00
2025-07-01 10:33:19,July 1st,Extension de bras poulie haute,Poulie vis-à-vis,Bilatéral,Normale,12,30,0,0,0,0,212,00:57:00
2025-07-01 10:33:19,July 1st,Extension de bras poulie haute,Poulie vis-à-vis,Bilatéral,Normale,15,30,0,0,0,0,212,00:57:00
2025-07-01 10:33:19,July 1st,Curl biceps supination,Haltères,Unilatéral,Normale,11,17.5,0,0,0,0,212,00:57:00
2025-07-01 10:33:19,July 1st,Curl biceps supination,Haltères,Unilatéral,Normale,10,17.5,0,0,0,0,212,00:57:00
2025-07-01 10:33:19,July 1st,Curl biceps supination,Haltères,Unilatéral,Normale,10,17.5,0,0,0,0,212,00:57:00
2025-07-03 10:15:20,Nouvel Entraînement,Curl biceps supination,Haltères,Unilatéral,Normale,10,20,0,0,0,0,339,01:22:10
2025-07-03 10:15:20,Nouvel Entraînement,Curl biceps supination,Haltères,Unilatéral,Normale,9,20,0,0,0,0,339,01:22:10
2025-07-03 10:15:20,Nouvel Entraînement,Curl biceps supination,Haltères,Unilatéral,Normale,11,17.5,0,0,0,0,339,01:22:10
2025-07-03 10:15:20,Nouvel Entraînement,Curl biceps supination,Haltères,Unilatéral,Normale,10,17.5,0,0,0,0,339,01:22:10
2025-07-03 10:15:20,Nouvel Entraînement,Extension de bras poulie haute,Poulie vis-à-vis,Bilatéral,Normale,12,35,0,0,0,0,339,01:22:10
2025-07-03 10:15:20,Nouvel Entraînement,Extension de bras poulie haute,Poulie vis-à-vis,Bilatéral,Normale,12,35,0,0,0,0,339,01:22:10
2025-07-03 10:15:20,Nouvel Entraînement,Extension de bras poulie haute,Poulie vis-à-vis,Bilatéral,Normale,10,35,0,0,0,0,339,01:22:10
2025-07-03 10:15:20,Nouvel Entraînement,Extension de bras poulie haute,Poulie vis-à-vis,Bilatéral,Normale,10,35,0,0,0,0,339,01:22:10
2025-07-03 10:15:20,Nouvel Entraînement,Tirage horizontal assis prise serrée,Poulie vis-à-vis,Bilatéral,Normale,7,80,0,0,0,0,339,01:22:10
2025-07-03 10:15:20,Nouvel Entraînement,Tirage horizontal assis prise serrée,Poulie vis-à-vis,Bilatéral,Normale,8,70,0,0,0,0,339,01:22:10
2025-07-03 10:15:20,Nouvel Entraînement,Tirage horizontal assis prise serrée,Poulie vis-à-vis,Bilatéral,Normale,8,70,0,0,0,0,339,01:22:10
2025-07-03 10:15:20,Nouvel Entraînement,Tirage horizontal assis prise serrée,Poulie vis-à-vis,Bilatéral,Normale,10,60,0,0,0,0,339,01:22:10
2025-07-03 10:15:20,Nouvel Entraînement,Développé militaire,Barre,Bilatéral,Normale,7,50,0,0,0,0,339,01:22:10
2025-07-03 10:15:20,Nouvel Entraînement,Développé militaire,Barre,Bilatéral,Normale,7,50,0,0,0,0,339,01:22:10
2025-07-03 10:15:20,Nouvel Entraînement,Traction prise large,Poids du corps,Bilatéral,Normale,9,0,0,0,0,0,339,01:22:10
2025-07-03 10:15:20,Nouvel Entraînement,Traction prise large,Poids du corps,Bilatéral,Normale,9,0,0,0,0,0,339,01:22:10
2025-07-03 10:15:20,Nouvel Entraînement,Développé incliné,Haltères,Bilatéral,Normale,10,30,0,0,0,0,339,01:22:10
2025-07-03 10:15:20,Nouvel Entraînement,Développé incliné,Haltères,Bilatéral,Normale,8,30,0,0,0,0,339,01:22:10
2025-07-03 10:15:20,Nouvel Entraînement,Développé incliné,Haltères,Bilatéral,Normale,6,30,0,0,0,0,339,01:22:10
2025-07-04 10:15:59,Nouvel Entraînement,Soulevé de terre,Barre,Bilatéral,Normale,5,137.5,0,0,0,0,196,01:15:34
2025-07-04 10:15:59,Nouvel Entraînement,Soulevé de terre,Barre,Bilatéral,Normale,5,137.5,0,0,0,0,196,01:15:34
2025-07-04 10:15:59,Nouvel Entraînement,Soulevé de terre,Barre,Bilatéral,Normale,5,137.5,0,0,0,0,196,01:15:34
2025-07-04 10:15:59,Nouvel Entraînement,Soulevé de terre,Barre,Bilatéral,Normale,5,137.5,0,0,0,0,196,01:15:34
2025-07-04 10:15:59,Nouvel Entraînement,Soulevé de terre,Barre,Bilatéral,Normale,6,100,0,0,0,0,196,01:15:34
2025-07-04 10:15:59,Nouvel Entraînement,Extension de mollet debout,Poids du corps,Unilatéral,Normale,15,8,0,0,0,0,196,01:15:34
2025-07-04 10:15:59,Nouvel Entraînement,Extension de mollet debout,Poids du corps,Unilatéral,Normale,15,8,0,0,0,0,196,01:15:34
2025-07-04 10:15:59,Nouvel Entraînement,Extension de mollet debout,Poids du corps,Unilatéral,Normale,20,8,0,0,0,0,196,01:15:34
2025-07-04 10:15:59,Nouvel Entraînement,Tirage vertical prise large,Poulie vis-à-vis,Bilatéral,Normale,8,80,0,0,0,0,196,01:15:34
2025-07-04 10:15:59,Nouvel Entraînement,Tirage vertical prise large,Poulie vis-à-vis,Bilatéral,Normale,8,80,0,0,0,0,196,01:15:34
2025-07-04 10:15:59,Nouvel Entraînement,Tirage vertical prise large,Poulie vis-à-vis,Bilatéral,Normale,8,80,0,0,0,0,196,01:15:34
2025-07-07 10:12:15,Nouvel Entraînement,Curl biceps supination,Haltères,Unilatéral,Normale,12,20,0,0,0,0,260,01:18:16
2025-07-07 10:12:15,Nouvel Entraînement,Curl biceps supination,Haltères,Unilatéral,Normale,8,20,0,0,0,0,260,01:18:16
2025-07-07 10:12:15,Nouvel Entraînement,Curl biceps supination,Haltères,Unilatéral,Normale,11,17.5,0,0,0,0,260,01:18:16
2025-07-07 10:12:15,Nouvel Entraînement,Curl biceps supination,Haltères,Unilatéral,Normale,10,17.5,0,0,0,0,260,01:18:16
2025-07-07 10:12:15,Nouvel Entraînement,Extension de bras poulie haute,Poulie vis-à-vis,Bilatéral,Normale,8,40,0,0,0,0,260,01:18:16
2025-07-07 10:12:15,Nouvel Entraînement,Extension de bras poulie haute,Poulie vis-à-vis,Bilatéral,Normale,11,35,0,0,0,0,260,01:18:16
2025-07-07 10:12:15,Nouvel Entraînement,Extension de bras poulie haute,Poulie vis-à-vis,Bilatéral,Normale,11,35,0,0,0,0,260,01:18:16
2025-07-07 10:12:15,Nouvel Entraînement,Extension de bras poulie haute,Poulie vis-à-vis,Bilatéral,Normale,12,35,0,0,0,0,260,01:18:16
2025-07-07 10:12:15,Nouvel Entraînement,Tirage horizontal assis prise serrée,Machine guidée à poulie,Bilatéral,Normale,5,77,0,0,0,0,260,01:18:16
2025-07-07 10:12:15,Nouvel Entraînement,Tirage horizontal assis prise serrée,Machine guidée à poulie,Bilatéral,Normale,9,66,0,0,0,0,260,01:18:16
2025-07-07 10:12:15,Nouvel Entraînement,Tirage horizontal assis prise serrée,Machine guidée à poulie,Bilatéral,Normale,8,66,0,0,0,0,260,01:18:16
2025-07-07 10:12:15,Nouvel Entraînement,Tirage horizontal assis prise serrée,Machine guidée à poulie,Bilatéral,Échec,7,66,0,0,0,0,260,01:18:16
2025-07-07 10:12:15,Nouvel Entraînement,Développé incliné,Barre,Bilatéral,Normale,8,70,0,0,0,0,260,01:18:16
2025-07-07 10:12:15,Nouvel Entraînement,Développé incliné,Barre,Bilatéral,Normale,8,70,0,0,0,0,260,01:18:16
2025-07-07 10:12:15,Nouvel Entraînement,Développé incliné,Barre,Bilatéral,Normale,12,60,0,0,0,0,260,01:18:16
2025-07-08 10:14:54,July 1st,Flexion jambes parallèles,Barre,Bilatéral,Normale,8,100,0,0,0,0,242,01:12:40
2025-07-08 10:14:54,July 1st,Flexion jambes parallèles,Barre,Bilatéral,Normale,8,100,0,0,0,0,242,01:12:40
2025-07-08 10:14:54,July 1st,Flexion jambes parallèles,Barre,Bilatéral,Normale,8,100,0,0,0,0,242,01:12:40
2025-07-08 10:14:54,July 1st,Extension de jambes,Machine guidée à levier,Bilatéral,Normale,12,50,0,0,0,0,242,01:12:40
2025-07-08 10:14:54,July 1st,Extension de jambes,Machine guidée à levier,Bilatéral,Normale,15,50,0,0,0,0,242,01:12:40
2025-07-08 10:14:54,July 1st,Curl biceps supination,Poulie vis-à-vis,Unilatéral,Normale,12,15,0,0,0,0,242,01:12:40
2025-07-08 10:14:54,July 1st,Curl biceps supination,Poulie vis-à-vis,Unilatéral,Normale,12,15,0,0,0,0,242,01:12:40
2025-07-08 10:14:54,July 1st,Curl biceps supination,Poulie vis-à-vis,Unilatéral,Normale,12,15,0,0,0,0,242,01:12:40
2025-07-08 10:14:54,July 1st,Curl biceps supination,Poulie vis-à-vis,Unilatéral,Normale,13,15,0,0,0,0,242,01:12:40
2025-07-08 10:14:54,July 1st,Extension de bras poulie haute,Poulie vis-à-vis,Bilatéral,Normale,10,40,0,0,0,0,242,01:12:40
2025-07-08 10:14:54,July 1st,Extension de bras poulie haute,Poulie vis-à-vis,Bilatéral,Normale,13,35,0,0,0,0,242,01:12:40
2025-07-08 10:14:54,July 1st,Extension de bras poulie haute,Poulie vis-à-vis,Bilatéral,Normale,12,35,0,0,0,0,242,01:12:40
2025-07-08 10:14:54,July 1st,Extension de bras poulie haute,Poulie vis-à-vis,Bilatéral,Normale,11,35,0,0,0,0,242,01:12:40
2025-07-09 10:16:47,Nouvel Entraînement,Soulevé de terre,Barre,Bilatéral,Normale,5,140,0,0,0,0,184,01:09:59
2025-07-09 10:16:47,Nouvel Entraînement,Soulevé de terre,Barre,Bilatéral,Normale,4,140,0,0,0,0,184,01:09:59
2025-07-09 10:16:47,Nouvel Entraînement,Soulevé de terre,Barre,Bilatéral,Normale,4,140,0,0,0,0,184,01:09:59
2025-07-09 10:16:47,Nouvel Entraînement,Soulevé de terre,Barre,Bilatéral,Normale,4,140,0,0,0,0,184,01:09:59
2025-07-09 10:16:47,Nouvel Entraînement,Soulevé de terre,Barre,Bilatéral,Normale,10,100,0,0,0,0,184,01:09:59
2025-07-09 10:16:47,Nouvel Entraînement,Développé militaire,Haltères,Bilatéral,Normale,10,27.5,0,0,0,0,184,01:09:59
2025-07-09 10:16:47,Nouvel Entraînement,Développé militaire,Haltères,Bilatéral,Normale,9,27.5,0,0,0,0,184,01:09:59
2025-07-09 10:16:47,Nouvel Entraînement,Développé militaire,Haltères,Bilatéral,Normale,9,27.5,0,0,0,0,184,01:09:59
2025-07-09 10:16:47,Nouvel Entraînement,Curl biceps supination,Haltères,Unilatéral,Normale,8,20,0,0,0,0,184,01:09:59
2025-07-09 10:16:47,Nouvel Entraînement,Curl biceps supination,Haltères,Unilatéral,Normale,8,20,0,0,0,0,184,01:09:59
2025-07-09 10:16:47,Nouvel Entraînement,Curl biceps supination,Haltères,Unilatéral,Normale,6,20,0,0,0,0,184,01:09:59
2025-07-11 10:07:30,Nouvel Entraînement,Curl biceps supination,Haltères,Unilatéral,Normale,12,20,0,0,0,0,273,01:05:46
2025-07-11 10:07:30,Nouvel Entraînement,Curl biceps supination,Haltères,Unilatéral,Normale,10,20,0,0,0,0,273,01:05:46
2025-07-11 10:07:30,Nouvel Entraînement,Curl biceps supination,Haltères,Unilatéral,Normale,8,20,0,0,0,0,273,01:05:46
2025-07-11 10:07:30,Nouvel Entraînement,Curl biceps supination,Haltères,Unilatéral,Normale,8,20,0,0,0,0,273,01:05:46
2025-07-11 10:07:30,Nouvel Entraînement,Extension de bras poulie haute,Poulie vis-à-vis,Bilatéral,Normale,14,37.5,0,0,0,0,273,01:05:46
2025-07-11 10:07:30,Nouvel Entraînement,Extension de bras poulie haute,Poulie vis-à-vis,Bilatéral,Normale,13,37.5,0,0,0,0,273,01:05:46
2025-07-11 10:07:30,Nouvel Entraînement,Extension de bras poulie haute,Poulie vis-à-vis,Bilatéral,Normale,13,37.5,0,0,0,0,273,01:05:46
2025-07-11 10:07:30,Nouvel Entraînement,Extension de bras poulie haute,Poulie vis-à-vis,Bilatéral,Normale,13,37.5,0,0,0,0,273,01:05:46
2025-07-11 10:07:30,Nouvel Entraînement,Tirage vertical prise serrée,Machine guidée à poulie,Unilatéral,Normale,7,35,0,0,0,0,273,01:05:46
2025-07-11 10:07:30,Nouvel Entraînement,Tirage vertical prise serrée,Machine guidée à poulie,Unilatéral,Normale,9,30,0,0,0,0,273,01:05:46
2025-07-11 10:07:30,Nouvel Entraînement,Tirage vertical prise serrée,Machine guidée à poulie,Unilatéral,Normale,9,30,0,0,0,0,273,01:05:46
2025-07-11 10:07:30,Nouvel Entraînement,Tirage vertical prise serrée,Machine guidée à poulie,Unilatéral,Normale,12,25,0,0,0,0,273,01:05:46
2025-07-11 10:07:30,Nouvel Entraînement,Développé incliné,Barre,Bilatéral,Normale,12,70,0,0,0,0,273,01:05:46
2025-07-11 10:07:30,Nouvel Entraînement,Développé incliné,Barre,Bilatéral,Normale,9,70,0,0,0,0,273,01:05:46
2025-07-11 10:07:30,Nouvel Entraînement,Développé incliné,Barre,Bilatéral,Normale,9,70,0,0,0,0,273,01:05:46
2025-07-14 19:28:44,Legs arms,Flexion jambes parallèles,Barre,Bilatéral,Normale,13,100,0,0,0,0,249,01:50:48
2025-07-14 19:28:44,Legs arms,Flexion jambes parallèles,Barre,Bilatéral,Normale,12,100,0,0,0,0,249,01:50:48
2025-07-14 19:28:44,Legs arms,Flexion jambes parallèles,Barre,Bilatéral,Normale,12,100,0,0,0,0,249,01:50:48
2025-07-14 19:28:44,Legs arms,Curl biceps supination,Barre,Bilatéral,Normale,12,30,0,0,0,0,249,01:50:48
2025-07-14 19:28:44,Legs arms,Curl biceps supination,Barre,Bilatéral,Normale,14,30,0,0,0,0,249,01:50:48
2025-07-14 19:28:44,Legs arms,Curl biceps supination,Barre,Bilatéral,Normale,15,30,0,0,0,0,249,01:50:48
2025-07-14 19:28:44,Legs arms,Curl biceps supination,Barre,Bilatéral,Normale,15,30,0,0,0,0,249,01:50:48
2025-07-14 19:28:44,Legs arms,Curl marteau,Poulie vis-à-vis,Bilatéral,Normale,12,25,0,0,0,0,249,01:50:48
2025-07-14 19:28:44,Legs arms,Curl marteau,Poulie vis-à-vis,Bilatéral,Normale,15,25,0,0,0,0,249,01:50:48
2025-07-14 19:28:44,Legs arms,Curl marteau,Poulie vis-à-vis,Bilatéral,Normale,13,25,0,0,0,0,249,01:50:48
2025-07-14 19:28:44,Legs arms,Extension de bras poulie haute,Poulie vis-à-vis,Bilatéral,Normale,12,40,0,0,0,0,249,01:50:48
2025-07-14 19:28:44,Legs arms,Extension de bras poulie haute,Poulie vis-à-vis,Bilatéral,Normale,12,40,0,0,0,0,249,01:50:48
2025-07-14 19:28:44,Legs arms,Extension de bras poulie haute,Poulie vis-à-vis,Bilatéral,Normale,10,40,0,0,0,0,249,01:50:48
2025-07-14 19:28:44,Legs arms,Extension de bras poulie haute,Poulie vis-à-vis,Bilatéral,Normale,11,40,0,0,0,0,249,01:50:48
2025-07-16 10:18:05,"Shoulders, Arms",Développé militaire,Haltères,Bilatéral,Normale,10,27.5,0,0,0,0,202,00:45:10
2025-07-16 10:18:05,"Shoulders, Arms",Développé militaire,Haltères,Bilatéral,Normale,10,27.5,0,0,0,0,202,00:45:10
2025-07-16 10:18:05,"Shoulders, Arms",Développé militaire,Haltères,Bilatéral,Normale,9,27.5,0,0,0,0,202,00:45:10
2025-07-16 10:18:05,"Shoulders, Arms",Développé militaire,Haltères,Bilatéral,Normale,9,27.5,0,0,0,0,202,00:45:10
2025-07-16 10:18:05,"Shoulders, Arms",Curl biceps supination,Barre,Bilatéral,Normale,10,35,0,0,0,0,202,00:45:10
2025-07-16 10:18:05,"Shoulders, Arms",Curl biceps supination,Barre,Bilatéral,Normale,10,35,0,0,0,0,202,00:45:10
2025-07-16 10:18:05,"Shoulders, Arms",Curl biceps supination,Barre,Bilatéral,Normale,10,35,0,0,0,0,202,00:45:10
2025-07-16 10:18:05,"Shoulders, Arms",Curl biceps supination,Barre,Bilatéral,Normale,12,35,0,0,0,0,202,00:45:10
2025-07-16 10:18:05,"Shoulders, Arms",Extension de bras poulie haute,Poulie vis-à-vis,Bilatéral,Normale,12,40,0,0,0,0,202,00:45:10
2025-07-16 10:18:05,"Shoulders, Arms",Extension de bras poulie haute,Poulie vis-à-vis,Bilatéral,Normale,12,40,0,0,0,0,202,00:45:10
2025-07-16 10:18:05,"Shoulders, Arms",Extension de bras poulie haute,Poulie vis-à-vis,Bilatéral,Normale,12,40,0,0,0,0,202,00:45:10
2025-07-16 10:18:05,"Shoulders, Arms",Extension de bras poulie haute,Poulie vis-à-vis,Bilatéral,Normale,13,40,0,0,0,0,202,00:45:10
2025-07-17 10:29:00,Deadlift,Soulevé de terre,Barre,Bilatéral,Normale,6,140,0,0,0,0,218,01:14:26
2025-07-17 10:29:00,Deadlift,Soulevé de terre,Barre,Bilatéral,Normale,5,140,0,0,0,0,218,01:14:26
2025-07-17 10:29:00,Deadlift,Soulevé de terre,Barre,Bilatéral,Normale,5,140,0,0,0,0,218,01:14:26
2025-07-17 10:29:00,Deadlift,Écarté,Machine guidée à poulie,Bilatéral,Normale,15,40,0,0,0,0,218,01:14:26
2025-07-17 10:29:00,Deadlift,Écarté,Machine guidée à poulie,Bilatéral,Normale,12,50,0,0,0,0,218,01:14:26
2025-07-17 10:29:00,Deadlift,Écarté,Machine guidée à poulie,Bilatéral,Normale,13,50,0,0,0,0,218,01:14:26
2025-07-17 10:29:00,Deadlift,Tirage horizontal assis prise serrée,Poulie vis-à-vis,Bilatéral,Normale,12,60,0,0,0,0,218,01:14:26
2025-07-17 10:29:00,Deadlift,Tirage horizontal assis prise serrée,Poulie vis-à-vis,Bilatéral,Normale,12,60,0,0,0,0,218,01:14:26
2025-07-17 10:29:00,Deadlift,Tirage horizontal assis prise serrée,Poulie vis-à-vis,Bilatéral,Normale,12,60,0,0,0,0,218,01:14:26
2025-07-17 10:29:00,Deadlift,Curl biceps supination,Haltères,Unilatéral,Normale,7,20,0,0,0,0,218,01:14:26
2025-07-17 10:29:00,Deadlift,Curl biceps supination,Haltères,Unilatéral,Normale,7,20,0,0,0,0,218,01:14:26
2025-07-17 10:29:00,Deadlift,Curl biceps supination,Haltères,Unilatéral,Normale,10,15,0,0,0,0,218,01:14:26
2025-07-21 18:49:02,Legs arms,Flexion jambes parallèles,Barre,Bilatéral,Normale,10,105,0,0,0,0,288,01:20:51
2025-07-21 18:49:02,Legs arms,Flexion jambes parallèles,Barre,Bilatéral,Normale,10,105,0,0,0,0,288,01:20:51
2025-07-21 18:49:02,Legs arms,Flexion jambes parallèles,Barre,Bilatéral,Normale,10,105,0,0,0,0,288,01:20:51
2025-07-21 18:49:02,Legs arms,Fente bulgare,Haltères,Unilatéral,Normale,10,20,0,0,0,0,288,01:20:51
2025-07-21 18:49:02,Legs arms,Fente bulgare,Haltères,Unilatéral,Normale,10,20,0,0,0,0,288,01:20:51
2025-07-21 18:49:02,Legs arms,Curl biceps supination,Barre,Bilatéral,Normale,9,37.5,0,0,0,0,288,01:20:51
2025-07-21 18:49:02,Legs arms,Curl biceps supination,Barre,Bilatéral,Normale,9,37.5,0,0,0,0,288,01:20:51
2025-07-21 18:49:02,Legs arms,Curl biceps supination,Barre,Bilatéral,Normale,10,37.5,0,0,0,0,288,01:20:51
2025-07-21 18:49:02,Legs arms,Curl biceps supination,Barre,Bilatéral,Normale,15,27.5,0,0,0,0,288,01:20:51
2025-07-21 18:49:02,Legs arms,Curl marteau,Poulie vis-à-vis,Bilatéral,Normale,12,25,0,0,0,0,288,01:20:51
2025-07-21 18:49:02,Legs arms,Curl marteau,Poulie vis-à-vis,Bilatéral,Normale,13,25,0,0,0,0,288,01:20:51
2025-07-21 18:49:02,Legs arms,Curl marteau,Poulie vis-à-vis,Bilatéral,Normale,13,25,0,0,0,0,288,01:20:51
2025-07-21 18:49:02,Legs arms,Extension de bras poulie haute,Poulie vis-à-vis,Bilatéral,Normale,12,40,0,0,0,0,288,01:20:51
2025-07-21 18:49:02,Legs arms,Extension de bras poulie haute,Poulie vis-à-vis,Bilatéral,Normale,12,40,0,0,0,0,288,01:20:51
2025-07-21 18:49:02,Legs arms,Extension de bras poulie haute,Poulie vis-à-vis,Bilatéral,Normale,10,40,0,0,0,0,288,01:20:51
2025-07-21 18:49:02,Legs arms,Extension de bras poulie haute,Poulie vis-à-vis,Bilatéral,Normale,10,40,0,0,0,0,288,01:20:51
2025-07-23 10:21:31,Upper,Curl biceps supination,Barre,Bilatéral,Normale,12,32.5,0,0,0,0,255,01:15:22
2025-07-23 10:21:31,Upper,Curl biceps supination,Barre,Bilatéral,Normale,13,32.5,0,0,0,0,255,01:15:22
2025-07-23 10:21:31,Upper,Curl biceps supination,Barre,Bilatéral,Normale,12,32.5,0,0,0,0,255,01:15:22
2025-07-23 10:21:31,Upper,Curl biceps supination,Barre,Bilatéral,Normale,12,32.5,0,0,0,0,255,01:15:22
2025-07-23 10:21:31,Upper,Extension de bras poulie haute,Poulie vis-à-vis,Bilatéral,Normale,13,40,0,0,0,0,255,01:15:22
2025-07-23 10:21:31,Upper,Extension de bras poulie haute,Poulie vis-à-vis,Bilatéral,Normale,12,40,0,0,0,0,255,01:15:22
2025-07-23 10:21:31,Upper,Extension de bras poulie haute,Poulie vis-à-vis,Bilatéral,Échec,12,40,0,0,0,0,255,01:15:22
2025-07-23 10:21:31,Upper,Tirage horizontal assis prise large,Machine guidée à poulie,Bilatéral,Normale,8,77,0,0,0,0,255,01:15:22
2025-07-23 10:21:31,Upper,Tirage horizontal assis prise large,Machine guidée à poulie,Bilatéral,Normale,8,72,0,0,0,0,255,01:15:22
2025-07-23 10:21:31,Upper,Tirage horizontal assis prise large,Machine guidée à poulie,Bilatéral,Normale,8,72,0,0,0,0,255,01:15:22
2025-07-23 10:21:31,Upper,Tirage horizontal assis prise large,Machine guidée à poulie,Bilatéral,Normale,10,55,0,0,0,0,255,01:15:22
2025-07-23 10:21:31,Upper,Développé incliné,Barre,Bilatéral,Normale,10,70,0,0,0,0,255,01:15:22
2025-07-23 10:21:31,Upper,Développé incliné,Barre,Bilatéral,Normale,7,70,0,0,0,0,255,01:15:22
2025-07-23 10:21:31,Upper,Développé incliné,Barre,Bilatéral,Normale,10,60,0,0,0,0,255,01:15:22
2025-07-23 10:21:31,Upper,Développé incliné,Barre,Bilatéral,Normale,13,60,0,0,0,0,255,01:15:22
2025-07-25 10:11:48,Deadlift,Soulevé de terre,Barre,Bilatéral,Normale,6,140,0,0,0,0,226,01:19:32
2025-07-25 10:11:48,Deadlift,Soulevé de terre,Barre,Bilatéral,Normale,6,140,0,0,0,0,226,01:19:32
2025-07-25 10:11:48,Deadlift,Soulevé de terre,Barre,Bilatéral,Normale,5,140,0,0,0,0,226,01:19:32
2025-07-25 10:11:48,Deadlift,Soulevé de terre,Barre,Bilatéral,Normale,5,140,0,0,0,0,226,01:19:32
2025-07-25 10:11:48,Deadlift,Soulevé de terre,Barre,Bilatéral,Normale,8,120,0,0,0,0,226,01:19:32
2025-07-25 10:11:48,Deadlift,Curl biceps supination,Poulie vis-à-vis,Unilatéral,Normale,10,17.5,0,0,0,0,226,01:19:32
2025-07-25 10:11:48,Deadlift,Curl biceps supination,Poulie vis-à-vis,Unilatéral,Normale,10,17.5,0,0,0,0,226,01:19:32
2025-07-25 10:11:48,Deadlift,Curl biceps supination,Poulie vis-à-vis,Unilatéral,Normale,10,17.5,0,0,0,0,226,01:19:32
2025-07-25 10:11:48,Deadlift,Curl biceps supination,Poulie vis-à-vis,Unilatéral,Normale,10,17.5,0,0,0,0,226,01:19:32
2025-07-25 10:11:48,Deadlift,Tirage vertical prise serrée,Machine guidée à poulie,Unilatéral,Normale,8,40,0,0,0,0,226,01:19:32
2025-07-25 10:11:48,Deadlift,Tirage vertical prise serrée,Machine guidée à poulie,Unilatéral,Normale,10,35,0,0,0,0,226,01:19:32
2025-07-25 10:11:48,Deadlift,Tirage vertical prise serrée,Machine guidée à poulie,Unilatéral,Normale,9,35,0,0,0,0,226,01:19:32
2025-07-25 10:11:48,Deadlift,Tirage vertical prise serrée,Machine guidée à poulie,Unilatéral,Normale,11,30,0,0,0,0,226,01:19:32
2025-07-27 19:48:46,Sunday Night up,Extension de bras poulie haute,Poulie vis-à-vis,Bilatéral,Normale,14,40,0,0,0,0,237,01:32:17
2025-07-27 19:48:46,Sunday Night up,Extension de bras poulie haute,Poulie vis-à-vis,Bilatéral,Normale,12,40,0,0,0,0,237,01:32:17
2025-07-27 19:48:46,Sunday Night up,Extension de bras poulie haute,Poulie vis-à-vis,Bilatéral,Normale,13,40,0,0,0,0,237,01:32:17
2025-07-27 19:48:46,Sunday Night up,Extension de bras poulie haute,Poulie vis-à-vis,Bilatéral,Normale,13,40,0,0,0,0,237,01:32:17
2025-07-27 19:48:46,Sunday Night up,Curl biceps supination,Barre,Bilatéral,Normale,9,37.5,0,0,0,0,237,01:32:17
2025-07-27 19:48:46,Sunday Night up,Curl biceps supination,Barre,Bilatéral,Normale,10,37.5,0,0,0,0,237,01:32:17
2025-07-27 19:48:46,Sunday Night up,Curl biceps supination,Barre,Bilatéral,Normale,10,37.5,0,0,0,0,237,01:32:17
2025-07-27 19:48:46,Sunday Night up,Curl biceps supination,Barre,Bilatéral,Normale,9,37.5,0,0,0,0,237,01:32:17
2025-07-27 19:48:46,Sunday Night up,Développé militaire,Haltères,Bilatéral,Normale,7,30,0,0,0,0,237,01:32:17
2025-07-27 19:48:46,Sunday Night up,Développé militaire,Haltères,Bilatéral,Normale,8,30,0,0,0,0,237,01:32:17
2025-07-27 19:48:46,Sunday Night up,Développé militaire,Haltères,Bilatéral,Normale,9,30,0,0,0,0,237,01:32:17
2025-07-27 19:48:46,Sunday Night up,Traction prise large,Disque,Bilatéral,Normale,4,20,0,0,0,0,237,01:32:17
2025-07-27 19:48:46,Sunday Night up,Traction prise large,Disque,Bilatéral,Normale,4,20,0,0,0,0,237,01:32:17
2025-07-27 19:48:46,Sunday Night up,Traction prise large,Disque,Bilatéral,Normale,5,20,0,0,0,0,237,01:32:17
2025-07-28 19:41:26,Legs arms,Flexion jambes parallèles,Barre,Bilatéral,Normale,10,110,0,0,0,0,298,01:26:50
2025-07-28 19:41:26,Legs arms,Flexion jambes parallèles,Barre,Bilatéral,Normale,10,110,0,0,0,0,298,01:26:50
2025-07-28 19:41:26,Legs arms,Flexion jambes parallèles,Barre,Bilatéral,Normale,9,110,0,0,0,0,298,01:26:50
2025-07-28 19:41:26,Legs arms,Fente bulgare,Haltères,Unilatéral,Normale,12,20,0,0,0,0,298,01:26:50
2025-07-28 19:41:26,Legs arms,Fente bulgare,Haltères,Unilatéral,Normale,12,20,0,0,0,0,298,01:26:50
2025-07-28 19:41:26,Legs arms,Curl biceps supination,Haltères,Unilatéral,Normale,10,20,0,0,0,0,298,01:26:50
2025-07-28 19:41:26,Legs arms,Curl biceps supination,Haltères,Unilatéral,Normale,9,20,0,0,0,0,298,01:26:50
2025-07-28 19:41:26,Legs arms,Curl biceps supination,Haltères,Unilatéral,Normale,8,20,0,0,0,0,298,01:26:50
2025-07-28 19:41:26,Legs arms,Curl biceps supination,Haltères,Unilatéral,Normale,9,20,0,0,0,0,298,01:26:50
2025-07-28 19:41:26,Legs arms,Curl marteau,Poulie vis-à-vis,Bilatéral,Normale,12,25,0,0,0,0,298,01:26:50
2025-07-28 19:41:26,Legs arms,Curl marteau,Poulie vis-à-vis,Bilatéral,Normale,12,25,0,0,0,0,298,01:26:50
2025-07-28 19:41:26,Legs arms,Curl marteau,Poulie vis-à-vis,Bilatéral,Normale,14,25,0,0,0,0,298,01:26:50
2025-07-28 19:41:26,Legs arms,Extension de bras poulie haute,Poulie vis-à-vis,Bilatéral,Normale,15,40,0,0,0,0,298,01:26:50
2025-07-28 19:41:26,Legs arms,Extension de bras poulie haute,Poulie vis-à-vis,Bilatéral,Normale,14,40,0,0,0,0,298,01:26:50
2025-07-28 19:41:26,Legs arms,Extension de bras poulie haute,Poulie vis-à-vis,Bilatéral,Normale,12,40,0,0,0,0,298,01:26:50
2025-07-28 19:41:26,Legs arms,Extension de bras poulie haute,Poulie vis-à-vis,Bilatéral,Normale,8,40,0,0,0,0,298,01:26:50
2025-07-29 18:42:00,Upper,Curl biceps supination,Barre,Bilatéral,Normale,12,37,0,0,0,0,298,01:39:55
2025-07-29 18:42:00,Upper,Curl biceps supination,Barre,Bilatéral,Normale,10,37,0,0,0,0,298,01:39:55
2025-07-29 18:42:00,Upper,Curl biceps supination,Barre,Bilatéral,Normale,10,37,0,0,0,0,298,01:39:55
2025-07-29 18:42:00,Upper,Curl biceps supination,Barre,Bilatéral,Normale,10,37,0,0,0,0,298,01:39:55
2025-07-29 18:42:00,Upper,Tirage horizontal assis prise serrée,Poulie vis-à-vis,Bilatéral,Normale,9,70,0,0,0,0,298,01:39:55
2025-07-29 18:42:00,Upper,Tirage horizontal assis prise serrée,Poulie vis-à-vis,Bilatéral,Normale,8,70,0,0,0,0,298,01:39:55
2025-07-29 18:42:00,Upper,Tirage horizontal assis prise serrée,Poulie vis-à-vis,Bilatéral,Normale,8,70,0,0,0,0,298,01:39:55
2025-07-29 18:42:00,Upper,Tirage horizontal assis prise serrée,Poulie vis-à-vis,Bilatéral,Normale,9,70,0,0,0,0,298,01:39:55
2025-07-29 18:42:00,Upper,Développé militaire,Barre,Bilatéral,Normale,3,60,0,0,0,0,298,01:39:55
2025-07-29 18:42:00,Upper,Développé militaire,Barre,Bilatéral,Normale,4,60,0,0,0,0,298,01:39:55
2025-07-29 18:42:00,Upper,Développé militaire,Barre,Bilatéral,Normale,2,60,0,0,0,0,298,01:39:55
2025-07-29 18:42:00,Upper,Développé incliné,Barre,Bilatéral,Normale,10,70,0,0,0,0,298,01:39:55
2025-07-29 18:42:00,Upper,Développé incliné,Barre,Bilatéral,Normale,9,70,0,0,0,0,298,01:39:55
2025-07-29 18:42:00,Upper,Développé incliné,Barre,Bilatéral,Normale,8,70,0,0,0,0,298,01:39:55
2025-07-29 18:42:00,Upper,Développé incliné,Barre,Bilatéral,Normale,10,60,0,0,0,0,298,01:39:55
2025-07-29 18:42:00,Upper,Dips prise serrée,Poids du corps,Bilatéral,Normale,8,0,0,0,0,0,298,01:39:55
2025-07-29 18:42:00,Upper,Dips prise serrée,Poids du corps,Bilatéral,Normale,8,0,0,0,0,0,298,01:39:55
2025-07-29 18:42:00,Upper,Dips prise serrée,Poids du corps,Bilatéral,Normale,8,0,0,0,0,0,298,01:39:55
2025-07-31 20:00:05,Deadlift,Soulevé de terre,Barre,Bilatéral,Normale,5,145,0,0,0,0,327,01:33:29
2025-07-31 20:00:05,Deadlift,Soulevé de terre,Barre,Bilatéral,Normale,5,145,0,0,0,0,327,01:33:29
2025-07-31 20:00:05,Deadlift,Soulevé de terre,Barre,Bilatéral,Normale,5,145,0,0,0,0,327,01:33:29
2025-07-31 20:00:05,Deadlift,Soulevé de terre,Barre,Bilatéral,Normale,5,145,0,0,0,0,327,01:33:29
2025-07-31 20:00:05,Deadlift,Soulevé de terre,Barre,Bilatéral,Normale,12,100,0,0,0,0,327,01:33:29
2025-07-31 20:00:05,Deadlift,Traction prise large,Disque,Bilatéral,Normale,4,20,0,0,0,0,327,01:33:29
2025-07-31 20:00:05,Deadlift,Traction prise large,Disque,Bilatéral,Normale,4,20,0,0,0,0,327,01:33:29
2025-07-31 20:00:05,Deadlift,Traction prise large,Disque,Bilatéral,Normale,4,20,0,0,0,0,327,01:33:29
2025-07-31 20:00:05,Deadlift,Curl biceps supination,Poulie vis-à-vis,Unilatéral,Normale,15,15,0,0,0,0,327,01:33:29
2025-07-31 20:00:05,Deadlift,Curl biceps supination,Poulie vis-à-vis,Unilatéral,Normale,14,15,0,0,0,0,327,01:33:29
2025-07-31 20:00:05,Deadlift,Curl biceps supination,Poulie vis-à-vis,Unilatéral,Normale,11,15,0,0,0,0,327,01:33:29
2025-07-31 20:00:05,Deadlift,Curl biceps supination,Poulie vis-à-vis,Unilatéral,Normale,10,15,0,0,0,0,327,01:33:29
2025-07-31 20:00:05,Deadlift,Développé couché prise serrée,Barre,Bilatéral,Normale,13,60,0,0,0,0,327,01:33:29
2025-07-31 20:00:05,Deadlift,Développé couché prise serrée,Barre,Bilatéral,Normale,12,60,0,0,0,0,327,01:33:29
2025-07-31 20:00:05,Deadlift,Développé couché prise serrée,Barre,Bilatéral,Normale,12,60,0,0,0,0,327,01:33:29
2025-07-31 20:00:05,Deadlift,Développé couché prise serrée,Barre,Bilatéral,Normale,10,60,0,0,0,0,327,01:33:29
2025-07-31 20:00:05,Deadlift,Élévation latérale,Haltères,Bilatéral,Normale,10,12.5,0,0,0,0,327,01:33:29
2025-07-31 20:00:05,Deadlift,Élévation latérale,Haltères,Bilatéral,Normale,9,12.5,0,0,0,0,327,01:33:29
2025-07-31 20:00:05,Deadlift,Élévation latérale,Haltères,Bilatéral,Normale,12,10,0,0,0,0,327,01:33:29
2025-08-08 09:01:52,Basic fit première,Extension de bras poulie haute,Poulie vis-à-vis,Bilatéral,Normale,15,34,0,0,0,0,342,01:34:10
2025-08-08 09:01:52,Basic fit première,Extension de bras poulie haute,Poulie vis-à-vis,Bilatéral,Normale,8,41,0,0,0,0,342,01:34:10
2025-08-08 09:01:52,Basic fit première,Extension de bras poulie haute,Poulie vis-à-vis,Bilatéral,Normale,9,38.5,0,0,0,0,342,01:34:10
2025-08-08 09:01:52,Basic fit première,Extension de bras poulie haute,Poulie vis-à-vis,Bilatéral,Normale,9,36.5,0,0,0,0,342,01:34:10
2025-08-08 09:01:52,Basic fit première,Curl biceps supination,Haltères,Unilatéral,Normale,10,20,0,0,0,0,342,01:34:10
2025-08-08 09:01:52,Basic fit première,Curl biceps supination,Haltères,Unilatéral,Normale,10,20,0,0,0,0,342,01:34:10
2025-08-08 09:01:52,Basic fit première,Curl biceps supination,Haltères,Unilatéral,Normale,8,20,0,0,0,0,342,01:34:10
2025-08-08 09:01:52,Basic fit première,Curl biceps supination,Haltères,Unilatéral,Normale,10,18,0,0,0,0,342,01:34:10
2025-08-08 09:01:52,Basic fit première,Développé militaire,Haltères,Bilatéral,Normale,8,30,0,0,0,0,342,01:34:10
2025-08-08 09:01:52,Basic fit première,Développé militaire,Haltères,Bilatéral,Normale,7,30,0,0,0,0,342,01:34:10
2025-08-08 09:01:52,Basic fit première,Développé incliné,Barre,Bilatéral,Normale,11,70,0,0,0,0,342,01:34:10
2025-08-08 09:01:52,Basic fit première,Développé incliné,Barre,Bilatéral,Normale,8,70,0,0,0,0,342,01:34:10
2025-08-08 09:01:52,Basic fit première,Développé incliné,Barre,Bilatéral,Normale,14,60,0,0,0,0,342,01:34:10
2025-08-08 09:01:52,Basic fit première,Tirage vertical prise serrée,Machine guidée à poulie,Bilatéral,Normale,8,73,0,0,0,0,342,01:34:10
2025-08-08 09:01:52,Basic fit première,Tirage vertical prise serrée,Machine guidée à poulie,Bilatéral,Normale,8,73,0,0,0,0,342,01:34:10
2025-08-08 09:01:52,Basic fit première,Tirage vertical prise serrée,Machine guidée à poulie,Bilatéral,Normale,8,73,0,0,0,0,342,01:34:10
2025-08-08 09:01:52,Basic fit première,Tirage horizontal assis prise serrée,Machine guidée à poulie,Bilatéral,Normale,12,66,0,0,0,0,342,01:34:10
2025-08-08 09:01:52,Basic fit première,Tirage horizontal assis prise serrée,Machine guidée à poulie,Bilatéral,Normale,12,66,0,0,0,0,342,01:34:10
2025-08-08 09:01:52,Basic fit première,Tirage horizontal assis prise serrée,Machine guidée à poulie,Bilatéral,Normale,12,66,0,0,0,0,342,01:34:10
2025-08-10 19:37:01,Deadlift,Soulevé de terre,Barre,Bilatéral,Normale,5,145,0,0,0,0,215,01:16:13
2025-08-10 19:37:01,Deadlift,Soulevé de terre,Barre,Bilatéral,Normale,5,145,0,0,0,0,215,01:16:13
2025-08-10 19:37:01,Deadlift,Soulevé de terre,Barre,Bilatéral,Normale,4,145,0,0,0,0,215,01:16:13
2025-08-10 19:37:01,Deadlift,Soulevé de terre,Barre,Bilatéral,Normale,4,145,0,0,0,0,215,01:16:13
2025-08-10 19:37:01,Deadlift,Soulevé de terre,Barre,Bilatéral,Normale,12,100,0,0,0,0,215,01:16:13
2025-08-10 19:37:01,Deadlift,Curl biceps supination,Poulie vis-à-vis,Unilatéral,Normale,10,16,0,0,0,0,215,01:16:13
2025-08-10 19:37:01,Deadlift,Curl biceps supination,Poulie vis-à-vis,Unilatéral,Normale,10,16,0,0,0,0,215,01:16:13
2025-08-10 19:37:01,Deadlift,Curl biceps supination,Poulie vis-à-vis,Unilatéral,Normale,10,16,0,0,0,0,215,01:16:13
2025-08-10 19:37:01,Deadlift,Curl biceps supination,Poulie vis-à-vis,Unilatéral,Normale,10,16,0,0,0,0,215,01:16:13
2025-08-10 19:37:01,Deadlift,Traction prise large,Poids du corps,Bilatéral,Normale,9,0,0,0,0,0,215,01:16:13
2025-08-10 19:37:01,Deadlift,Traction prise large,Poids du corps,Bilatéral,Normale,7,0,0,0,0,0,215,01:16:13
2025-08-10 19:37:01,Deadlift,Traction prise large,Poids du corps,Bilatéral,Normale,7,0,0,0,0,0,215,01:16:13
2025-08-10 19:37:01,Deadlift,Traction prise large,Poids du corps,Bilatéral,Normale,8,0,0,0,0,0,215,01:16:13
2025-08-11 19:38:20,Push,Développé incliné,Barre,Bilatéral,Normale,10,75,0,0,0,0,283,01:06:29
2025-08-11 19:38:20,Push,Développé incliné,Barre,Bilatéral,Normale,10,75,0,0,0,0,283,01:06:29
2025-08-11 19:38:20,Push,Développé incliné,Barre,Bilatéral,Normale,7,75,0,0,0,0,283,01:06:29
2025-08-11 19:38:20,Push,Développé incliné,Barre,Bilatéral,Normale,16,60,0,0,0,0,283,01:06:29
2025-08-11 19:38:20,Push,Développé militaire,Machine guidée à poulie,Bilatéral,Normale,7,59,0,0,0,0,283,01:06:29
2025-08-11 19:38:20,Push,Développé militaire,Machine guidée à poulie,Bilatéral,Normale,7,59,0,0,0,0,283,01:06:29
2025-08-11 19:38:20,Push,Développé militaire,Machine guidée à poulie,Bilatéral,Normale,12,50,0,0,0,0,283,01:06:29
2025-08-11 19:38:20,Push,Extension de bras poulie haute,Poulie vis-à-vis,Bilatéral,Normale,11,34,0,0,0,0,283,01:06:29
2025-08-11 19:38:20,Push,Extension de bras poulie haute,Poulie vis-à-vis,Bilatéral,Normale,11,34,0,0,0,0,283,01:06:29
2025-08-11 19:38:20,Push,Extension de bras poulie haute,Poulie vis-à-vis,Bilatéral,Normale,10,34,0,0,0,0,283,01:06:29
2025-08-11 19:38:20,Push,Extension de bras poulie haute,Poulie vis-à-vis,Bilatéral,Normale,10,32,0,0,0,0,283,01:06:29
2025-08-11 19:38:20,Push,Curl biceps supination,Barre,Bilatéral,Normale,12,30,0,0,0,0,283,01:06:29
2025-08-11 19:38:20,Push,Curl biceps supination,Barre,Bilatéral,Normale,12,30,0,0,0,0,283,01:06:29
2025-08-11 19:38:20,Push,Curl biceps supination,Barre,Bilatéral,Normale,10,30,0,0,0,0,283,01:06:29
2025-08-11 19:38:20,Push,Écarté,Machine guidée à poulie,Bilatéral,Normale,16,66,0,0,0,0,283,01:06:29
2025-08-11 19:38:20,Push,Écarté,Machine guidée à poulie,Bilatéral,Normale,12,66,0,0,0,0,283,01:06:29
2025-08-13 07:26:01,Legs,Flexion jambes parallèles,Barre,Bilatéral,Normale,10,105,0,0,0,0,149,01:08:29
2025-08-13 07:26:01,Legs,Flexion jambes parallèles,Barre,Bilatéral,Normale,8,105,0,0,0,0,149,01:08:29
2025-08-13 07:26:01,Legs,Flexion jambes parallèles,Barre,Bilatéral,Normale,8,105,0,0,0,0,149,01:08:29
2025-08-13 07:26:01,Legs,Presse à cuisses,Machine guidée à levier,Bilatéral,Normale,16,195,0,0,0,0,149,01:08:29
2025-08-13 07:26:01,Legs,Presse à cuisses,Machine guidée à levier,Bilatéral,Normale,15,205,0,0,0,0,149,01:08:29
2025-08-13 07:26:01,Legs,Flexion de jambes assis,Machine guidée à poulie,Bilatéral,Normale,8,66,0,0,0,0,149,01:08:29
2025-08-13 07:26:01,Legs,Flexion de jambes assis,Machine guidée à poulie,Bilatéral,Normale,14,59,0,0,0,0,149,01:08:29
2025-08-13 07:26:01,Legs,Flexion de jambes assis,Machine guidée à poulie,Bilatéral,Échec,8,66,0,0,0,0,149,01:08:29
2025-08-14 19:07:43,Upper,Curl biceps supination,Haltères,Unilatéral,Normale,12,20,0,0,0,0,305,01:31:49
2025-08-14 19:07:43,Upper,Curl biceps supination,Haltères,Unilatéral,Normale,8,20,0,0,0,0,305,01:31:49
2025-08-14 19:07:43,Upper,Curl biceps supination,Haltères,Unilatéral,Normale,8,20,0,0,0,0,305,01:31:49
2025-08-14 19:07:43,Upper,Curl biceps supination,Haltères,Unilatéral,Normale,8,20,0,0,0,0,305,01:31:49
2025-08-14 19:07:43,Upper,Curl biceps supination,Barre,Unilatéral,Normale,12,30,0,0,0,0,305,01:31:49
2025-08-14 19:07:43,Upper,Curl biceps supination,Barre,Unilatéral,Normale,13,30,0,0,0,0,305,01:31:49
2025-08-14 19:07:43,Upper,Développé incliné,Barre,Bilatéral,Normale,6,80,0,0,0,0,305,01:31:49
2025-08-14 19:07:43,Upper,Développé incliné,Barre,Bilatéral,Normale,6,80,0,0,0,0,305,01:31:49
2025-08-14 19:07:43,Upper,Développé incliné,Barre,Bilatéral,Normale,6,80,0,0,0,0,305,01:31:49
2025-08-14 19:07:43,Upper,Développé incliné,Barre,Bilatéral,Normale,15,60,0,0,0,0,305,01:31:49
2025-08-14 19:07:43,Upper,Développé militaire,Haltères,Bilatéral,Normale,9,28,0,0,0,0,305,01:31:49
2025-08-14 19:07:43,Upper,Développé militaire,Haltères,Bilatéral,Normale,9,28,0,0,0,0,305,01:31:49
2025-08-14 19:07:43,Upper,Développé militaire,Haltères,Bilatéral,Normale,9,28,0,0,0,0,305,01:31:49
2025-08-14 19:07:43,Upper,Tirage horizontal assis prise serrée,Machine guidée à poulie,Bilatéral,Normale,6,73,0,0,0,0,305,01:31:49
2025-08-14 19:07:43,Upper,Tirage horizontal assis prise serrée,Machine guidée à poulie,Bilatéral,Normale,9,66,0,0,0,0,305,01:31:49
2025-08-14 19:07:43,Upper,Tirage horizontal assis prise serrée,Machine guidée à poulie,Bilatéral,Normale,12,52,0,0,0,0,305,01:31:49
2025-08-14 19:07:43,Upper,Tirage horizontal assis prise serrée,Machine guidée à poulie,Bilatéral,Normale,12,52,0,0,0,0,305,01:31:49
2025-08-17 19:40:38,Deadlift,Soulevé de terre,Barre,Bilatéral,Normale,4,150,0,0,0,0,298,01:54:22
2025-08-17 19:40:38,Deadlift,Soulevé de terre,Barre,Bilatéral,Normale,4,150,0,0,0,0,298,01:54:22
2025-08-17 19:40:38,Deadlift,Soulevé de terre,Barre,Bilatéral,Normale,4,150,0,0,0,0,298,01:54:22
2025-08-17 19:40:38,Deadlift,Soulevé de terre,Barre,Bilatéral,Normale,4,150,0,0,0,0,298,01:54:22
2025-08-17 19:40:38,Deadlift,Soulevé de terre,Barre,Bilatéral,Normale,14,100,0,0,0,0,298,01:54:22
2025-08-17 19:40:38,Deadlift,Extension verticale,Poulie vis-à-vis,Bilatéral,Normale,10,25,0,0,0,0,298,01:54:22
2025-08-17 19:40:38,Deadlift,Extension verticale,Poulie vis-à-vis,Bilatéral,Normale,12,25,0,0,0,0,298,01:54:22
2025-08-17 19:40:38,Deadlift,Extension verticale,Poulie vis-à-vis,Bilatéral,Normale,11,25,0,0,0,0,298,01:54:22
2025-08-17 19:40:38,Deadlift,Extension verticale,Poulie vis-à-vis,Bilatéral,Normale,13,22.5,0,0,0,0,298,01:54:22
2025-08-17 19:40:38,Deadlift,Curl biceps supination,Poulie vis-à-vis,Unilatéral,Normale,11,16,0,0,0,0,298,01:54:22
2025-08-17 19:40:38,Deadlift,Curl biceps supination,Poulie vis-à-vis,Unilatéral,Normale,10,16,0,0,0,0,298,01:54:22
2025-08-17 19:40:38,Deadlift,Curl biceps supination,Poulie vis-à-vis,Unilatéral,Normale,10,16,0,0,0,0,298,01:54:22
2025-08-17 19:40:38,Deadlift,Curl biceps supination,Poulie vis-à-vis,Unilatéral,Normale,10,16,0,0,0,0,298,01:54:22
2025-08-17 19:40:38,Deadlift,Curl biceps supination,Barre,Bilatéral,Normale,12,30,0,0,0,0,298,01:54:22
2025-08-17 19:40:38,Deadlift,Curl biceps supination,Barre,Bilatéral,Normale,15,30,0,0,0,0,298,01:54:22
2025-08-17 19:40:38,Deadlift,Traction prise large,Disque,Bilatéral,Normale,3,20,0,0,0,0,298,01:54:22
2025-08-17 19:40:38,Deadlift,Traction prise large,Disque,Bilatéral,Normale,3,20,0,0,0,0,298,01:54:22
2025-08-19 20:36:00,Upper,Curl biceps supination,Haltères,Unilatéral,Normale,11,20,0,0,0,0,289,01:27:00
2025-08-19 20:36:00,Upper,Curl biceps supination,Haltères,Unilatéral,Normale,10,20,0,0,0,0,289,01:27:00
2025-08-19 20:36:00,Upper,Curl biceps supination,Haltères,Unilatéral,Normale,8,20,0,0,0,0,289,01:27:00
2025-08-19 20:36:00,Upper,Curl biceps supination,Haltères,Unilatéral,Normale,8,20,0,0,0,0,289,01:27:00
2025-08-19 20:36:00,Upper,Développé incliné,Barre,Bilatéral,Normale,10,70,0,0,0,0,289,01:27:00
2025-08-19 20:36:00,Upper,Développé incliné,Barre,Bilatéral,Normale,9,70,0,0,0,0,289,01:27:00
2025-08-19 20:36:00,Upper,Développé incliné,Barre,Bilatéral,Normale,9,70,0,0,0,0,289,01:27:00
2025-08-19 20:36:00,Upper,Développé incliné,Barre,Bilatéral,Dégressive,8,60,0,0,0,0,289,01:27:00
2025-08-19 20:36:00,Upper,Traction prise large,Disque,Bilatéral,Normale,7,15,0,0,0,0,289,01:27:00
2025-08-19 20:36:00,Upper,Traction prise large,Disque,Bilatéral,Normale,7,15,0,0,0,0,289,01:27:00
2025-08-19 20:36:00,Upper,Traction prise large,Disque,Bilatéral,Normale,6,15,0,0,0,0,289,01:27:00
2025-08-19 20:36:00,Upper,Traction prise large,Disque,Bilatéral,Normale,10,0,0,0,0,0,289,01:27:00
2025-08-19 20:36:00,Upper,Tirage horizontal assis prise serrée,Machine guidée à poulie,Bilatéral,Normale,8,66,0,0,0,0,289,01:27:00
2025-08-19 20:36:00,Upper,Tirage horizontal assis prise serrée,Machine guidée à poulie,Bilatéral,Normale,13,52,0,0,0,0,289,01:27:00
2025-08-19 20:36:00,Upper,Tirage horizontal assis prise serrée,Machine guidée à poulie,Bilatéral,Normale,12,52,0,0,0,0,289,01:27:00
2025-08-19 20:36:00,Upper,Curl biceps supination,Barre,Unilatéral,Normale,12,30,0,0,0,0,289,01:27:00
2025-08-20 19:30:53,Legs,Flexion jambes parallèles,Barre,Bilatéral,Normale,8,110,0,0,0,0,122,00:51:26
2025-08-20 19:30:53,Legs,Flexion jambes parallèles,Barre,Bilatéral,Normale,8,110,0,0,0,0,122,00:51:26
2025-08-20 19:30:53,Legs,Flexion jambes parallèles,Barre,Bilatéral,Normale,6,110,0,0,0,0,122,00:51:26
2025-08-20 19:30:53,Legs,Flexion jambes parallèles,Barre,Bilatéral,Normale,6,100,0,0,0,0,122,00:51:26
2025-08-20 19:30:53,Legs,Fente bulgare,Haltères,Unilatéral,Normale,8,20,0,0,0,0,122,00:51:26
2025-08-20 19:30:53,Legs,Fente bulgare,Haltères,Unilatéral,Normale,9,20,0,0,0,0,122,00:51:26
2025-08-20 19:30:53,Legs,Fente bulgare,Haltères,Unilatéral,Normale,8,20,0,0,0,0,122,00:51:26
2025-08-22 18:55:49,Nouvel Entraînement,Extension verticale,Poulie vis-à-vis,Bilatéral,Normale,10,25,0,0,0,0,315,01:18:19
2025-08-22 18:55:49,Nouvel Entraînement,Extension verticale,Poulie vis-à-vis,Bilatéral,Normale,10,25,0,0,0,0,315,01:18:19
2025-08-22 18:55:49,Nouvel Entraînement,Extension verticale,Poulie vis-à-vis,Bilatéral,Normale,9,25,0,0,0,0,315,01:18:19
2025-08-22 18:55:49,Nouvel Entraînement,Extension verticale,Poulie vis-à-vis,Bilatéral,Normale,9,25,0,0,0,0,315,01:18:19
2025-08-22 18:55:49,Nouvel Entraînement,Développé militaire,Haltères,Bilatéral,Normale,9,28,0,0,0,0,315,01:18:19
2025-08-22 18:55:49,Nouvel Entraînement,Développé militaire,Haltères,Bilatéral,Normale,7,28,0,0,0,0,315,01:18:19
2025-08-22 18:55:49,Nouvel Entraînement,Développé militaire,Haltères,Bilatéral,Normale,6,28,0,0,0,0,315,01:18:19
2025-08-22 18:55:49,Nouvel Entraînement,Développé couché,Machine guidée à poulie,Bilatéral,Normale,8,80,0,0,0,0,315,01:18:19
2025-08-22 18:55:49,Nouvel Entraînement,Développé couché,Machine guidée à poulie,Bilatéral,Normale,8,80,0,0,0,0,315,01:18:19
2025-08-22 18:55:49,Nouvel Entraînement,Développé couché,Machine guidée à poulie,Bilatéral,Normale,7,80,0,0,0,0,315,01:18:19
2025-08-22 18:55:49,Nouvel Entraînement,Développé couché,Machine guidée à poulie,Bilatéral,Normale,10,60,0,0,0,0,315,01:18:19
2025-08-22 18:55:49,Nouvel Entraînement,Tirage horizontal assis prise serrée,Machine guidée à poulie,Unilatéral,Normale,10,35,0,0,0,0,315,01:18:19
2025-08-22 18:55:49,Nouvel Entraînement,Tirage horizontal assis prise serrée,Machine guidée à poulie,Unilatéral,Normale,10,35,0,0,0,0,315,01:18:19
2025-08-22 18:55:49,Nouvel Entraînement,Tirage horizontal assis prise serrée,Machine guidée à poulie,Unilatéral,Normale,10,35,0,0,0,0,315,01:18:19
2025-08-22 18:55:49,Nouvel Entraînement,Tirage horizontal assis prise serrée,Machine guidée à poulie,Unilatéral,Normale,12,30,0,0,0,0,315,01:18:19
2025-08-22 18:55:49,Nouvel Entraînement,Curl biceps supination,Barre,Bilatéral,Normale,15,30,0,0,0,0,315,01:18:19
2025-08-22 18:55:49,Nouvel Entraînement,Curl biceps supination,Barre,Bilatéral,Normale,12,30,0,0,0,0,315,01:18:19
2025-08-22 18:55:49,Nouvel Entraînement,Curl biceps supination,Barre,Bilatéral,Normale,12,30,0,0,0,0,315,01:18:19
2025-09-03 07:20:46,Rentrée 2025,Extension de bras poulie haute,Poulie vis-à-vis,Bilatéral,Normale,14,34,0,0,0,0,378,01:19:11
2025-09-03 07:20:46,Rentrée 2025,Extension de bras poulie haute,Poulie vis-à-vis,Bilatéral,Normale,12,34,0,0,0,0,378,01:19:11
2025-09-03 07:20:46,Rentrée 2025,Extension de bras poulie haute,Poulie vis-à-vis,Bilatéral,Normale,12,34,0,0,0,0,378,01:19:11
2025-09-03 07:20:46,Rentrée 2025,Extension de bras poulie haute,Poulie vis-à-vis,Bilatéral,Normale,11,34,0,0,0,0,378,01:19:11
2025-09-03 07:20:46,Rentrée 2025,Curl biceps supination,Haltères,Unilatéral,Normale,10,20,0,0,0,0,378,01:19:11
2025-09-03 07:20:46,Rentrée 2025,Curl biceps supination,Haltères,Unilatéral,Normale,9,20,0,0,0,0,378,01:19:11
2025-09-03 07:20:46,Rentrée 2025,Curl biceps supination,Haltères,Unilatéral,Normale,7,20,0,0,0,0,378,01:19:11
2025-09-03 07:20:46,Rentrée 2025,Curl biceps supination,Haltères,Unilatéral,Normale,9,18,0,0,0,0,378,01:19:11
2025-09-03 07:20:46,Rentrée 2025,Extension verticale,Poulie vis-à-vis,Bilatéral,Normale,8,25,0,0,0,0,378,01:19:11
2025-09-03 07:20:46,Rentrée 2025,Extension verticale,Poulie vis-à-vis,Bilatéral,Normale,8,20.5,0,0,0,0,378,01:19:11
2025-09-03 07:20:46,Rentrée 2025,Curl marteau,Poulie vis-à-vis,Bilatéral,Normale,11,25,0,0,0,0,378,01:19:11
2025-09-03 07:20:46,Rentrée 2025,Curl marteau,Poulie vis-à-vis,Bilatéral,Normale,10,25,0,0,0,0,378,01:19:11
2025-09-03 07:20:46,Rentrée 2025,Développé incliné,Barre,Bilatéral,Normale,8,70,0,0,0,0,378,01:19:11
2025-09-03 07:20:46,Rentrée 2025,Développé incliné,Barre,Bilatéral,Normale,8,70,0,0,0,0,378,01:19:11
2025-09-03 07:20:46,Rentrée 2025,Développé incliné,Barre,Bilatéral,Normale,8,70,0,0,0,0,378,01:19:11
2025-09-03 07:20:46,Rentrée 2025,Développé incliné,Barre,Bilatéral,Normale,7,70,0,0,0,0,378,01:19:11
2025-09-03 07:20:46,Rentrée 2025,Développé couché,Machine guidée à levier,Bilatéral,Normale,8,40,0,0,0,0,378,01:19:11
2025-09-03 07:20:46,Rentrée 2025,Développé couché,Machine guidée à levier,Bilatéral,Normale,10,40,0,0,0,0,378,01:19:11
2025-09-03 07:20:46,Rentrée 2025,Traction prise large,Poids du corps,Bilatéral,Normale,10,0,0,0,0,0,378,01:19:11
2025-09-03 07:20:46,Rentrée 2025,Traction prise large,Poids du corps,Bilatéral,Normale,8,0,0,0,0,0,378,01:19:11
2025-09-03 07:20:46,Rentrée 2025,Traction prise large,Poids du corps,Bilatéral,Normale,6,0,0,0,0,0,378,01:19:11
2025-09-07 12:17:56,Easy legs,Flexion jambes parallèles,Barre,Bilatéral,Normale,8,100,0,0,0,0,164,00:43:18
2025-09-07 12:17:56,Easy legs,Flexion jambes parallèles,Barre,Bilatéral,Normale,8,100,0,0,0,0,164,00:43:18
2025-09-07 12:17:56,Easy legs,Flexion jambes parallèles,Barre,Bilatéral,Normale,8,100,0,0,0,0,164,00:43:18
2025-09-07 12:17:56,Easy legs,Curl biceps supination,Poulie vis-à-vis,Unilatéral,Normale,10,16,0,0,0,0,164,00:43:18
2025-09-07 12:17:56,Easy legs,Curl biceps supination,Poulie vis-à-vis,Unilatéral,Normale,10,16,0,0,0,0,164,00:43:18
2025-09-07 12:17:56,Easy legs,Curl biceps supination,Poulie vis-à-vis,Unilatéral,Normale,10,16,0,0,0,0,164,00:43:18
2025-09-07 12:17:56,Easy legs,Extension verticale,Poulie vis-à-vis,Bilatéral,Normale,8,20.5,0,0,0,0,164,00:43:18
2025-09-07 12:17:56,Easy legs,Extension verticale,Poulie vis-à-vis,Bilatéral,Normale,8,20.5,0,0,0,0,164,00:43:18
2025-09-07 12:17:56,Easy legs,Extension verticale,Poulie vis-à-vis,Bilatéral,Normale,6,20.5,0,0,0,0,164,00:43:18
2025-09-09 09:41:55,Upper,Développé militaire,Haltères,Bilatéral,Normale,10,28,0,0,0,0,237,01:24:22
2025-09-09 09:41:55,Upper,Développé militaire,Haltères,Bilatéral,Normale,10,28,0,0,0,0,237,01:24:22
2025-09-09 09:41:55,Upper,Développé militaire,Haltères,Bilatéral,Normale,8,28,0,0,0,0,237,01:24:22
2025-09-09 09:41:55,Upper,Développé militaire,Haltères,Bilatéral,Normale,8,28,0,0,0,0,237,01:24:22
2025-09-09 09:41:55,Upper,Curl biceps supination,Barre,Bilatéral,Normale,12,30,0,0,0,0,237,01:24:22
2025-09-09 09:41:55,Upper,Curl biceps supination,Barre,Bilatéral,Normale,12,30,0,0,0,0,237,01:24:22
2025-09-09 09:41:55,Upper,Curl biceps supination,Barre,Bilatéral,Normale,14,30,0,0,0,0,237,01:24:22
2025-09-09 09:41:55,Upper,Curl biceps supination,Barre,Bilatéral,Normale,10,30,0,0,0,0,237,01:24:22
2025-09-09 09:41:55,Upper,Développé incliné,Barre,Bilatéral,Normale,11,70,0,0,0,0,237,01:24:22
2025-09-09 09:41:55,Upper,Développé incliné,Barre,Bilatéral,Normale,9,70,0,0,0,0,237,01:24:22
2025-09-09 09:41:55,Upper,Développé incliné,Barre,Bilatéral,Dégressive,5,70,0,0,0,0,237,01:24:22
2025-09-09 09:41:55,Upper,Traction prise large,Disque,Bilatéral,Normale,8,10,0,0,0,0,237,01:24:22
2025-09-09 09:41:55,Upper,Traction prise large,Disque,Bilatéral,Normale,6,10,0,0,0,0,237,01:24:22
2025-09-09 09:41:55,Upper,Traction prise large,Disque,Bilatéral,Normale,7,10,0,0,0,0,237,01:24:22
2025-09-17 08:13:08,Light strengthening,Flexion jambes parallèles,Barre,Bilatéral,Normale,10,60,0,0,0,0,144,00:56:38
2025-09-17 08:13:08,Light strengthening,Flexion jambes parallèles,Barre,Bilatéral,Normale,10,60,0,0,0,0,144,00:56:38
2025-09-17 08:13:08,Light strengthening,Flexion jambes parallèles,Barre,Bilatéral,Normale,10,60,0,0,0,0,144,00:56:38
2025-09-17 08:13:08,Light strengthening,Traction prise large,Disque,Bilatéral,Normale,10,10,0,0,0,0,144,00:56:38
2025-09-17 08:13:08,Light strengthening,Traction prise large,Disque,Bilatéral,Normale,8,10,0,0,0,0,144,00:56:38
2025-09-17 08:13:08,Light strengthening,Traction prise large,Disque,Bilatéral,Normale,7,10,0,0,0,0,144,00:56:38
2025-09-17 08:13:08,Light strengthening,Traction prise large,Disque,Bilatéral,Normale,8,10,0,0,0,0,144,00:56:38
2025-09-17 08:13:08,Light strengthening,Traction prise large,Disque,Bilatéral,Normale,9,0,0,0,0,0,144,00:56:38
2025-09-17 08:13:08,Light strengthening,Traction prise large,Disque,Bilatéral,Normale,8,0,0,0,0,0,144,00:56:38
2025-09-24 09:41:57,Nouvel Entraînement,Curl biceps supination,Haltères,Unilatéral,Normale,10,20,0,0,0,0,193,00:50:50
2025-09-24 09:41:57,Nouvel Entraînement,Curl biceps supination,Haltères,Unilatéral,Normale,10,20,0,0,0,0,193,00:50:50
2025-09-24 09:41:57,Nouvel Entraînement,Curl biceps supination,Haltères,Unilatéral,Normale,9,20,0,0,0,0,193,00:50:50
2025-09-24 09:41:57,Nouvel Entraînement,Curl biceps supination,Haltères,Unilatéral,Normale,10,16,0,0,0,0,193,00:50:50
2025-09-24 09:41:57,Nouvel Entraînement,Développé militaire,Barre,Bilatéral,Normale,7,50,0,0,0,0,193,00:50:50
2025-09-24 09:41:57,Nouvel Entraînement,Développé militaire,Barre,Bilatéral,Normale,7,50,0,0,0,0,193,00:50:50
2025-09-24 09:41:57,Nouvel Entraînement,Développé militaire,Barre,Bilatéral,Normale,6,50,0,0,0,0,193,00:50:50
2025-09-24 09:41:57,Nouvel Entraînement,Traction prise large,Poids du corps,Bilatéral,Normale,12,0,0,0,0,0,193,00:50:50
2025-09-24 09:41:57,Nouvel Entraînement,Traction prise large,Poids du corps,Bilatéral,Normale,10,0,0,0,0,0,193,00:50:50
2025-09-24 09:41:57,Nouvel Entraînement,Traction prise large,Poids du corps,Bilatéral,Normale,8,0,0,0,0,0,193,00:50:50
2025-09-24 09:41:57,Nouvel Entraînement,Traction prise large,Poids du corps,Bilatéral,Normale,8,0,0,0,0,0,193,00:50:50
2025-10-10 09:36:48,Reprise,Tirage horizontal prise large,Barre,Bilatéral,Normale,10,60,0,0,0,0,145,01:49:19
2025-10-10 09:36:48,Reprise,Tirage horizontal prise large,Barre,Bilatéral,Normale,10,60,0,0,0,0,145,01:49:19
2025-10-10 09:36:48,Reprise,Tirage horizontal prise large,Barre,Bilatéral,Normale,10,60,0,0,0,0,145,01:49:19
2025-10-10 09:36:48,Reprise,Développé militaire,Barre,Bilatéral,Normale,7,50,0,0,0,0,145,01:49:19
2025-10-10 09:36:48,Reprise,Développé militaire,Barre,Bilatéral,Normale,8,50,0,0,0,0,145,01:49:19
2025-10-10 09:36:48,Reprise,Développé militaire,Barre,Bilatéral,Normale,6,50,0,0,0,0,145,01:49:19
2025-10-10 09:36:48,Reprise,Traction prise large,Poids du corps,Bilatéral,Normale,10,0,0,0,0,0,145,01:49:19
2025-10-10 09:36:48,Reprise,Traction prise large,Poids du corps,Bilatéral,Normale,10,0,0,0,0,0,145,01:49:19
2025-10-12 16:13:58,Reprise 2,Flexion jambes parallèles,Barre,Bilatéral,Normale,8,100,0,0,0,0,216,00:58:26
2025-10-12 16:13:58,Reprise 2,Flexion jambes parallèles,Barre,Bilatéral,Normale,8,100,0,0,0,0,216,00:58:26
2025-10-12 16:13:58,Reprise 2,Flexion jambes parallèles,Barre,Bilatéral,Normale,20,60,0,0,0,0,216,00:58:26
2025-10-12 16:13:58,Reprise 2,Extension de bras poulie haute,Poulie vis-à-vis,Bilatéral,Normale,15,34,0,0,0,0,216,00:58:26
2025-10-12 16:13:58,Reprise 2,Extension de bras poulie haute,Poulie vis-à-vis,Bilatéral,Normale,11,34,0,0,0,0,216,00:58:26
2025-10-12 16:13:58,Reprise 2,Extension de bras poulie haute,Poulie vis-à-vis,Bilatéral,Normale,10,34,0,0,0,0,216,00:58:26
2025-10-12 16:13:58,Reprise 2,Développé incliné,Barre,Bilatéral,Normale,12,60,0,0,0,0,216,00:58:26
2025-10-12 16:13:58,Reprise 2,Développé incliné,Barre,Bilatéral,Normale,12,60,0,0,0,0,216,00:58:26
2025-10-12 16:13:58,Reprise 2,Développé incliné,Barre,Bilatéral,Normale,9,60,0,0,0,0,216,00:58:26
2025-10-12 16:13:58,Reprise 2,Traction prise large,Poids du corps,Bilatéral,Normale,10,0,0,0,0,0,216,00:58:26
2025-10-12 16:13:58,Reprise 2,Traction prise large,Poids du corps,Bilatéral,Normale,9,0,0,0,0,0,216,00:58:26
2025-10-12 16:13:58,Reprise 2,Traction prise large,Poids du corps,Bilatéral,Normale,7,0,0,0,0,0,216,00:58:26
2025-10-13 13:55:54,Lower A,Flexion jambes parallèles,Barre,Bilatéral,Normale,12,40,0,0,0,0,268,01:02:14
2025-10-13 13:55:54,Lower A,Flexion jambes parallèles,Barre,Bilatéral,Normale,12,40,0,0,0,0,268,01:02:14
2025-10-13 13:55:54,Lower A,Flexion jambes parallèles,Barre,Bilatéral,Normale,12,40,0,0,0,0,268,01:02:14
2025-10-13 13:55:54,Lower A,Flexion jambes parallèles,Barre,Bilatéral,Normale,12,40,0,0,0,0,268,01:02:14
2025-10-13 13:55:54,Lower A,Presse à cuisses,Machine guidée à levier,Bilatéral,Normale,15,115,0,0,0,0,268,01:02:14
2025-10-13 13:55:54,Lower A,Presse à cuisses,Machine guidée à levier,Bilatéral,Normale,15,115,0,0,0,0,268,01:02:14
2025-10-13 13:55:54,Lower A,Extension de mollet debout,Poids du corps,Unilatéral,Normale,12,20,0,0,0,0,268,01:02:14
2025-10-13 13:55:54,Lower A,Extension de mollet debout,Poids du corps,Unilatéral,Normale,15,20,0,0,0,0,268,01:02:14
2025-10-13 13:55:54,Lower A,Extension de mollet debout,Poids du corps,Unilatéral,Normale,15,18,0,0,0,0,268,01:02:14
2025-10-13 13:55:54,Lower A,Extension de mollet debout,Poids du corps,Unilatéral,Normale,15,18,0,0,0,0,268,01:02:14
2025-10-13 13:55:54,Lower A,Extension de mollet debout,Poids du corps,Unilatéral,Normale,15,8,0,0,0,0,268,01:02:14
2025-10-13 13:55:54,Lower A,Flexion de jambes assis,Machine guidée à poulie,Bilatéral,Normale,12,39,0,0,0,0,268,01:02:14
2025-10-13 13:55:54,Lower A,Flexion de jambes assis,Machine guidée à poulie,Bilatéral,Normale,12,39,0,0,0,0,268,01:02:14
2025-10-13 13:55:54,Lower A,Flexion de jambes assis,Machine guidée à poulie,Bilatéral,Normale,12,39,0,0,0,0,268,01:02:14
2025-10-14 11:26:15,Upper A,Tirage horizontal prise large,Barre,Bilatéral,Normale,10,60,0,0,0,0,301,01:10:40
2025-10-14 11:26:15,Upper A,Tirage horizontal prise large,Barre,Bilatéral,Normale,11,60,0,0,0,0,301,01:10:40
2025-10-14 11:26:15,Upper A,Tirage horizontal prise large,Barre,Bilatéral,Normale,9,60,0,0,0,0,301,01:10:40
2025-10-14 11:26:15,Upper A,Tirage horizontal prise large,Barre,Bilatéral,Normale,9,60,0,0,0,0,301,01:10:40
2025-10-14 11:26:15,Upper A,Développé incliné,Barre,Bilatéral,Normale,15,40,0,0,0,0,301,01:10:40
2025-10-14 11:26:15,Upper A,Développé incliné,Barre,Bilatéral,Normale,15,40,0,0,0,0,301,01:10:40
2025-10-14 11:26:15,Upper A,Développé incliné,Barre,Bilatéral,Normale,15,40,0,0,0,0,301,01:10:40
2025-10-14 11:26:15,Upper A,Développé incliné,Barre,Bilatéral,Normale,15,40,0,0,0,0,301,01:10:40
2025-10-14 11:26:15,Upper A,Traction prise large,Poids du corps,Bilatéral,Normale,8,0,0,0,0,0,301,01:10:40
2025-10-14 11:26:15,Upper A,Traction prise large,Poids du corps,Bilatéral,Normale,8,0,0,0,0,0,301,01:10:40
2025-10-14 11:26:15,Upper A,Traction prise large,Poids du corps,Bilatéral,Normale,8,0,0,0,0,0,301,01:10:40
2025-10-14 11:26:15,Upper A,Élévation latérale,Haltères,Bilatéral,Normale,13,10,0,0,0,0,301,01:10:40
2025-10-14 11:26:15,Upper A,Élévation latérale,Haltères,Bilatéral,Normale,12,10,0,0,0,0,301,01:10:40
2025-10-14 11:26:15,Upper A,Élévation latérale,Haltères,Bilatéral,Normale,11,10,0,0,0,0,301,01:10:40
2025-10-14 11:26:15,Upper A,Pompe déclinée,Poids du corps,Bilatéral,Normale,20,0,0,0,0,0,301,01:10:40
2025-10-14 11:26:15,Upper A,Pompe déclinée,Poids du corps,Bilatéral,Normale,12,0,0,0,0,0,301,01:10:40
2025-10-14 11:26:15,Upper A,Pompe déclinée,Poids du corps,Bilatéral,Normale,12,0,0,0,0,0,301,01:10:40
2025-10-17 09:48:38,Lower B,Flexion jambes parallèles,Barre,Bilatéral,Normale,15,80,0,0,0,0,220,01:17:31
2025-10-17 09:48:38,Lower B,Flexion jambes parallèles,Barre,Bilatéral,Normale,15,80,0,0,0,0,220,01:17:31
2025-10-17 09:48:38,Lower B,Flexion jambes parallèles,Barre,Bilatéral,Normale,15,80,0,0,0,0,220,01:17:31
2025-10-17 09:48:38,Lower B,Flexion jambes parallèles,Barre,Bilatéral,Normale,15,80,0,0,0,0,220,01:17:31
2025-10-17 09:48:38,Lower B,Fente bulgare,Haltères,Unilatéral,Normale,10,20,0,0,0,0,220,01:17:31
2025-10-17 09:48:38,Lower B,Fente bulgare,Haltères,Unilatéral,Normale,8,20,0,0,0,0,220,01:17:31
2025-10-17 09:48:38,Lower B,Extension de mollet debout,Poids du corps,Unilatéral,Normale,15,10,0,0,0,0,220,01:17:31
2025-10-17 09:48:38,Lower B,Extension de mollet debout,Poids du corps,Unilatéral,Normale,15,10,0,0,0,0,220,01:17:31
2025-10-17 09:48:38,Lower B,Extension de mollet debout,Poids du corps,Unilatéral,Normale,15,12,0,0,0,0,220,01:17:31
2025-10-17 09:48:38,Lower B,Extension de mollet debout,Poids du corps,Unilatéral,Normale,20,12,0,0,0,0,220,01:17:31
2025-10-17 09:48:38,Lower B,Extension de mollet debout,Poids du corps,Unilatéral,Normale,20,12,0,0,0,0,220,01:17:31
2025-10-19 19:06:19,Upper B,Curl biceps supination,Haltères,Unilatéral,Normale,10,20,0,0,0,0,304,01:10:50
2025-10-19 19:06:19,Upper B,Curl biceps supination,Haltères,Unilatéral,Normale,10,20,0,0,0,0,304,01:10:50
2025-10-19 19:06:19,Upper B,Curl biceps supination,Haltères,Unilatéral,Normale,9,20,0,0,0,0,304,01:10:50
2025-10-19 19:06:19,Upper B,Curl biceps supination,Haltères,Unilatéral,Normale,10,18,0,0,0,0,304,01:10:50
2025-10-19 19:06:19,Upper B,Développé militaire,Barre,Bilatéral,Normale,10,45,0,0,0,0,304,01:10:50
2025-10-19 19:06:19,Upper B,Développé militaire,Barre,Bilatéral,Normale,9,45,0,0,0,0,304,01:10:50
2025-10-19 19:06:19,Upper B,Développé militaire,Barre,Bilatéral,Normale,7,45,0,0,0,0,304,01:10:50
2025-10-19 19:06:19,Upper B,Extension de bras poulie haute,Poulie vis-à-vis,Bilatéral,Normale,12,34,0,0,0,0,304,01:10:50
2025-10-19 19:06:19,Upper B,Extension de bras poulie haute,Poulie vis-à-vis,Bilatéral,Normale,11,34,0,0,0,0,304,01:10:50
2025-10-19 19:06:19,Upper B,Extension de bras poulie haute,Poulie vis-à-vis,Bilatéral,Normale,9,34,0,0,0,0,304,01:10:50
2025-10-19 19:06:19,Upper B,Extension de bras poulie haute,Poulie vis-à-vis,Bilatéral,Normale,11,32,0,0,0,0,304,01:10:50
2025-10-19 19:06:19,Upper B,Tirage horizontal assis prise serrée,Machine guidée à poulie,Unilatéral,Normale,12,26,0,0,0,0,304,01:10:50
2025-10-19 19:06:19,Upper B,Tirage horizontal assis prise serrée,Machine guidée à poulie,Bilatéral,Normale,14,52,0,0,0,0,304,01:10:50
2025-10-19 19:06:19,Upper B,Tirage horizontal assis prise serrée,Machine guidée à poulie,Bilatéral,Normale,14,52,0,0,0,0,304,01:10:50
2025-10-19 19:06:19,Upper B,Dips prise serrée,Poids du corps,Bilatéral,Normale,12,0,0,0,0,0,304,01:10:50
2025-10-19 19:06:19,Upper B,Dips prise serrée,Poids du corps,Bilatéral,Normale,9,0,0,0,0,0,304,01:10:50
2025-10-20 13:12:49,Legs,Flexion jambes parallèles,Barre,Bilatéral,Normale,10,100,0,0,0,0,276,02:10:24
2025-10-20 13:12:49,Legs,Flexion jambes parallèles,Barre,Bilatéral,Normale,10,100,0,0,0,0,276,02:10:24
2025-10-20 13:12:49,Legs,Flexion jambes parallèles,Barre,Bilatéral,Normale,10,100,0,0,0,0,276,02:10:24
2025-10-20 13:12:49,Legs,Flexion jambes parallèles,Barre,Bilatéral,Normale,10,100,0,0,0,0,276,02:10:24
2025-10-20 13:12:49,Legs,Presse à cuisses,Machine guidée à levier,Bilatéral,Normale,15,195,0,0,0,0,276,02:10:24
2025-10-20 13:12:49,Legs,Presse à cuisses,Machine guidée à levier,Bilatéral,Normale,15,195,0,0,0,0,276,02:10:24
2025-10-20 13:12:49,Legs,Presse à cuisses,Machine guidée à levier,Bilatéral,Normale,15,195,0,0,0,0,276,02:10:24
2025-10-20 13:12:49,Legs,Flexion de jambes allongé,Machine guidée à poulie,Bilatéral,Normale,9,41,0,0,0,0,276,02:10:24
2025-10-20 13:12:49,Legs,Flexion de jambes allongé,Machine guidée à poulie,Bilatéral,Normale,11,36,0,0,0,0,276,02:10:24
2025-10-20 13:12:49,Legs,Flexion de jambes allongé,Machine guidée à poulie,Bilatéral,Normale,10,36,0,0,0,0,276,02:10:24
2025-10-20 13:12:49,Legs,Extension de mollet debout,Poids du corps,Unilatéral,Normale,15,20,0,0,0,0,276,02:10:24
2025-10-20 13:12:49,Legs,Extension de mollet debout,Poids du corps,Unilatéral,Normale,15,20,0,0,0,0,276,02:10:24
2025-10-20 13:12:49,Legs,Extension de mollet debout,Poids du corps,Unilatéral,Normale,15,20,0,0,0,0,276,02:10:24
2025-10-20 13:12:49,Legs,Extension de mollet debout,Poids du corps,Unilatéral,Normale,15,20,0,0,0,0,276,02:10:24
2025-10-20 13:12:49,Legs,Extension de mollet debout,Poids du corps,Unilatéral,Normale,15,20,0,0,0,0,276,02:10:24
2025-10-21 11:35:06,Push,Développé incliné,Barre,Bilatéral,Normale,10,70,0,0,0,0,289,01:12:56
2025-10-21 11:35:06,Push,Développé incliné,Barre,Bilatéral,Normale,10,70,0,0,0,0,289,01:12:56
2025-10-21 11:35:06,Push,Développé incliné,Barre,Bilatéral,Normale,10,70,0,0,0,0,289,01:12:56
2025-10-21 11:35:06,Push,Développé incliné,Barre,Bilatéral,Normale,6,70,0,0,0,0,289,01:12:56
2025-10-21 11:35:06,Push,Extension de bras poulie haute,Poulie vis-à-vis,Bilatéral,Normale,12,34,0,0,0,0,289,01:12:56
2025-10-21 11:35:06,Push,Extension de bras poulie haute,Poulie vis-à-vis,Bilatéral,Normale,12,34,0,0,0,0,289,01:12:56
2025-10-21 11:35:06,Push,Extension de bras poulie haute,Poulie vis-à-vis,Bilatéral,Normale,8,34,0,0,0,0,289,01:12:56
2025-10-21 11:35:06,Push,Extension verticale,Poulie vis-à-vis,Bilatéral,Normale,6,20.5,0,0,0,0,289,01:12:56
2025-10-21 11:35:06,Push,Extension verticale,Poulie vis-à-vis,Bilatéral,Normale,10,20.5,0,0,0,0,289,01:12:56
2025-10-21 11:35:06,Push,Extension verticale,Poulie vis-à-vis,Bilatéral,Normale,9,20.5,0,0,0,0,289,01:12:56
2025-10-21 11:35:06,Push,Développé militaire,Barre,Bilatéral,Normale,9,45,0,0,0,0,289,01:12:56
2025-10-21 11:35:06,Push,Développé militaire,Barre,Bilatéral,Normale,7,45,0,0,0,0,289,01:12:56
2025-10-21 11:35:06,Push,Développé militaire,Barre,Bilatéral,Normale,8,45,0,0,0,0,289,01:12:56
2025-10-21 11:35:06,Push,Élévation latérale,Haltères,Bilatéral,Normale,14,10,0,0,0,0,289,01:12:56
2025-10-21 11:35:06,Push,Élévation latérale,Haltères,Bilatéral,Normale,12,10,0,0,0,0,289,01:12:56
2025-10-21 11:35:06,Push,Élévation latérale,Haltères,Bilatéral,Normale,12,10,0,0,0,0,289,01:12:56
2025-10-21 11:35:06,Push,Élévation latérale,Haltères,Bilatéral,Normale,12,10,0,0,0,0,289,01:12:56
2025-10-23 09:21:36,Pull,Tirage horizontal assis prise serrée,Poulie vis-à-vis,Bilatéral,Normale,15,54,0,0,0,0,256,01:04:03
2025-10-23 09:21:36,Pull,Tirage horizontal assis prise serrée,Poulie vis-à-vis,Bilatéral,Normale,13,59,0,0,0,0,256,01:04:03
2025-10-23 09:21:36,Pull,Tirage horizontal assis prise serrée,Poulie vis-à-vis,Bilatéral,Normale,13,59,0,0,0,0,256,01:04:03
2025-10-23 09:21:36,Pull,Tirage vertical prise serrée,Poulie vis-à-vis,Bilatéral,Normale,8,73,0,0,0,0,256,01:04:03
2025-10-23 09:21:36,Pull,Tirage vertical prise serrée,Poulie vis-à-vis,Bilatéral,Normale,10,66,0,0,0,0,256,01:04:03
2025-10-23 09:21:36,Pull,Tirage vertical prise serrée,Poulie vis-à-vis,Bilatéral,Normale,11,66,0,0,0,0,256,01:04:03
2025-10-23 09:21:36,Pull,Tirage visage,Poulie vis-à-vis,Bilatéral,Normale,12,25,0,0,0,0,256,01:04:03
2025-10-23 09:21:36,Pull,Tirage visage,Poulie vis-à-vis,Bilatéral,Normale,11,25,0,0,0,0,256,01:04:03
2025-10-23 09:21:36,Pull,Curl biceps supination,Poulie vis-à-vis,Bilatéral,Normale,13,25,0,0,0,0,256,01:04:03
2025-10-23 09:21:36,Pull,Curl biceps supination,Poulie vis-à-vis,Bilatéral,Normale,12,25,0,0,0,0,256,01:04:03
2025-10-23 09:21:36,Pull,Curl biceps supination,Poulie vis-à-vis,Bilatéral,Normale,12,25,0,0,0,0,256,01:04:03
2025-10-23 09:21:36,Pull,Curl biceps supination,Poulie vis-à-vis,Bilatéral,Normale,11,25,0,0,0,0,256,01:04:03
2025-10-23 09:21:36,Pull,Curl marteau,Poulie vis-à-vis,Bilatéral,Normale,12,20.5,0,0,0,0,256,01:04:03
2025-10-23 09:21:36,Pull,Curl marteau,Poulie vis-à-vis,Bilatéral,Normale,10,20.5,0,0,0,0,256,01:04:03
2025-10-27 09:35:00,Legs,Flexion jambes parallèles,Barre,Bilatéral,Normale,12,100,0,0,0,0,281,01:55:00
2025-10-27 09:35:00,Legs,Flexion jambes parallèles,Barre,Bilatéral,Normale,12,100,0,0,0,0,281,01:55:00
2025-10-27 09:35:00,Legs,Flexion jambes parallèles,Barre,Bilatéral,Normale,12,100,0,0,0,0,281,01:55:00
2025-10-27 09:35:00,Legs,Flexion jambes parallèles,Barre,Bilatéral,Normale,12,100,0,0,0,0,281,01:55:00
2025-10-27 09:35:00,Legs,Flexion de jambes assis,Machine guidée à poulie,Bilatéral,Normale,22,45,0,0,0,0,281,01:55:00
2025-10-27 09:35:00,Legs,Flexion de jambes assis,Machine guidée à poulie,Bilatéral,Normale,12,59,0,0,0,0,281,01:55:00
2025-10-27 09:35:00,Legs,Flexion de jambes assis,Machine guidée à poulie,Bilatéral,Normale,13,59,0,0,0,0,281,01:55:00
2025-10-27 09:35:00,Legs,Presse à cuisses,Machine guidée à levier,Bilatéral,Normale,12,215,0,0,0,0,281,01:55:00
2025-10-27 09:35:00,Legs,Presse à cuisses,Machine guidée à levier,Bilatéral,Normale,12,215,0,0,0,0,281,01:55:00
2025-10-27 09:35:00,Legs,Presse à cuisses,Machine guidée à levier,Bilatéral,Normale,15,215,0,0,0,0,281,01:55:00
2025-10-27 09:35:00,Legs,Extension de mollet debout,Poids du corps,Unilatéral,Normale,15,20,0,0,0,0,281,01:55:00
2025-10-27 09:35:00,Legs,Extension de mollet debout,Poids du corps,Unilatéral,Normale,15,20,0,0,0,0,281,01:55:00
2025-10-27 09:35:00,Legs,Extension de mollet debout,Poids du corps,Unilatéral,Normale,15,20,0,0,0,0,281,01:55:00
2025-10-27 09:35:00,Legs,Extension de mollet debout,Poids du corps,Unilatéral,Normale,15,20,0,0,0,0,281,01:55:00
2025-10-27 09:35:00,Legs,Extension de mollet debout,Poids du corps,Unilatéral,Normale,15,20,0,0,0,0,281,01:55:00
2025-10-28 11:33:47,Push,Développé incliné,Barre,Bilatéral,Normale,11,70,0,0,0,0,290,01:16:41
2025-10-28 11:33:47,Push,Développé incliné,Barre,Bilatéral,Normale,11,70,0,0,0,0,290,01:16:41
2025-10-28 11:33:47,Push,Développé incliné,Barre,Bilatéral,Normale,9,70,0,0,0,0,290,01:16:41
2025-10-28 11:33:47,Push,Développé incliné,Barre,Bilatéral,Normale,9,70,0,0,0,0,290,01:16:41
2025-10-28 11:33:47,Push,Extension de bras poulie haute,Poulie vis-à-vis,Bilatéral,Normale,10,34,0,0,0,0,290,01:16:41
2025-10-28 11:33:47,Push,Extension de bras poulie haute,Poulie vis-à-vis,Bilatéral,Normale,10,34,0,0,0,0,290,01:16:41
2025-10-28 11:33:47,Push,Extension de bras poulie haute,Poulie vis-à-vis,Bilatéral,Normale,11,32,0,0,0,0,290,01:16:41
2025-10-28 11:33:47,Push,Barre au front,Barre,Bilatéral,Normale,15,20,0,0,0,0,290,01:16:41
2025-10-28 11:33:47,Push,Barre au front,Barre,Bilatéral,Normale,12,25,0,0,0,0,290,01:16:41
2025-10-28 11:33:47,Push,Barre au front,Barre,Bilatéral,Normale,10,25,0,0,0,0,290,01:16:41
2025-10-28 11:33:47,Push,Développé militaire,Haltères,Bilatéral,Normale,6,28,0,0,0,0,290,01:16:41
2025-10-28 11:33:47,Push,Développé militaire,Haltères,Bilatéral,Normale,6,28,0,0,0,0,290,01:16:41
2025-10-28 11:33:47,Push,Développé militaire,Haltères,Bilatéral,Normale,8,24,0,0,0,0,290,01:16:41
2025-10-28 11:33:47,Push,Élévation latérale,Haltères,Bilatéral,Normale,12,10,0,0,0,0,290,01:16:41
2025-10-28 11:33:47,Push,Élévation latérale,Haltères,Bilatéral,Normale,12,10,0,0,0,0,290,01:16:41
2025-10-28 11:33:47,Push,Élévation latérale,Haltères,Bilatéral,Normale,11,10,0,0,0,0,290,01:16:41
2025-10-28 11:33:47,Push,Élévation latérale,Haltères,Bilatéral,Normale,10,10,0,0,0,0,290,01:16:41
2025-10-30 15:01:37,Pull,Tirage horizontal assis prise serrée,Poulie vis-à-vis,Bilatéral,Normale,12,66,0,0,0,0,279,01:10:46
2025-10-30 15:01:37,Pull,Tirage horizontal assis prise serrée,Poulie vis-à-vis,Bilatéral,Normale,11,66,0,0,0,0,279,01:10:46
2025-10-30 15:01:37,Pull,Tirage horizontal assis prise serrée,Poulie vis-à-vis,Bilatéral,Normale,10,66,0,0,0,0,279,01:10:46
2025-10-30 15:01:37,Pull,Tirage horizontal assis prise serrée,Poulie vis-à-vis,Bilatéral,Normale,10,66,0,0,0,0,279,01:10:46
2025-10-30 15:01:37,Pull,Tirage visage,Poulie vis-à-vis,Bilatéral,Normale,13,25,0,0,0,0,279,01:10:46
2025-10-30 15:01:37,Pull,Tirage visage,Poulie vis-à-vis,Bilatéral,Normale,12,25,0,0,0,0,279,01:10:46
2025-10-30 15:01:37,Pull,Curl biceps supination,Poulie vis-à-vis,Bilatéral,Normale,15,25,0,0,0,0,279,01:10:46
2025-10-30 15:01:37,Pull,Curl biceps supination,Poulie vis-à-vis,Bilatéral,Normale,11,27,0,0,0,0,279,01:10:46
2025-10-30 15:01:37,Pull,Curl biceps supination,Poulie vis-à-vis,Bilatéral,Normale,10,27,0,0,0,0,279,01:10:46
2025-10-30 15:01:37,Pull,Curl biceps supination,Poulie vis-à-vis,Bilatéral,Normale,10,27,0,0,0,0,279,01:10:46
2025-10-30 15:01:37,Pull,Traction prise large,Poids du corps,Bilatéral,Normale,9,0,0,0,0,0,279,01:10:46
2025-10-30 15:01:37,Pull,Traction prise large,Poids du corps,Bilatéral,Normale,8,0,0,0,0,0,279,01:10:46
2025-10-30 15:01:37,Pull,Traction prise large,Poids du corps,Bilatéral,Normale,8,0,0,0,0,0,279,01:10:46
2025-10-30 15:01:37,Pull,Curl marteau,Poulie vis-à-vis,Bilatéral,Normale,10,20.5,0,0,0,0,279,01:10:46
2025-10-30 15:01:37,Pull,Curl marteau,Poulie vis-à-vis,Bilatéral,Normale,11,20.5,0,0,0,0,279,01:10:46
2025-10-30 15:01:37,Pull,Curl marteau,Poulie vis-à-vis,Bilatéral,Normale,10,20.5,0,0,0,0,279,01:10:46
2025-10-31 09:31:34,Lower B,Flexion jambes parallèles,Barre,Bilatéral,Normale,15,90,0,0,0,0,219,01:10:43
2025-10-31 09:31:34,Lower B,Flexion jambes parallèles,Barre,Bilatéral,Normale,15,90,0,0,0,0,219,01:10:43
2025-10-31 09:31:34,Lower B,Flexion jambes parallèles,Barre,Bilatéral,Normale,15,90,0,0,0,0,219,01:10:43
2025-10-31 09:31:34,Lower B,Flexion jambes parallèles,Barre,Bilatéral,Normale,15,90,0,0,0,0,219,01:10:43
2025-10-31 09:31:34,Lower B,Fente bulgare,Haltères,Unilatéral,Normale,10,20,0,0,0,0,219,01:10:43
2025-10-31 09:31:34,Lower B,Fente bulgare,Haltères,Unilatéral,Normale,12,20,0,0,0,0,219,01:10:43
2025-10-31 09:31:34,Lower B,Extension de mollet debout,Poids du corps,Unilatéral,Normale,17,20,0,0,0,0,219,01:10:43
2025-10-31 09:31:34,Lower B,Extension de mollet debout,Poids du corps,Unilatéral,Normale,15,20,0,0,0,0,219,01:10:43
2025-10-31 09:31:34,Lower B,Extension de mollet debout,Poids du corps,Unilatéral,Normale,15,20,0,0,0,0,219,01:10:43
2025-10-31 09:31:34,Lower B,Extension de mollet debout,Poids du corps,Unilatéral,Normale,15,20,0,0,0,0,219,01:10:43
2025-10-31 09:31:34,Lower B,Extension de mollet debout,Poids du corps,Unilatéral,Normale,15,20,0,0,0,0,219,01:10:43
2025-11-03 09:36:15,Upper B,Curl biceps supination,Poulie vis-à-vis,Bilatéral,Normale,12,27,0,0,0,0,298,01:07:59
2025-11-03 09:36:15,Upper B,Curl biceps supination,Poulie vis-à-vis,Bilatéral,Normale,11,27,0,0,0,0,298,01:07:59
2025-11-03 09:36:15,Upper B,Curl biceps supination,Poulie vis-à-vis,Bilatéral,Normale,11,27,0,0,0,0,298,01:07:59
2025-11-03 09:36:15,Upper B,Curl biceps supination,Poulie vis-à-vis,Bilatéral,Normale,11,27,0,0,0,0,298,01:07:59
2025-11-03 09:36:15,Upper B,Extension de bras poulie haute,Poulie vis-à-vis,Bilatéral,Normale,13,34,0,0,0,0,298,01:07:59
2025-11-03 09:36:15,Upper B,Extension de bras poulie haute,Poulie vis-à-vis,Bilatéral,Normale,14,34,0,0,0,0,298,01:07:59
2025-11-03 09:36:15,Upper B,Extension de bras poulie haute,Poulie vis-à-vis,Bilatéral,Normale,11,34,0,0,0,0,298,01:07:59
2025-11-03 09:36:15,Upper B,Extension de bras poulie haute,Poulie vis-à-vis,Bilatéral,Normale,12,34,0,0,0,0,298,01:07:59
2025-11-03 09:36:15,Upper B,Développé militaire,Barre,Bilatéral,Normale,11,45,0,0,0,0,298,01:07:59
2025-11-03 09:36:15,Upper B,Développé militaire,Barre,Bilatéral,Normale,9,45,0,0,0,0,298,01:07:59
2025-11-03 09:36:15,Upper B,Développé militaire,Barre,Bilatéral,Normale,7,45,0,0,0,0,298,01:07:59
2025-11-03 09:36:15,Upper B,Tirage horizontal prise large,Haltères,Unilatéral,Normale,9,30,0,0,0,0,298,01:07:59
2025-11-03 09:36:15,Upper B,Tirage horizontal prise large,Haltères,Unilatéral,Normale,10,30,0,0,0,0,298,01:07:59
2025-11-03 09:36:15,Upper B,Tirage horizontal prise large,Haltères,Unilatéral,Normale,10,30,0,0,0,0,298,01:07:59
2025-11-03 09:36:15,Upper B,Dips prise serrée,Poids du corps,Bilatéral,Normale,12,0,0,0,0,0,298,01:07:59
2025-11-03 09:36:15,Upper B,Dips prise serrée,Poids du corps,Bilatéral,Normale,8,0,0,0,0,0,298,01:07:59
2025-11-03 09:36:15,Upper B,Dips prise serrée,Poids du corps,Bilatéral,Normale,6,0,0,0,0,0,298,01:07:59
2025-11-04 20:06:53,Legs,Flexion jambes parallèles,Barre,Bilatéral,Normale,10,105,0,0,0,0,222,01:38:45
2025-11-04 20:06:53,Legs,Flexion jambes parallèles,Barre,Bilatéral,Normale,10,110,0,0,0,0,222,01:38:45
2025-11-04 20:06:53,Legs,Flexion jambes parallèles,Barre,Bilatéral,Normale,10,110,0,0,0,0,222,01:38:45
2025-11-04 20:06:53,Legs,Flexion jambes parallèles,Barre,Bilatéral,Normale,10,110,0,0,0,0,222,01:38:45
2025-11-04 20:06:53,Legs,Presse à cuisses,Machine guidée à levier,Bilatéral,Normale,11,235,0,0,0,0,222,01:38:45
2025-11-04 20:06:53,Legs,Presse à cuisses,Machine guidée à levier,Bilatéral,Normale,12,235,0,0,0,0,222,01:38:45
2025-11-04 20:06:53,Legs,Presse à cuisses,Machine guidée à levier,Bilatéral,Normale,12,235,0,0,0,0,222,01:38:45
2025-11-04 20:06:53,Legs,Extension de mollet debout,Poids du corps,Unilatéral,Normale,15,20,0,0,0,0,222,01:38:45
2025-11-04 20:06:53,Legs,Extension de mollet debout,Poids du corps,Unilatéral,Normale,15,20,0,0,0,0,222,01:38:45
2025-11-04 20:06:53,Legs,Extension de mollet debout,Poids du corps,Unilatéral,Normale,17,20,0,0,0,0,222,01:38:45
2025-11-04 20:06:53,Legs,Extension de mollet debout,Poids du corps,Unilatéral,Normale,15,20,0,0,0,0,222,01:38:45
2025-11-04 20:06:53,Legs,Extension de mollet debout,Poids du corps,Unilatéral,Normale,15,20,0,0,0,0,222,01:38:45
2025-11-06 12:28:30,Push,Développé incliné,Barre,Bilatéral,Normale,9,75,0,0,0,0,331,01:39:13
2025-11-06 12:28:30,Push,Développé incliné,Barre,Bilatéral,Normale,9,75,0,0,0,0,331,01:39:13
2025-11-06 12:28:30,Push,Développé incliné,Barre,Bilatéral,Normale,9,75,0,0,0,0,331,01:39:13
2025-11-06 12:28:30,Push,Développé incliné,Barre,Bilatéral,Normale,8,75,0,0,0,0,331,01:39:13
2025-11-06 12:28:30,Push,Extension de bras poulie haute,Poulie vis-à-vis,Bilatéral,Normale,10,36.5,0,0,0,0,331,01:39:13
2025-11-06 12:28:30,Push,Extension de bras poulie haute,Poulie vis-à-vis,Bilatéral,Normale,8,36.5,0,0,0,0,331,01:39:13
2025-11-06 12:28:30,Push,Extension de bras poulie haute,Poulie vis-à-vis,Bilatéral,Normale,10,34,0,0,0,0,331,01:39:13
2025-11-06 12:28:30,Push,Extension verticale,Poulie vis-à-vis,Bilatéral,Normale,11,20.5,0,0,0,0,331,01:39:13
2025-11-06 12:28:30,Push,Extension verticale,Poulie vis-à-vis,Bilatéral,Normale,11,20.5,0,0,0,0,331,01:39:13
2025-11-06 12:28:30,Push,Extension verticale,Poulie vis-à-vis,Bilatéral,Normale,10,20.5,0,0,0,0,331,01:39:13
2025-11-06 12:28:30,Push,Développé militaire,Barre,Bilatéral,Normale,9,45,0,0,0,0,331,01:39:13
2025-11-06 12:28:30,Push,Développé militaire,Barre,Bilatéral,Normale,11,45,0,0,0,0,331,01:39:13
2025-11-06 12:28:30,Push,Développé militaire,Barre,Bilatéral,Normale,7,45,0,0,0,0,331,01:39:13
2025-11-06 12:28:30,Push,Flexion de jambes assis,Machine guidée à poulie,Bilatéral,Normale,12,59,0,0,0,0,331,01:39:13
2025-11-06 12:28:30,Push,Flexion de jambes assis,Machine guidée à poulie,Bilatéral,Normale,13,59,0,0,0,0,331,01:39:13
2025-11-06 12:28:30,Push,Élévation latérale,Haltères,Bilatéral,Normale,12,10,0,0,0,0,331,01:39:13
2025-11-06 12:28:30,Push,Élévation latérale,Haltères,Bilatéral,Normale,12,10,0,0,0,0,331,01:39:13
2025-11-06 12:28:30,Push,Élévation latérale,Haltères,Bilatéral,Normale,12,10,0,0,0,0,331,01:39:13
2025-11-06 12:28:30,Push,Élévation latérale,Haltères,Bilatéral,Normale,15,10,0,0,0,0,331,01:39:13
2025-11-07 09:17:36,Pull,Tirage horizontal prise large,Barre,Bilatéral,Normale,9,60,0,0,0,0,303,01:17:05
2025-11-07 09:17:36,Pull,Tirage horizontal prise large,Barre,Bilatéral,Normale,11,60,0,0,0,0,303,01:17:05
2025-11-07 09:17:36,Pull,Tirage horizontal assis prise serrée,Poulie vis-à-vis,Bilatéral,Normale,11,66,0,0,0,0,303,01:17:05
2025-11-07 09:17:36,Pull,Tirage horizontal assis prise serrée,Poulie vis-à-vis,Bilatéral,Normale,11,66,0,0,0,0,303,01:17:05
2025-11-07 09:17:36,Pull,Tirage horizontal assis prise serrée,Poulie vis-à-vis,Bilatéral,Normale,9,66,0,0,0,0,303,01:17:05
2025-11-07 09:17:36,Pull,Tirage visage,Poulie vis-à-vis,Bilatéral,Normale,13,25,0,0,0,0,303,01:17:05
2025-11-07 09:17:36,Pull,Tirage visage,Poulie vis-à-vis,Bilatéral,Normale,11,25,0,0,0,0,303,01:17:05
2025-11-07 09:17:36,Pull,Curl biceps supination,Poulie vis-à-vis,Bilatéral,Normale,12,27,0,0,0,0,303,01:17:05
2025-11-07 09:17:36,Pull,Curl biceps supination,Poulie vis-à-vis,Bilatéral,Normale,10,27,0,0,0,0,303,01:17:05
2025-11-07 09:17:36,Pull,Curl biceps supination,Poulie vis-à-vis,Bilatéral,Normale,11,27,0,0,0,0,303,01:17:05
2025-11-07 09:17:36,Pull,Curl biceps supination,Poulie vis-à-vis,Bilatéral,Normale,10,27,0,0,0,0,303,01:17:05
2025-11-07 09:17:36,Pull,Curl marteau,Poulie vis-à-vis,Bilatéral,Normale,10,20.5,0,0,0,0,303,01:17:05
2025-11-07 09:17:36,Pull,Curl marteau,Poulie vis-à-vis,Bilatéral,Normale,10,20.5,0,0,0,0,303,01:17:05
2025-11-07 09:17:36,Pull,Curl marteau,Poulie vis-à-vis,Bilatéral,Normale,10,20.5,0,0,0,0,303,01:17:05
2025-11-07 09:17:36,Pull,Traction prise large,Poids du corps,Bilatéral,Normale,7,0,0,0,0,0,303,01:17:05
2025-11-07 09:17:36,Pull,Traction prise large,Poids du corps,Bilatéral,Normale,7,0,0,0,0,0,303,01:17:05
2025-11-07 09:17:36,Pull,Traction prise large,Poids du corps,Bilatéral,Normale,8,0,0,0,0,0,303,01:17:05
2025-11-08 21:15:18,Lower B,Flexion jambes parallèles,Barre,Bilatéral,Normale,15,90,0,0,0,0,217,01:02:28
2025-11-08 21:15:18,Lower B,Flexion jambes parallèles,Barre,Bilatéral,Normale,15,90,0,0,0,0,217,01:02:28
2025-11-08 21:15:18,Lower B,Flexion jambes parallèles,Barre,Bilatéral,Normale,15,90,0,0,0,0,217,01:02:28
2025-11-08 21:15:18,Lower B,Flexion jambes parallèles,Barre,Bilatéral,Échec,12,90,0,0,0,0,217,01:02:28
2025-11-08 21:15:18,Lower B,Fente bulgare,Haltères,Unilatéral,Normale,7,20,0,0,0,0,217,01:02:28
2025-11-08 21:15:18,Lower B,Fente bulgare,Haltères,Unilatéral,Normale,12,20,0,0,0,0,217,01:02:28
2025-11-08 21:15:18,Lower B,Extension de mollet debout,Poids du corps,Unilatéral,Normale,17,20,0,0,0,0,217,01:02:28
2025-11-08 21:15:18,Lower B,Extension de mollet debout,Poids du corps,Unilatéral,Normale,17,20,0,0,0,0,217,01:02:28
2025-11-08 21:15:18,Lower B,Extension de mollet debout,Poids du corps,Unilatéral,Normale,15,20,0,0,0,0,217,01:02:28
2025-11-08 21:15:18,Lower B,Extension de mollet debout,Poids du corps,Unilatéral,Normale,15,20,0,0,0,0,217,01:02:28
2025-11-08 21:15:18,Lower B,Extension de mollet debout,Poids du corps,Unilatéral,Normale,15,20,0,0,0,0,217,01:02:28
2025-11-10 10:23:01,Upper B,Curl biceps supination,Poulie vis-à-vis,Bilatéral,Normale,13,27,0,0,0,0,293,00:55:18
2025-11-10 10:23:01,Upper B,Curl biceps supination,Poulie vis-à-vis,Bilatéral,Normale,13,27,0,0,0,0,293,00:55:18
2025-11-10 10:23:01,Upper B,Curl biceps supination,Poulie vis-à-vis,Bilatéral,Normale,12,27,0,0,0,0,293,00:55:18
2025-11-10 10:23:01,Upper B,Curl biceps supination,Poulie vis-à-vis,Bilatéral,Normale,12,27,0,0,0,0,293,00:55:18
2025-11-10 10:23:01,Upper B,Extension de bras poulie haute,Poulie vis-à-vis,Bilatéral,Normale,12,34,0,0,0,0,293,00:55:18
2025-11-10 10:23:01,Upper B,Extension de bras poulie haute,Poulie vis-à-vis,Bilatéral,Normale,12,34,0,0,0,0,293,00:55:18
2025-11-10 10:23:01,Upper B,Extension de bras poulie haute,Poulie vis-à-vis,Bilatéral,Normale,11,34,0,0,0,0,293,00:55:18
2025-11-10 10:23:01,Upper B,Extension de bras poulie haute,Poulie vis-à-vis,Bilatéral,Normale,12,34,0,0,0,0,293,00:55:18
2025-11-10 10:23:01,Upper B,Développé militaire,Barre,Bilatéral,Normale,12,45,0,0,0,0,293,00:55:18
2025-11-10 10:23:01,Upper B,Développé militaire,Barre,Bilatéral,Normale,8,45,0,0,0,0,293,00:55:18
2025-11-10 10:23:01,Upper B,Développé militaire,Barre,Bilatéral,Normale,7,45,0,0,0,0,293,00:55:18
2025-11-10 10:23:01,Upper B,Tirage vertical prise large,Poulie vis-à-vis,Bilatéral,Normale,11,73,0,0,0,0,293,00:55:18
2025-11-10 10:23:01,Upper B,Tirage vertical prise large,Poulie vis-à-vis,Bilatéral,Normale,8,73,0,0,0,0,293,00:55:18
2025-11-10 10:23:01,Upper B,Tirage vertical prise large,Poulie vis-à-vis,Bilatéral,Normale,10,73,0,0,0,0,293,00:55:18
2025-11-10 10:23:01,Upper B,Dips prise serrée,Poids du corps,Bilatéral,Normale,12,0,0,0,0,0,293,00:55:18
2025-11-10 10:23:01,Upper B,Dips prise serrée,Poids du corps,Bilatéral,Normale,9,0,0,0,0,0,293,00:55:18
2025-11-10 10:23:01,Upper B,Dips prise serrée,Poids du corps,Bilatéral,Normale,11,0,0,0,0,0,293,00:55:18
2025-11-11 17:42:03,Legs,Flexion jambes parallèles,Barre,Bilatéral,Normale,10,110,0,0,0,0,275,01:18:49
2025-11-11 17:42:03,Legs,Flexion jambes parallèles,Barre,Bilatéral,Normale,10,110,0,0,0,0,275,01:18:49
2025-11-11 17:42:03,Legs,Flexion jambes parallèles,Barre,Bilatéral,Normale,10,110,0,0,0,0,275,01:18:49
2025-11-11 17:42:03,Legs,Flexion jambes parallèles,Barre,Bilatéral,Normale,10,110,0,0,0,0,275,01:18:49
2025-11-11 17:42:03,Legs,Extension de jambes,Machine guidée à poulie,Bilatéral,Normale,10,79,0,0,0,0,275,01:18:49
2025-11-11 17:42:03,Legs,Extension de jambes,Machine guidée à poulie,Bilatéral,Normale,11,73,0,0,0,0,275,01:18:49
2025-11-11 17:42:03,Legs,Extension de jambes,Machine guidée à poulie,Bilatéral,Normale,11,73,0,0,0,0,275,01:18:49
2025-11-11 17:42:03,Legs,Extension de mollet debout,Poids du corps,Unilatéral,Normale,15,24,0,0,0,0,275,01:18:49
2025-11-11 17:42:03,Legs,Extension de mollet debout,Poids du corps,Unilatéral,Normale,14,24,0,0,0,0,275,01:18:49
2025-11-11 17:42:03,Legs,Extension de mollet debout,Poids du corps,Unilatéral,Normale,15,24,0,0,0,0,275,01:18:49
2025-11-11 17:42:03,Legs,Extension de mollet debout,Poids du corps,Unilatéral,Normale,16,24,0,0,0,0,275,01:18:49
2025-11-11 17:42:03,Legs,Extension de mollet debout,Poids du corps,Unilatéral,Normale,15,24,0,0,0,0,275,01:18:49
2025-11-11 17:42:03,Legs,Flexion de jambes assis,Machine guidée à poulie,Bilatéral,Normale,12,59,0,0,0,0,275,01:18:49
2025-11-11 17:42:03,Legs,Flexion de jambes assis,Machine guidée à poulie,Bilatéral,Normale,12,59,0,0,0,0,275,01:18:49
2025-11-11 17:42:03,Legs,Flexion de jambes assis,Machine guidée à poulie,Bilatéral,Normale,12,59,0,0,0,0,275,01:18:49
2025-11-12 20:34:41,Push,Développé incliné,Barre,Bilatéral,Normale,12,75,0,0,0,0,290,01:07:59
2025-11-12 20:34:41,Push,Développé incliné,Barre,Bilatéral,Normale,11,75,0,0,0,0,290,01:07:59
2025-11-12 20:34:41,Push,Développé incliné,Barre,Bilatéral,Normale,9,75,0,0,0,0,290,01:07:59
2025-11-12 20:34:41,Push,Développé incliné,Barre,Bilatéral,Normale,7,75,0,0,0,0,290,01:07:59
2025-11-12 20:34:41,Push,Extension de bras poulie haute,Poulie vis-à-vis,Bilatéral,Normale,10,36.5,0,0,0,0,290,01:07:59
2025-11-12 20:34:41,Push,Extension de bras poulie haute,Poulie vis-à-vis,Bilatéral,Normale,10,36.5,0,0,0,0,290,01:07:59
2025-11-12 20:34:41,Push,Extension de bras poulie haute,Poulie vis-à-vis,Bilatéral,Normale,10,36.5,0,0,0,0,290,01:07:59
2025-11-12 20:34:41,Push,Extension verticale,Poulie vis-à-vis,Bilatéral,Normale,12,20.5,0,0,0,0,290,01:07:59
2025-11-12 20:34:41,Push,Extension verticale,Poulie vis-à-vis,Bilatéral,Normale,13,20.5,0,0,0,0,290,01:07:59
2025-11-12 20:34:41,Push,Extension verticale,Poulie vis-à-vis,Bilatéral,Normale,12,20.5,0,0,0,0,290,01:07:59
2025-11-12 20:34:41,Push,Développé militaire,Barre,Bilatéral,Normale,8,47.5,0,0,0,0,290,01:07:59
2025-11-12 20:34:41,Push,Développé militaire,Barre,Bilatéral,Normale,9,47.5,0,0,0,0,290,01:07:59
2025-11-12 20:34:41,Push,Développé militaire,Barre,Bilatéral,Normale,6,47.5,0,0,0,0,290,01:07:59
2025-11-12 20:34:41,Push,Élévation latérale,Haltères,Bilatéral,Normale,12,10,0,0,0,0,290,01:07:59
2025-11-12 20:34:41,Push,Élévation latérale,Haltères,Bilatéral,Normale,12,10,0,0,0,0,290,01:07:59
2025-11-12 20:34:41,Push,Élévation latérale,Haltères,Bilatéral,Normale,10,10,0,0,0,0,290,01:07:59
2025-11-12 20:34:41,Push,Élévation latérale,Haltères,Bilatéral,Normale,11,10,0,0,0,0,290,01:07:59
2025-11-13 12:15:51,Pull,Tirage horizontal prise large,Barre,Bilatéral,Normale,13,60,0,0,0,0,289,01:11:25
2025-11-13 12:15:51,Pull,Tirage horizontal prise large,Barre,Bilatéral,Normale,12,60,0,0,0,0,289,01:11:25
2025-11-13 12:15:51,Pull,Tirage horizontal prise large,Barre,Bilatéral,Normale,12,60,0,0,0,0,289,01:11:25
2025-11-13 12:15:51,Pull,Tirage horizontal prise large,Barre,Bilatéral,Normale,10,60,0,0,0,0,289,01:11:25
2025-11-13 12:15:51,Pull,Tirage vertical prise large,Poulie vis-à-vis,Bilatéral,Normale,11,73,0,0,0,0,289,01:11:25
2025-11-13 12:15:51,Pull,Tirage vertical prise large,Poulie vis-à-vis,Bilatéral,Normale,9,73,0,0,0,0,289,01:11:25
2025-11-13 12:15:51,Pull,Tirage vertical prise large,Poulie vis-à-vis,Bilatéral,Normale,10,73,0,0,0,0,289,01:11:25
2025-11-13 12:15:51,Pull,Tirage visage,Poulie vis-à-vis,Bilatéral,Normale,14,25,0,0,0,0,289,01:11:25
2025-11-13 12:15:51,Pull,Tirage visage,Poulie vis-à-vis,Bilatéral,Normale,13,25,0,0,0,0,289,01:11:25
2025-11-13 12:15:51,Pull,Curl biceps supination,Poulie vis-à-vis,Unilatéral,Normale,12,16,0,0,0,0,289,01:11:25
2025-11-13 12:15:51,Pull,Curl biceps supination,Poulie vis-à-vis,Unilatéral,Normale,10,16,0,0,0,0,289,01:11:25
2025-11-13 12:15:51,Pull,Curl biceps supination,Poulie vis-à-vis,Unilatéral,Normale,9,16,0,0,0,0,289,01:11:25
2025-11-13 12:15:51,Pull,Curl biceps supination,Poulie vis-à-vis,Unilatéral,Normale,9,13.5,0,0,0,0,289,01:11:25
2025-11-13 12:15:51,Pull,Curl marteau,Poulie vis-à-vis,Bilatéral,Normale,11,20.5,0,0,0,0,289,01:11:25
2025-11-13 12:15:51,Pull,Curl marteau,Poulie vis-à-vis,Bilatéral,Normale,8,20.5,0,0,0,0,289,01:11:25
2025-11-13 12:15:51,Pull,Curl marteau,Poulie vis-à-vis,Bilatéral,Normale,10,20.5,0,0,0,0,289,01:11:25
2025-11-14 12:01:10,Lower B,Flexion jambes parallèles,Barre,Bilatéral,Normale,15,95,0,0,0,0,219,01:11:08
2025-11-14 12:01:10,Lower B,Flexion jambes parallèles,Barre,Bilatéral,Normale,15,95,0,0,0,0,219,01:11:08
2025-11-14 12:01:10,Lower B,Flexion jambes parallèles,Barre,Bilatéral,Normale,15,95,0,0,0,0,219,01:11:08
2025-11-14 12:01:10,Lower B,Flexion jambes parallèles,Barre,Bilatéral,Échec,12,95,0,0,0,0,219,01:11:08
2025-11-14 12:01:10,Lower B,Fente bulgare,Haltères,Unilatéral,Normale,12,18,0,0,0,0,219,01:11:08
2025-11-14 12:01:10,Lower B,Fente bulgare,Haltères,Unilatéral,Normale,12,18,0,0,0,0,219,01:11:08
2025-11-14 12:01:10,Lower B,Extension de mollet debout,Poids du corps,Unilatéral,Normale,17,24,0,0,0,0,219,01:11:08
2025-11-14 12:01:10,Lower B,Extension de mollet debout,Poids du corps,Unilatéral,Normale,14,24,0,0,0,0,219,01:11:08
2025-11-14 12:01:10,Lower B,Extension de mollet debout,Poids du corps,Unilatéral,Normale,16,24,0,0,0,0,219,01:11:08
2025-11-14 12:01:10,Lower B,Extension de mollet debout,Poids du corps,Unilatéral,Normale,15,24,0,0,0,0,219,01:11:08
2025-11-14 12:01:10,Lower B,Extension de mollet debout,Poids du corps,Unilatéral,Normale,15,24,0,0,0,0,219,01:11:08
2025-11-18 14:48:45,Upper B,Curl biceps supination,Poulie vis-à-vis,Bilatéral,Normale,15,27,0,0,0,0,299,01:13:19
2025-11-18 14:48:45,Upper B,Curl biceps supination,Poulie vis-à-vis,Bilatéral,Normale,15,27,0,0,0,0,299,01:13:19
2025-11-18 14:48:45,Upper B,Curl biceps supination,Poulie vis-à-vis,Bilatéral,Normale,14,27,0,0,0,0,299,01:13:19
2025-11-18 14:48:45,Upper B,Curl biceps supination,Poulie vis-à-vis,Bilatéral,Normale,14,27,0,0,0,0,299,01:13:19
2025-11-18 14:48:45,Upper B,Extension de bras poulie haute,Poulie vis-à-vis,Bilatéral,Normale,15,34,0,0,0,0,299,01:13:19
2025-11-18 14:48:45,Upper B,Extension de bras poulie haute,Poulie vis-à-vis,Bilatéral,Normale,14,34,0,0,0,0,299,01:13:19
2025-11-18 14:48:45,Upper B,Extension de bras poulie haute,Poulie vis-à-vis,Bilatéral,Normale,14,34,0,0,0,0,299,01:13:19
2025-11-18 14:48:45,Upper B,Extension de bras poulie haute,Poulie vis-à-vis,Bilatéral,Normale,14,34,0,0,0,0,299,01:13:19
2025-11-18 14:48:45,Upper B,Développé militaire,Barre,Bilatéral,Normale,12,47.5,0,0,0,0,299,01:13:19
2025-11-18 14:48:45,Upper B,Développé militaire,Barre,Bilatéral,Normale,9,47.5,0,0,0,0,299,01:13:19
2025-11-18 14:48:45,Upper B,Développé militaire,Barre,Bilatéral,Normale,8,47.5,0,0,0,0,299,01:13:19
2025-11-18 14:48:45,Upper B,Tirage vertical prise large,Poulie vis-à-vis,Bilatéral,Normale,12,73,0,0,0,0,299,01:13:19
2025-11-18 14:48:45,Upper B,Tirage vertical prise large,Poulie vis-à-vis,Bilatéral,Normale,12,73,0,0,0,0,299,01:13:19
2025-11-18 14:48:45,Upper B,Tirage vertical prise large,Poulie vis-à-vis,Bilatéral,Normale,9,73,0,0,0,0,299,01:13:19
2025-11-18 14:48:45,Upper B,Dips prise serrée,Poids du corps,Bilatéral,Normale,15,0,0,0,0,0,299,01:13:19
2025-11-18 14:48:45,Upper B,Dips prise serrée,Poids du corps,Bilatéral,Normale,11,0,0,0,0,0,299,01:13:19
2025-11-18 14:48:45,Upper B,Dips prise serrée,Poids du corps,Bilatéral,Normale,9,0,0,0,0,0,299,01:13:19
2025-11-19 08:49:19,Legs,Flexion jambes parallèles,Barre,Bilatéral,Normale,12,110,0,0,0,0,282,01:21:13
2025-11-19 08:49:19,Legs,Flexion jambes parallèles,Barre,Bilatéral,Normale,11,110,0,0,0,0,282,01:21:13
2025-11-19 08:49:19,Legs,Flexion jambes parallèles,Barre,Bilatéral,Normale,11,110,0,0,0,0,282,01:21:13
2025-11-19 08:49:19,Legs,Flexion jambes parallèles,Barre,Bilatéral,Normale,10,110,0,0,0,0,282,01:21:13
2025-11-19 08:49:19,Legs,Extension de jambes,Machine guidée à poulie,Bilatéral,Normale,10,79,0,0,0,0,282,01:21:13
2025-11-19 08:49:19,Legs,Extension de jambes,Machine guidée à poulie,Bilatéral,Normale,10,79,0,0,0,0,282,01:21:13
2025-11-19 08:49:19,Legs,Extension de jambes,Machine guidée à poulie,Bilatéral,Normale,10,79,0,0,0,0,282,01:21:13
2025-11-19 08:49:19,Legs,Flexion de jambes assis,Machine guidée à poulie,Bilatéral,Normale,10,66,0,0,0,0,282,01:21:13
2025-11-19 08:49:19,Legs,Flexion de jambes assis,Machine guidée à poulie,Bilatéral,Normale,10,66,0,0,0,0,282,01:21:13
2025-11-19 08:49:19,Legs,Flexion de jambes assis,Machine guidée à poulie,Bilatéral,Normale,12,59,0,0,0,0,282,01:21:13
2025-11-19 08:49:19,Legs,Extension de mollet debout,Poids du corps,Unilatéral,Normale,20,24,0,0,0,0,282,01:21:13
2025-11-19 08:49:19,Legs,Extension de mollet debout,Poids du corps,Unilatéral,Normale,18,24,0,0,0,0,282,01:21:13
2025-11-19 08:49:19,Legs,Extension de mollet debout,Poids du corps,Unilatéral,Normale,18,24,0,0,0,0,282,01:21:13
2025-11-19 08:49:19,Legs,Extension de mollet debout,Poids du corps,Unilatéral,Normale,18,24,0,0,0,0,282,01:21:13
2025-11-19 08:49:19,Legs,Extension de mollet debout,Poids du corps,Unilatéral,Normale,18,24,0,0,0,0,282,01:21:13
2025-11-20 21:15:01,Push,Développé incliné,Haltères,Bilatéral,Normale,11,30,0,0,0,0,289,01:07:30
2025-11-20 21:15:01,Push,Développé incliné,Haltères,Bilatéral,Normale,11,30,0,0,0,0,289,01:07:30
2025-11-20 21:15:01,Push,Développé incliné,Haltères,Bilatéral,Normale,9,30,0,0,0,0,289,01:07:30
2025-11-20 21:15:01,Push,Développé incliné,Haltères,Bilatéral,Normale,9,30,0,0,0,0,289,01:07:30
2025-11-20 21:15:01,Push,Extension verticale,Poulie vis-à-vis,Bilatéral,Normale,9,22.5,0,0,0,0,289,01:07:30
2025-11-20 21:15:01,Push,Extension verticale,Poulie vis-à-vis,Bilatéral,Normale,10,22.5,0,0,0,0,289,01:07:30
2025-11-20 21:15:01,Push,Extension verticale,Poulie vis-à-vis,Bilatéral,Normale,11,22.5,0,0,0,0,289,01:07:30
2025-11-20 21:15:01,Push,Extension de bras poulie haute,Poulie vis-à-vis,Bilatéral,Normale,10,36.5,0,0,0,0,289,01:07:30
2025-11-20 21:15:01,Push,Extension de bras poulie haute,Poulie vis-à-vis,Bilatéral,Normale,9,36.5,0,0,0,0,289,01:07:30
2025-11-20 21:15:01,Push,Extension de bras poulie haute,Poulie vis-à-vis,Bilatéral,Normale,7,36.5,0,0,0,0,289,01:07:30
2025-11-20 21:15:01,Push,Développé militaire,Barre,Bilatéral,Normale,8,50,0,0,0,0,289,01:07:30
2025-11-20 21:15:01,Push,Développé militaire,Barre,Bilatéral,Normale,8,50,0,0,0,0,289,01:07:30
2025-11-20 21:15:01,Push,Développé militaire,Barre,Bilatéral,Normale,7,50,0,0,0,0,289,01:07:30
2025-11-20 21:15:01,Push,Élévation latérale,Haltères,Bilatéral,Normale,12,10,0,0,0,0,289,01:07:30
2025-11-20 21:15:01,Push,Élévation latérale,Haltères,Bilatéral,Normale,12,10,0,0,0,0,289,01:07:30
2025-11-20 21:15:01,Push,Élévation latérale,Haltères,Bilatéral,Normale,12,10,0,0,0,0,289,01:07:30
2025-11-20 21:15:01,Push,Élévation latérale,Haltères,Bilatéral,Normale,12,10,0,0,0,0,289,01:07:30
2025-11-21 13:55:37,Pull,Tirage horizontal prise large,Barre,Bilatéral,Normale,10,70,0,0,0,0,289,02:13:52
2025-11-21 13:55:37,Pull,Tirage horizontal prise large,Barre,Bilatéral,Normale,10,70,0,0,0,0,289,02:13:52
2025-11-21 13:55:37,Pull,Tirage horizontal prise large,Barre,Bilatéral,Normale,10,70,0,0,0,0,289,02:13:52
2025-11-21 13:55:37,Pull,Tirage horizontal prise large,Barre,Bilatéral,Normale,9,70,0,0,0,0,289,02:13:52
2025-11-21 13:55:37,Pull,Tirage vertical prise large,Poulie vis-à-vis,Bilatéral,Normale,12,79,0,0,0,0,289,02:13:52
2025-11-21 13:55:37,Pull,Tirage vertical prise large,Poulie vis-à-vis,Bilatéral,Normale,11,79,0,0,0,0,289,02:13:52
2025-11-21 13:55:37,Pull,Tirage vertical prise large,Poulie vis-à-vis,Bilatéral,Normale,7,79,0,0,0,0,289,02:13:52
2025-11-21 13:55:37,Pull,Curl biceps supination,Poulie vis-à-vis,Unilatéral,Normale,11,16,0,0,0,0,289,02:13:52
2025-11-21 13:55:37,Pull,Curl biceps supination,Poulie vis-à-vis,Unilatéral,Normale,10,16,0,0,0,0,289,02:13:52
2025-11-21 13:55:37,Pull,Curl biceps supination,Poulie vis-à-vis,Unilatéral,Normale,8,16,0,0,0,0,289,02:13:52
2025-11-21 13:55:37,Pull,Curl biceps supination,Poulie vis-à-vis,Unilatéral,Normale,12,11.5,0,0,0,0,289,02:13:52
2025-11-21 13:55:37,Pull,Curl marteau,Poulie vis-à-vis,Bilatéral,Normale,13,20.5,0,0,0,0,289,02:13:52
2025-11-21 13:55:37,Pull,Curl marteau,Poulie vis-à-vis,Bilatéral,Normale,11,20.5,0,0,0,0,289,02:13:52
2025-11-21 13:55:37,Pull,Curl marteau,Poulie vis-à-vis,Bilatéral,Normale,12,20.5,0,0,0,0,289,02:13:52
2025-11-21 13:55:37,Pull,Tirage visage,Poulie vis-à-vis,Bilatéral,Normale,13,25,0,0,0,0,289,02:13:52
2025-11-21 13:55:37,Pull,Tirage visage,Poulie vis-à-vis,Bilatéral,Normale,13,25,0,0,0,0,289,02:13:52
2025-11-22 20:19:03,Lower B,Flexion jambes parallèles,Barre,Bilatéral,Normale,15,100,0,0,0,0,222,01:04:34
2025-11-22 20:19:03,Lower B,Flexion jambes parallèles,Barre,Bilatéral,Normale,15,100,0,0,0,0,222,01:04:34
2025-11-22 20:19:03,Lower B,Flexion jambes parallèles,Barre,Bilatéral,Normale,15,100,0,0,0,0,222,01:04:34
2025-11-22 20:19:03,Lower B,Flexion jambes parallèles,Barre,Bilatéral,Échec,10,100,0,0,0,0,222,01:04:34
2025-11-22 20:19:03,Lower B,Fente bulgare,Haltères,Unilatéral,Normale,12,18,0,0,0,0,222,01:04:34
2025-11-22 20:19:03,Lower B,Fente bulgare,Haltères,Unilatéral,Normale,12,18,0,0,0,0,222,01:04:34
2025-11-22 20:19:03,Lower B,Extension de mollet debout,Poids du corps,Unilatéral,Normale,20,24,0,0,0,0,222,01:04:34
2025-11-22 20:19:03,Lower B,Extension de mollet debout,Poids du corps,Unilatéral,Normale,18,24,0,0,0,0,222,01:04:34
2025-11-22 20:19:03,Lower B,Extension de mollet debout,Poids du corps,Unilatéral,Normale,16,24,0,0,0,0,222,01:04:34
2025-11-22 20:19:03,Lower B,Extension de mollet debout,Poids du corps,Unilatéral,Normale,15,24,0,0,0,0,222,01:04:34
2025-11-22 20:19:03,Lower B,Extension de mollet debout,Poids du corps,Unilatéral,Normale,16,24,0,0,0,0,222,01:04:34
2025-11-23 09:18:30,Bonus : Entraînement Muscle up,Muscle Up,Poids du corps,Bilatéral,Normale,1,0,0,0,0,0,108,00:53:40
2025-11-23 09:18:30,Bonus : Entraînement Muscle up,Muscle Up,Poids du corps,Bilatéral,Normale,1,0,0,0,0,0,108,00:53:40
2025-11-23 09:18:30,Bonus : Entraînement Muscle up,Muscle Up,Poids du corps,Bilatéral,Normale,2,0,0,0,0,0,108,00:53:40
2025-11-23 09:18:30,Bonus : Entraînement Muscle up,Muscle Up,Poids du corps,Bilatéral,Normale,2,0,0,0,0,0,108,00:53:40
2025-11-23 09:18:30,Bonus : Entraînement Muscle up,Explosive Pull Ups,Poids du corps,Bilatéral,Normale,6,0,0,0,0,0,108,00:53:40
2025-11-23 09:18:30,Bonus : Entraînement Muscle up,Explosive Pull Ups,Poids du corps,Bilatéral,Normale,6,0,0,0,0,0,108,00:53:40
2025-11-23 09:18:30,Bonus : Entraînement Muscle up,Explosive Pull Ups,Poids du corps,Bilatéral,Normale,7,0,0,0,0,0,108,00:53:40
2025-11-25 10:44:58,Upper B,Extension de bras poulie haute,Poulie vis-à-vis,Bilatéral,Normale,11,36.5,0,0,0,0,292,00:57:00
2025-11-25 10:44:58,Upper B,Extension de bras poulie haute,Poulie vis-à-vis,Bilatéral,Normale,12,36.5,0,0,0,0,292,00:57:00
2025-11-25 10:44:58,Upper B,Extension de bras poulie haute,Poulie vis-à-vis,Bilatéral,Normale,12,36.5,0,0,0,0,292,00:57:00
2025-11-25 10:44:58,Upper B,Extension de bras poulie haute,Poulie vis-à-vis,Bilatéral,Normale,11,36.5,0,0,0,0,292,00:57:00
2025-11-25 10:44:58,Upper B,Curl biceps supination,Poulie vis-à-vis,Bilatéral,Normale,13,29.5,0,0,0,0,292,00:57:00
2025-11-25 10:44:58,Upper B,Curl biceps supination,Poulie vis-à-vis,Bilatéral,Normale,12,29.5,0,0,0,0,292,00:57:00
2025-11-25 10:44:58,Upper B,Curl biceps supination,Poulie vis-à-vis,Bilatéral,Normale,12,29.5,0,0,0,0,292,00:57:00
2025-11-25 10:44:58,Upper B,Curl biceps supination,Poulie vis-à-vis,Bilatéral,Normale,12,29.5,0,0,0,0,292,00:57:00
2025-11-25 10:44:58,Upper B,Développé militaire,Barre,Bilatéral,Normale,10,50,0,0,0,0,292,00:57:00
2025-11-25 10:44:58,Upper B,Développé militaire,Barre,Bilatéral,Normale,9,50,0,0,0,0,292,00:57:00
2025-11-25 10:44:58,Upper B,Développé militaire,Barre,Bilatéral,Normale,7,50,0,0,0,0,292,00:57:00
2025-11-25 10:44:58,Upper B,Tirage vertical prise large,Poulie vis-à-vis,Bilatéral,Normale,10,79,0,0,0,0,292,00:57:00
2025-11-25 10:44:58,Upper B,Tirage vertical prise large,Poulie vis-à-vis,Bilatéral,Normale,7,79,0,0,0,0,292,00:57:00
2025-11-25 10:44:58,Upper B,Tirage vertical prise large,Poulie vis-à-vis,Bilatéral,Normale,9,66,0,0,0,0,292,00:57:00
2025-11-25 10:44:58,Upper B,Dips prise serrée,Poids du corps,Bilatéral,Normale,15,0,0,0,0,0,292,00:57:00
2025-11-25 10:44:58,Upper B,Dips prise serrée,Poids du corps,Bilatéral,Normale,11,0,0,0,0,0,292,00:57:00
2025-11-25 10:44:58,Upper B,Dips prise serrée,Poids du corps,Bilatéral,Normale,10,0,0,0,0,0,292,00:57:00
2025-11-26 09:24:20,Legs,Flexion jambes parallèles,Barre,Bilatéral,Normale,10,115,0,0,0,0,271,01:20:19
2025-11-26 09:24:20,Legs,Flexion jambes parallèles,Barre,Bilatéral,Normale,10,115,0,0,0,0,271,01:20:19
2025-11-26 09:24:20,Legs,Flexion jambes parallèles,Barre,Bilatéral,Normale,10,115,0,0,0,0,271,01:20:19
2025-11-26 09:24:20,Legs,Flexion jambes parallèles,Barre,Bilatéral,Normale,10,115,0,0,0,0,271,01:20:19
2025-11-26 09:24:20,Legs,Extension de jambes,Machine guidée à poulie,Bilatéral,Normale,12,79,0,0,0,0,271,01:20:19
2025-11-26 09:24:20,Legs,Extension de jambes,Machine guidée à poulie,Bilatéral,Normale,12,79,0,0,0,0,271,01:20:19
2025-11-26 09:24:20,Legs,Extension de jambes,Machine guidée à poulie,Bilatéral,Normale,12,79,0,0,0,0,271,01:20:19
2025-11-26 09:24:20,Legs,Flexion de jambes assis,Machine guidée à poulie,Bilatéral,Normale,12,66,0,0,0,0,271,01:20:19
2025-11-26 09:24:20,Legs,Flexion de jambes assis,Machine guidée à poulie,Bilatéral,Normale,12,66,0,0,0,0,271,01:20:19
2025-11-26 09:24:20,Legs,Flexion de jambes assis,Machine guidée à poulie,Bilatéral,Normale,9,66,0,0,0,0,271,01:20:19
2025-11-26 09:24:20,Legs,Extension de mollet debout,Poids du corps,Unilatéral,Normale,12,28,0,0,0,0,271,01:20:19
2025-11-26 09:24:20,Legs,Extension de mollet debout,Poids du corps,Unilatéral,Normale,15,28,0,0,0,0,271,01:20:19
2025-11-26 09:24:20,Legs,Extension de mollet debout,Poids du corps,Unilatéral,Normale,13,28,0,0,0,0,271,01:20:19
2025-11-26 09:24:20,Legs,Extension de mollet debout,Poids du corps,Unilatéral,Normale,14,28,0,0,0,0,271,01:20:19
2025-11-26 09:24:20,Legs,Extension de mollet debout,Poids du corps,Unilatéral,Normale,13,28,0,0,0,0,271,01:20:19
2025-11-27 10:38:51,Push,Développé incliné,Barre,Bilatéral,Normale,8,80,0,0,0,0,287,01:21:25
2025-11-27 10:38:51,Push,Développé incliné,Barre,Bilatéral,Normale,8,80,0,0,0,0,287,01:21:25
2025-11-27 10:38:51,Push,Développé incliné,Barre,Bilatéral,Normale,7,80,0,0,0,0,287,01:21:25
2025-11-27 10:38:51,Push,Développé incliné,Barre,Bilatéral,Normale,8,80,0,0,0,0,287,01:21:25
2025-11-27 10:38:51,Push,Extension de bras poulie haute,Poulie vis-à-vis,Bilatéral,Normale,9,36,0,0,0,0,287,01:21:25
2025-11-27 10:38:51,Push,Extension de bras poulie haute,Poulie vis-à-vis,Bilatéral,Normale,10,36,0,0,0,0,287,01:21:25
2025-11-27 10:38:51,Push,Extension de bras poulie haute,Poulie vis-à-vis,Bilatéral,Normale,10,36,0,0,0,0,287,01:21:25
2025-11-27 10:38:51,Push,Extension verticale,Poulie vis-à-vis,Bilatéral,Normale,11,22.5,0,0,0,0,287,01:21:25
2025-11-27 10:38:51,Push,Extension verticale,Poulie vis-à-vis,Bilatéral,Normale,8,22.5,0,0,0,0,287,01:21:25
2025-11-27 10:38:51,Push,Extension verticale,Poulie vis-à-vis,Bilatéral,Normale,7,22.5,0,0,0,0,287,01:21:25
2025-11-27 10:38:51,Push,Développé militaire,Barre,Bilatéral,Normale,9,50,0,0,0,0,287,01:21:25
2025-11-27 10:38:51,Push,Développé militaire,Barre,Bilatéral,Normale,8,50,0,0,0,0,287,01:21:25
2025-11-27 10:38:51,Push,Développé militaire,Barre,Bilatéral,Normale,6,50,0,0,0,0,287,01:21:25
2025-11-27 10:38:51,Push,Élévation latérale,Haltères,Bilatéral,Normale,13,10,0,0,0,0,287,01:21:25
2025-11-27 10:38:51,Push,Élévation latérale,Haltères,Bilatéral,Normale,13,10,0,0,0,0,287,01:21:25
2025-11-27 10:38:51,Push,Élévation latérale,Haltères,Bilatéral,Normale,12,10,0,0,0,0,287,01:21:25
2025-11-27 10:38:51,Push,Élévation latérale,Haltères,Bilatéral,Normale,13,10,0,0,0,0,287,01:21:25
2025-11-28 03:15:29,Pull,Tirage horizontal assis prise serrée,Poulie vis-à-vis,Bilatéral,Normale,13,66,0,0,0,0,293,01:16:44
2025-11-28 03:15:29,Pull,Tirage horizontal assis prise serrée,Poulie vis-à-vis,Bilatéral,Normale,13,66,0,0,0,0,293,01:16:44
2025-11-28 03:15:29,Pull,Tirage horizontal assis prise serrée,Poulie vis-à-vis,Bilatéral,Normale,12,66,0,0,0,0,293,01:16:44
2025-11-28 03:15:29,Pull,Tirage horizontal assis prise serrée,Poulie vis-à-vis,Bilatéral,Normale,12,66,0,0,0,0,293,01:16:44
2025-11-28 03:15:29,Pull,Tirage vertical prise large,Poulie vis-à-vis,Bilatéral,Normale,9,79,0,0,0,0,293,01:16:44
2025-11-28 03:15:29,Pull,Tirage vertical prise large,Poulie vis-à-vis,Bilatéral,Normale,9,79,0,0,0,0,293,01:16:44
2025-11-28 03:15:29,Pull,Tirage vertical prise large,Poulie vis-à-vis,Bilatéral,Normale,9,79,0,0,0,0,293,01:16:44
2025-11-28 03:15:29,Pull,Tirage visage,Poulie vis-à-vis,Bilatéral,Normale,16,22.5,0,0,0,0,293,01:16:44
2025-11-28 03:15:29,Pull,Tirage visage,Poulie vis-à-vis,Bilatéral,Normale,15,22.5,0,0,0,0,293,01:16:44
2025-11-28 03:15:29,Pull,Curl biceps supination,Poulie vis-à-vis,Unilatéral,Normale,12,16,0,0,0,0,293,01:16:44
2025-11-28 03:15:29,Pull,Curl biceps supination,Poulie vis-à-vis,Unilatéral,Normale,11,16,0,0,0,0,293,01:16:44
2025-11-28 03:15:29,Pull,Curl biceps supination,Poulie vis-à-vis,Unilatéral,Normale,9,16,0,0,0,0,293,01:16:44
2025-11-28 03:15:29,Pull,Curl biceps supination,Poulie vis-à-vis,Unilatéral,Normale,12,11.5,0,0,0,0,293,01:16:44
2025-11-28 03:15:29,Pull,Curl marteau,Poulie vis-à-vis,Bilatéral,Normale,12,20.5,0,0,0,0,293,01:16:44
2025-11-28 03:15:29,Pull,Curl marteau,Poulie vis-à-vis,Bilatéral,Normale,12,20.5,0,0,0,0,293,01:16:44
2025-11-28 03:15:29,Pull,Curl marteau,Poulie vis-à-vis,Bilatéral,Normale,12,20.5,0,0,0,0,293,01:16:44
2025-11-29 09:01:40,Lower B,Flexion jambes parallèles,Barre,Bilatéral,Normale,15,100,0,0,0,0,217,01:24:14
2025-11-29 09:01:40,Lower B,Flexion jambes parallèles,Barre,Bilatéral,Normale,15,100,0,0,0,0,217,01:24:14
2025-11-29 09:01:40,Lower B,Flexion jambes parallèles,Barre,Bilatéral,Échec,12,100,0,0,0,0,217,01:24:14
2025-11-29 09:01:40,Lower B,Flexion jambes parallèles,Barre,Bilatéral,Normale,15,100,0,0,0,0,217,01:24:14
2025-11-29 09:01:40,Lower B,Fente bulgare,Haltères,Unilatéral,Normale,10,20,0,0,0,0,217,01:24:14
2025-11-29 09:01:40,Lower B,Fente bulgare,Haltères,Unilatéral,Normale,10,20,0,0,0,0,217,01:24:14
2025-11-29 09:01:40,Lower B,Extension de mollet debout,Poids du corps,Unilatéral,Normale,15,28,0,0,0,0,217,01:24:14
2025-11-29 09:01:40,Lower B,Extension de mollet debout,Poids du corps,Unilatéral,Normale,15,28,0,0,0,0,217,01:24:14
2025-11-29 09:01:40,Lower B,Extension de mollet debout,Poids du corps,Unilatéral,Normale,16,28,0,0,0,0,217,01:24:14
2025-11-29 09:01:40,Lower B,Extension de mollet debout,Poids du corps,Unilatéral,Normale,15,28,0,0,0,0,217,01:24:14
2025-11-29 09:01:40,Lower B,Extension de mollet debout,Poids du corps,Unilatéral,Normale,16,28,0,0,0,0,217,01:24:14
2025-12-01 12:40:54,Upper B,Extension de bras poulie haute,Poulie vis-à-vis,Bilatéral,Normale,10,25,0,0,0,0,325,01:22:41
2025-12-01 12:40:54,Upper B,Barre au front,Barre,Bilatéral,Normale,10,30,0,0,0,0,325,01:22:41
2025-12-01 12:40:54,Upper B,Barre au front,Barre,Bilatéral,Normale,11,30,0,0,0,0,325,01:22:41
2025-12-01 12:40:54,Upper B,Barre au front,Barre,Bilatéral,Normale,10,30,0,0,0,0,325,01:22:41
2025-12-01 12:40:54,Upper B,Barre au front,Barre,Bilatéral,Normale,10,30,0,0,0,0,325,01:22:41
2025-12-01 12:40:54,Upper B,Curl biceps supination,Haltères,Unilatéral,Normale,8,20,0,0,0,0,325,01:22:41
2025-12-01 12:40:54,Upper B,Curl biceps supination,Haltères,Unilatéral,Normale,9,20,0,0,0,0,325,01:22:41
2025-12-01 12:40:54,Upper B,Curl biceps supination,Haltères,Unilatéral,Normale,9,20,0,0,0,0,325,01:22:41
2025-12-01 12:40:54,Upper B,Curl biceps supination,Haltères,Unilatéral,Normale,9,20,0,0,0,0,325,01:22:41
2025-12-01 12:40:54,Upper B,Développé militaire,Barre,Bilatéral,Normale,10,50,0,0,0,0,325,01:22:41
2025-12-01 12:40:54,Upper B,Développé militaire,Barre,Bilatéral,Normale,10,50,0,0,0,0,325,01:22:41
2025-12-01 12:40:54,Upper B,Développé militaire,Barre,Bilatéral,Normale,8,50,0,0,0,0,325,01:22:41
2025-12-01 12:40:54,Upper B,Tirage vertical prise large,Poulie vis-à-vis,Bilatéral,Normale,11,79,0,0,0,0,325,01:22:41
2025-12-01 12:40:54,Upper B,Tirage vertical prise large,Poulie vis-à-vis,Bilatéral,Normale,9,79,0,0,0,0,325,01:22:41
2025-12-01 12:40:54,Upper B,Tirage vertical prise large,Poulie vis-à-vis,Bilatéral,Normale,9,73,0,0,0,0,325,01:22:41
2025-12-01 12:40:54,Upper B,Dips prise serrée,Poids du corps,Bilatéral,Normale,16,0,0,0,0,0,325,01:22:41
2025-12-01 12:40:54,Upper B,Dips prise serrée,Poids du corps,Bilatéral,Normale,13,0,0,0,0,0,325,01:22:41
2025-12-01 12:40:54,Upper B,Dips prise serrée,Poids du corps,Bilatéral,Normale,11,0,0,0,0,0,325,01:22:41
2025-12-02 08:47:28,Legs,Flexion jambes parallèles,Barre,Bilatéral,Normale,10,115,0,0,0,0,276,01:27:24
2025-12-02 08:47:28,Legs,Flexion jambes parallèles,Barre,Bilatéral,Normale,12,115,0,0,0,0,276,01:27:24
2025-12-02 08:47:28,Legs,Flexion jambes parallèles,Barre,Bilatéral,Normale,10,115,0,0,0,0,276,01:27:24
2025-12-02 08:47:28,Legs,Flexion jambes parallèles,Barre,Bilatéral,Normale,10,115,0,0,0,0,276,01:27:24
2025-12-02 08:47:28,Legs,Extension de mollet debout,Poids du corps,Unilatéral,Normale,16,28,0,0,0,0,276,01:27:24
2025-12-02 08:47:28,Legs,Extension de mollet debout,Poids du corps,Unilatéral,Normale,15,28,0,0,0,0,276,01:27:24
2025-12-02 08:47:28,Legs,Extension de mollet debout,Poids du corps,Unilatéral,Normale,15,28,0,0,0,0,276,01:27:24
2025-12-02 08:47:28,Legs,Extension de mollet debout,Poids du corps,Unilatéral,Normale,15,28,0,0,0,0,276,01:27:24
2025-12-02 08:47:28,Legs,Extension de mollet debout,Poids du corps,Unilatéral,Normale,16,28,0,0,0,0,276,01:27:24
2025-12-02 08:47:28,Legs,Extension de jambes,Machine guidée à poulie,Bilatéral,Normale,12,86,0,0,0,0,276,01:27:24
2025-12-02 08:47:28,Legs,Extension de jambes,Machine guidée à poulie,Bilatéral,Normale,12,86,0,0,0,0,276,01:27:24
2025-12-02 08:47:28,Legs,Extension de jambes,Machine guidée à poulie,Bilatéral,Normale,11,86,0,0,0,0,276,01:27:24
2025-12-02 08:47:28,Legs,Flexion de jambes assis,Machine guidée à poulie,Bilatéral,Normale,12,66,0,0,0,0,276,01:27:24
2025-12-02 08:47:28,Legs,Flexion de jambes assis,Machine guidée à poulie,Bilatéral,Normale,11,66,0,0,0,0,276,01:27:24
2025-12-02 08:47:28,Legs,Flexion de jambes assis,Machine guidée à poulie,Bilatéral,Normale,9,66,0,0,0,0,276,01:27:24
2025-12-03 08:58:51,Push,Développé incliné,Barre,Bilatéral,Normale,8,80,0,0,0,0,290,01:31:19
2025-12-03 08:58:51,Push,Développé incliné,Barre,Bilatéral,Normale,9,80,0,0,0,0,290,01:31:19
2025-12-03 08:58:51,Push,Développé incliné,Barre,Bilatéral,Normale,8,80,0,0,0,0,290,01:31:19
2025-12-03 08:58:51,Push,Développé incliné,Barre,Bilatéral,Normale,10,80,0,0,0,0,290,01:31:19
2025-12-03 08:58:51,Push,Extension de bras poulie haute,Poulie vis-à-vis,Bilatéral,Normale,11,36.5,0,0,0,0,290,01:31:19
2025-12-03 08:58:51,Push,Extension de bras poulie haute,Poulie vis-à-vis,Bilatéral,Normale,11,36.5,0,0,0,0,290,01:31:19
2025-12-03 08:58:51,Push,Extension de bras poulie haute,Poulie vis-à-vis,Bilatéral,Normale,12,36.5,0,0,0,0,290,01:31:19
2025-12-03 08:58:51,Push,Extension verticale,Poulie vis-à-vis,Bilatéral,Normale,12,22.5,0,0,0,0,290,01:31:19
2025-12-03 08:58:51,Push,Extension verticale,Poulie vis-à-vis,Bilatéral,Normale,10,22.5,0,0,0,0,290,01:31:19
2025-12-03 08:58:51,Push,Extension verticale,Poulie vis-à-vis,Bilatéral,Normale,8,22.5,0,0,0,0,290,01:31:19
2025-12-03 08:58:51,Push,Développé militaire,Barre,Bilatéral,Normale,8,50,0,0,0,0,290,01:31:19
2025-12-03 08:58:51,Push,Développé militaire,Barre,Bilatéral,Normale,8,50,0,0,0,0,290,01:31:19
2025-12-03 08:58:51,Push,Développé militaire,Barre,Bilatéral,Normale,6,50,0,0,0,0,290,01:31:19
2025-12-03 08:58:51,Push,Élévation latérale,Haltères,Bilatéral,Normale,15,10,0,0,0,0,290,01:31:19
2025-12-03 08:58:51,Push,Élévation latérale,Haltères,Bilatéral,Normale,13,10,0,0,0,0,290,01:31:19
2025-12-03 08:58:51,Push,Élévation latérale,Haltères,Bilatéral,Normale,14,10,0,0,0,0,290,01:31:19
2025-12-03 08:58:51,Push,Élévation latérale,Haltères,Bilatéral,Normale,12,10,0,0,0,0,290,01:31:19
2025-12-05 13:02:10,Pull,Tirage horizontal prise large,Barre,Bilatéral,Normale,9,70,0,0,0,0,278,01:05:06
2025-12-05 13:02:10,Pull,Tirage horizontal prise large,Barre,Bilatéral,Normale,10,70,0,0,0,0,278,01:05:06
2025-12-05 13:02:10,Pull,Tirage horizontal prise large,Barre,Bilatéral,Normale,7,70,0,0,0,0,278,01:05:06
2025-12-05 13:02:10,Pull,Tirage horizontal prise large,Barre,Bilatéral,Normale,11,60,0,0,0,0,278,01:05:06
2025-12-05 13:02:10,Pull,Tirage vertical prise large,Poulie vis-à-vis,Bilatéral,Normale,9,79,0,0,0,0,278,01:05:06
2025-12-05 13:02:10,Pull,Tirage vertical prise large,Poulie vis-à-vis,Bilatéral,Normale,7,79,0,0,0,0,278,01:05:06
2025-12-05 13:02:10,Pull,Tirage vertical prise large,Poulie vis-à-vis,Bilatéral,Normale,8,73,0,0,0,0,278,01:05:06
2025-12-05 13:02:10,Pull,Tirage visage,Poulie vis-à-vis,Bilatéral,Normale,15,22.5,0,0,0,0,278,01:05:06
2025-12-05 13:02:10,Pull,Tirage visage,Poulie vis-à-vis,Bilatéral,Normale,15,22.5,0,0,0,0,278,01:05:06
2025-12-05 13:02:10,Pull,Curl biceps supination,Poulie vis-à-vis,Bilatéral,Normale,12,29.5,0,0,0,0,278,01:05:06
2025-12-05 13:02:10,Pull,Curl biceps supination,Poulie vis-à-vis,Bilatéral,Normale,9,29.5,0,0,0,0,278,01:05:06
2025-12-05 13:02:10,Pull,Curl biceps supination,Poulie vis-à-vis,Bilatéral,Normale,12,29.5,0,0,0,0,278,01:05:06
2025-12-05 13:02:10,Pull,Curl biceps supination,Poulie vis-à-vis,Bilatéral,Normale,8,29.5,0,0,0,0,278,01:05:06
2025-12-05 13:02:10,Pull,Curl marteau,Poulie vis-à-vis,Bilatéral,Normale,12,20.5,0,0,0,0,278,01:05:06
2025-12-05 13:02:10,Pull,Curl marteau,Poulie vis-à-vis,Bilatéral,Normale,9,20.5,0,0,0,0,278,01:05:06
2025-12-05 13:02:10,Pull,Curl marteau,Poulie vis-à-vis,Bilatéral,Normale,12,20.5,0,0,0,0,278,01:05:06
2025-12-06 08:54:45,Lower B,Flexion jambes parallèles,Barre,Bilatéral,Normale,15,100,0,0,0,0,219,01:14:17
2025-12-06 08:54:45,Lower B,Flexion jambes parallèles,Barre,Bilatéral,Normale,15,100,0,0,0,0,219,01:14:17
2025-12-06 08:54:45,Lower B,Flexion jambes parallèles,Barre,Bilatéral,Normale,15,100,0,0,0,0,219,01:14:17
2025-12-06 08:54:45,Lower B,Flexion jambes parallèles,Barre,Bilatéral,Dégressive,8,100,0,0,0,0,219,01:14:17
2025-12-06 08:54:45,Lower B,Fente bulgare,Haltères,Unilatéral,Normale,12,20,0,0,0,0,219,01:14:17
2025-12-06 08:54:45,Lower B,Fente bulgare,Haltères,Unilatéral,Normale,12,20,0,0,0,0,219,01:14:17
2025-12-06 08:54:45,Lower B,Extension de mollet debout,Poids du corps,Unilatéral,Normale,18,28,0,0,0,0,219,01:14:17
2025-12-06 08:54:45,Lower B,Extension de mollet debout,Poids du corps,Unilatéral,Normale,16,28,0,0,0,0,219,01:14:17
2025-12-06 08:54:45,Lower B,Extension de mollet debout,Poids du corps,Unilatéral,Normale,16,28,0,0,0,0,219,01:14:17
2025-12-06 08:54:45,Lower B,Extension de mollet debout,Poids du corps,Unilatéral,Normale,16,28,0,0,0,0,219,01:14:17
2025-12-06 08:54:45,Lower B,Extension de mollet debout,Poids du corps,Unilatéral,Normale,13,28,0,0,0,0,219,01:14:17
2025-12-08 12:20:45,Upper B,Extension de bras poulie haute,Poulie vis-à-vis,Bilatéral,Normale,12,36.5,0,0,0,0,334,01:34:30
2025-12-08 12:20:45,Upper B,Extension de bras poulie haute,Poulie vis-à-vis,Bilatéral,Normale,10,36.5,0,0,0,0,334,01:34:30
2025-12-08 12:20:45,Upper B,Extension de bras poulie haute,Poulie vis-à-vis,Bilatéral,Normale,12,36.5,0,0,0,0,334,01:34:30
2025-12-08 12:20:45,Upper B,Extension de bras poulie haute,Poulie vis-à-vis,Bilatéral,Normale,11,36.5,0,0,0,0,334,01:34:30
2025-12-08 12:20:45,Upper B,Curl biceps supination,Poulie vis-à-vis,Bilatéral,Normale,13,29.5,0,0,0,0,334,01:34:30
2025-12-08 12:20:45,Upper B,Curl biceps supination,Poulie vis-à-vis,Bilatéral,Normale,12,29.5,0,0,0,0,334,01:34:30
2025-12-08 12:20:45,Upper B,Curl biceps supination,Poulie vis-à-vis,Bilatéral,Normale,13,29.5,0,0,0,0,334,01:34:30
2025-12-08 12:20:45,Upper B,Curl biceps supination,Poulie vis-à-vis,Bilatéral,Échec,10,29.5,0,0,0,0,334,01:34:30
2025-12-08 12:20:45,Upper B,Développé militaire,Barre,Bilatéral,Normale,10,50,0,0,0,0,334,01:34:30
2025-12-08 12:20:45,Upper B,Développé militaire,Barre,Bilatéral,Normale,9,50,0,0,0,0,334,01:34:30
2025-12-08 12:20:45,Upper B,Développé militaire,Barre,Bilatéral,Normale,9,50,0,0,0,0,334,01:34:30
2025-12-08 12:20:45,Upper B,Tirage vertical prise large,Poulie vis-à-vis,Bilatéral,Normale,11,79,0,0,0,0,334,01:34:30
2025-12-08 12:20:45,Upper B,Tirage vertical prise large,Poulie vis-à-vis,Bilatéral,Normale,8,79,0,0,0,0,334,01:34:30
2025-12-08 12:20:45,Upper B,Tirage vertical prise large,Poulie vis-à-vis,Bilatéral,Normale,9,79,0,0,0,0,334,01:34:30
2025-12-08 12:20:45,Upper B,Tirage vertical prise inversée,Poulie vis-à-vis,Bilatéral,Normale,12,66,0,0,0,0,334,01:34:30
2025-12-08 12:20:45,Upper B,Tirage vertical prise inversée,Poulie vis-à-vis,Bilatéral,Normale,10,66,0,0,0,0,334,01:34:30
2025-12-08 12:20:45,Upper B,Dips prise serrée,Poids du corps,Bilatéral,Normale,17,0,0,0,0,0,334,01:34:30
2025-12-08 12:20:45,Upper B,Dips prise serrée,Poids du corps,Bilatéral,Normale,11,0,0,0,0,0,334,01:34:30
2025-12-08 12:20:45,Upper B,Dips prise serrée,Poids du corps,Bilatéral,Normale,10,0,0,0,0,0,334,01:34:30
2025-12-09 10:46:58,Legs,Flexion jambes parallèles,Barre,Bilatéral,Normale,9,120,0,0,0,0,208,01:09:16
2025-12-09 10:46:58,Legs,Flexion jambes parallèles,Barre,Bilatéral,Normale,9,120,0,0,0,0,208,01:09:16
2025-12-09 10:46:58,Legs,Flexion jambes parallèles,Barre,Bilatéral,Normale,8,120,0,0,0,0,208,01:09:16
2025-12-09 10:46:58,Legs,Flexion jambes parallèles,Barre,Bilatéral,Normale,8,120,0,0,0,0,208,01:09:16
2025-12-09 10:46:58,Legs,Extension de jambes,Machine guidée à poulie,Bilatéral,Normale,10,93,0,0,0,0,208,01:09:16
2025-12-09 10:46:58,Legs,Extension de jambes,Machine guidée à poulie,Bilatéral,Normale,9,93,0,0,0,0,208,01:09:16
2025-12-09 10:46:58,Legs,Extension de jambes,Machine guidée à poulie,Bilatéral,Normale,9,86,0,0,0,0,208,01:09:16
2025-12-09 10:46:58,Legs,Sissy squat,Poids du corps,Bilatéral,Normale,8,0,0,0,0,0,208,01:09:16
2025-12-09 10:46:58,Legs,Sissy squat,Poids du corps,Bilatéral,Normale,8,0,0,0,0,0,208,01:09:16
2025-12-09 10:46:58,Legs,Flexion de jambes assis,Machine guidée à poulie,Bilatéral,Normale,12,66,0,0,0,0,208,01:09:16
2025-12-09 10:46:58,Legs,Flexion de jambes assis,Machine guidée à poulie,Bilatéral,Normale,12,66,0,0,0,0,208,01:09:16
2025-12-09 10:46:58,Legs,Flexion de jambes assis,Machine guidée à poulie,Bilatéral,Échec,6,66,0,0,0,0,208,01:09:16
2025-12-10 13:38:02,Push,Développé incliné,Barre,Bilatéral,Normale,8,80,0,0,0,0,294,01:19:34
2025-12-10 13:38:02,Push,Développé incliné,Barre,Bilatéral,Normale,8,80,0,0,0,0,294,01:19:34
2025-12-10 13:38:02,Push,Développé incliné,Barre,Bilatéral,Normale,8,80,0,0,0,0,294,01:19:34
2025-12-10 13:38:02,Push,Développé incliné,Barre,Bilatéral,Normale,7,80,0,0,0,0,294,01:19:34
2025-12-10 13:38:02,Push,Extension de bras poulie haute,Poulie vis-à-vis,Bilatéral,Normale,15,30,0,0,0,0,294,01:19:34
2025-12-10 13:38:02,Push,Extension de bras poulie haute,Poulie vis-à-vis,Bilatéral,Normale,16,30,0,0,0,0,294,01:19:34
2025-12-10 13:38:02,Push,Extension de bras poulie haute,Poulie vis-à-vis,Bilatéral,Normale,12,30,0,0,0,0,294,01:19:34
2025-12-10 13:38:02,Push,Développé militaire,Barre,Bilatéral,Normale,10,50,0,0,0,0,294,01:19:34
2025-12-10 13:38:02,Push,Développé militaire,Barre,Bilatéral,Normale,10,50,0,0,0,0,294,01:19:34
2025-12-10 13:38:02,Push,Développé militaire,Barre,Bilatéral,Normale,9,50,0,0,0,0,294,01:19:34
2025-12-10 13:38:02,Push,Extension verticale,Poulie vis-à-vis,Bilatéral,Normale,13,22.5,0,0,0,0,294,01:19:34
2025-12-10 13:38:02,Push,Extension verticale,Poulie vis-à-vis,Bilatéral,Normale,11,22.5,0,0,0,0,294,01:19:34
2025-12-10 13:38:02,Push,Extension verticale,Poulie vis-à-vis,Bilatéral,Normale,13,22.5,0,0,0,0,294,01:19:34
2025-12-10 13:38:02,Push,Élévation latérale,Haltères,Bilatéral,Normale,14,10,0,0,0,0,294,01:19:34
2025-12-10 13:38:02,Push,Élévation latérale,Haltères,Bilatéral,Normale,13,10,0,0,0,0,294,01:19:34
2025-12-10 13:38:02,Push,Élévation latérale,Haltères,Bilatéral,Normale,12,10,0,0,0,0,294,01:19:34
2025-12-10 13:38:02,Push,Élévation latérale,Haltères,Bilatéral,Normale,13,10,0,0,0,0,294,01:19:34
2025-12-12 14:37:31,Pull,Tirage horizontal prise large,Barre,Bilatéral,Normale,10,70,0,0,0,0,278,01:45:50
2025-12-12 14:37:31,Pull,Tirage horizontal prise large,Barre,Bilatéral,Normale,9,70,0,0,0,0,278,01:45:50
2025-12-12 14:37:31,Pull,Tirage horizontal prise large,Barre,Bilatéral,Normale,10,70,0,0,0,0,278,01:45:50
2025-12-12 14:37:31,Pull,Tirage horizontal prise large,Barre,Bilatéral,Normale,9,70,0,0,0,0,278,01:45:50
2025-12-12 14:37:31,Pull,Tirage visage,Poulie vis-à-vis,Bilatéral,Normale,17,22.5,0,0,0,0,278,01:45:50
2025-12-12 14:37:31,Pull,Tirage visage,Poulie vis-à-vis,Bilatéral,Normale,15,22.5,0,0,0,0,278,01:45:50
2025-12-12 14:37:31,Pull,Tirage visage,Poulie vis-à-vis,Bilatéral,Normale,18,22.5,0,0,0,0,278,01:45:50
2025-12-12 14:37:31,Pull,Tirage vertical prise serrée,Poulie vis-à-vis,Bilatéral,Normale,10,73,0,0,0,0,278,01:45:50
2025-12-12 14:37:31,Pull,Tirage vertical prise serrée,Poulie vis-à-vis,Bilatéral,Normale,10,73,0,0,0,0,278,01:45:50
2025-12-12 14:37:31,Pull,Tirage vertical prise serrée,Poulie vis-à-vis,Bilatéral,Normale,8,73,0,0,0,0,278,01:45:50
2025-12-12 14:37:31,Pull,Tirage vertical prise large,Poulie vis-à-vis,Bilatéral,Normale,9,74,0,0,0,0,278,01:45:50
2025-12-12 14:37:31,Pull,Tirage vertical prise large,Poulie vis-à-vis,Bilatéral,Normale,8,74,0,0,0,0,278,01:45:50
2025-12-12 14:37:31,Pull,Curl biceps supination,Poulie vis-à-vis,Bilatéral,Normale,10,32,0,0,0,0,278,01:45:50
2025-12-12 14:37:31,Pull,Curl biceps supination,Poulie vis-à-vis,Bilatéral,Normale,8,32,0,0,0,0,278,01:45:50
2025-12-12 14:37:31,Pull,Curl biceps supination,Poulie vis-à-vis,Bilatéral,Normale,10,29.5,0,0,0,0,278,01:45:50
2025-12-12 14:37:31,Pull,Curl biceps supination,Poulie vis-à-vis,Bilatéral,Normale,8,29.5,0,0,0,0,278,01:45:50
2025-12-13 08:55:19,Lower B,Flexion jambes parallèles,Barre,Bilatéral,Normale,18,100,0,0,0,0,221,01:22:52
2025-12-13 08:55:19,Lower B,Flexion jambes parallèles,Barre,Bilatéral,Normale,15,100,0,0,0,0,221,01:22:52
2025-12-13 08:55:19,Lower B,Flexion jambes parallèles,Barre,Bilatéral,Normale,15,100,0,0,0,0,221,01:22:52
2025-12-13 08:55:19,Lower B,Flexion jambes parallèles,Barre,Bilatéral,Dégressive,8,100,0,0,0,0,221,01:22:52
2025-12-13 08:55:19,Lower B,Fente bulgare,Haltères,Unilatéral,Normale,10,22,0,0,0,0,221,01:22:52
2025-12-13 08:55:19,Lower B,Fente bulgare,Haltères,Unilatéral,Normale,10,22,0,0,0,0,221,01:22:52
2025-12-13 08:55:19,Lower B,Extension de mollet debout,Poids du corps,Unilatéral,Normale,20,28,0,0,0,0,221,01:22:52
2025-12-13 08:55:19,Lower B,Extension de mollet debout,Poids du corps,Unilatéral,Normale,18,28,0,0,0,0,221,01:22:52
2025-12-13 08:55:19,Lower B,Extension de mollet debout,Poids du corps,Unilatéral,Normale,16,28,0,0,0,0,221,01:22:52
2025-12-13 08:55:19,Lower B,Extension de mollet debout,Poids du corps,Unilatéral,Normale,16,28,0,0,0,0,221,01:22:52
2025-12-13 08:55:19,Lower B,Extension de mollet debout,Poids du corps,Unilatéral,Normale,16,28,0,0,0,0,221,01:22:52
2025-12-16 10:10:12,Upper B,Extension de bras poulie haute,Poulie vis-à-vis,Bilatéral,Normale,13,36.5,0,0,0,0,326,01:09:26
2025-12-16 10:10:12,Upper B,Extension de bras poulie haute,Poulie vis-à-vis,Bilatéral,Normale,12,36.5,0,0,0,0,326,01:09:26
2025-12-16 10:10:12,Upper B,Extension de bras poulie haute,Poulie vis-à-vis,Bilatéral,Normale,11,36.5,0,0,0,0,326,01:09:26
2025-12-16 10:10:12,Upper B,Extension de bras poulie haute,Poulie vis-à-vis,Bilatéral,Normale,11,36.5,0,0,0,0,326,01:09:26
2025-12-16 10:10:12,Upper B,Curl biceps supination,Poulie vis-à-vis,Bilatéral,Normale,10,32,0,0,0,0,326,01:09:26
2025-12-16 10:10:12,Upper B,Curl biceps supination,Poulie vis-à-vis,Bilatéral,Normale,10,32,0,0,0,0,326,01:09:26
2025-12-16 10:10:12,Upper B,Curl biceps supination,Poulie vis-à-vis,Bilatéral,Normale,10,32,0,0,0,0,326,01:09:26
2025-12-16 10:10:12,Upper B,Curl biceps supination,Poulie vis-à-vis,Bilatéral,Normale,8,32,0,0,0,0,326,01:09:26
2025-12-16 10:10:12,Upper B,Développé militaire,Barre,Bilatéral,Normale,8,55,0,0,0,0,326,01:09:26
2025-12-16 10:10:12,Upper B,Développé militaire,Barre,Bilatéral,Normale,6,55,0,0,0,0,326,01:09:26
2025-12-16 10:10:12,Upper B,Développé militaire,Barre,Bilatéral,Normale,5,55,0,0,0,0,326,01:09:26
2025-12-16 10:10:12,Upper B,Tirage vertical prise large,Poulie vis-à-vis,Bilatéral,Normale,9,79,0,0,0,0,326,01:09:26
2025-12-16 10:10:12,Upper B,Tirage vertical prise large,Poulie vis-à-vis,Bilatéral,Normale,7,79,0,0,0,0,326,01:09:26
2025-12-16 10:10:12,Upper B,Tirage vertical prise large,Poulie vis-à-vis,Bilatéral,Normale,9,73,0,0,0,0,326,01:09:26
2025-12-16 10:10:12,Upper B,Tirage vertical prise inversée,Poulie vis-à-vis,Bilatéral,Normale,11,66,0,0,0,0,326,01:09:26
2025-12-16 10:10:12,Upper B,Tirage vertical prise inversée,Poulie vis-à-vis,Bilatéral,Normale,12,66,0,0,0,0,326,01:09:26
2025-12-16 10:10:12,Upper B,Dips prise serrée,Poids du corps,Bilatéral,Normale,10,10,0,0,0,0,326,01:09:26
2025-12-16 10:10:12,Upper B,Dips prise serrée,Poids du corps,Bilatéral,Normale,7,10,0,0,0,0,326,01:09:26
2025-12-16 10:10:12,Upper B,Dips prise serrée,Poids du corps,Bilatéral,Normale,6,10,0,0,0,0,326,01:09:26
2025-12-17 10:22:57,Legs,Flexion jambes parallèles,Barre,Bilatéral,Normale,10,120,0,0,0,0,171,01:05:13
2025-12-17 10:22:57,Legs,Flexion jambes parallèles,Barre,Bilatéral,Normale,10,120,0,0,0,0,171,01:05:13
2025-12-17 10:22:57,Legs,Flexion jambes parallèles,Barre,Bilatéral,Normale,9,120,0,0,0,0,171,01:05:13
2025-12-17 10:22:57,Legs,Flexion jambes parallèles,Barre,Bilatéral,Normale,8,120,0,0,0,0,171,01:05:13
2025-12-17 10:22:57,Legs,Flexion de jambes assis,Machine guidée à poulie,Bilatéral,Normale,13,66,0,0,0,0,171,01:05:13
2025-12-17 10:22:57,Legs,Flexion de jambes assis,Machine guidée à poulie,Bilatéral,Normale,11,66,0,0,0,0,171,01:05:13
2025-12-17 10:22:57,Legs,Flexion de jambes assis,Machine guidée à poulie,Bilatéral,Échec,6,66,0,0,0,0,171,01:05:13
2025-12-17 10:22:57,Legs,Extension de jambes,Machine guidée à poulie,Bilatéral,Normale,11,93,0,0,0,0,171,01:05:13
2025-12-17 10:22:57,Legs,Extension de jambes,Machine guidée à poulie,Bilatéral,Normale,10,93,0,0,0,0,171,01:05:13
2025-12-17 10:22:57,Legs,Extension de jambes,Machine guidée à poulie,Bilatéral,Normale,10,86,0,0,0,0,171,01:05:13
2025-12-18 10:45:37,Push,Développé incliné,Haltères,Bilatéral,Normale,10,32,0,0,0,0,291,01:23:02
2025-12-18 10:45:37,Push,Développé incliné,Haltères,Bilatéral,Normale,10,32,0,0,0,0,291,01:23:02
2025-12-18 10:45:37,Push,Développé incliné,Haltères,Bilatéral,Normale,9,32,0,0,0,0,291,01:23:02
2025-12-18 10:45:37,Push,Développé incliné,Haltères,Bilatéral,Normale,7,32,0,0,0,0,291,01:23:02
2025-12-18 10:45:37,Push,Extension de bras poulie haute,Poulie vis-à-vis,Bilatéral,Normale,12,36.5,0,0,0,0,291,01:23:02
2025-12-18 10:45:37,Push,Extension de bras poulie haute,Poulie vis-à-vis,Bilatéral,Normale,10,36.5,0,0,0,0,291,01:23:02
2025-12-18 10:45:37,Push,Extension de bras poulie haute,Poulie vis-à-vis,Bilatéral,Normale,10,36.5,0,0,0,0,291,01:23:02
2025-12-18 10:45:37,Push,Extension verticale,Poulie vis-à-vis,Bilatéral,Normale,8,22.5,0,0,0,0,291,01:23:02
2025-12-18 10:45:37,Push,Extension verticale,Poulie vis-à-vis,Bilatéral,Normale,12,16,0,0,0,0,291,01:23:02
2025-12-18 10:45:37,Push,Extension verticale,Poulie vis-à-vis,Bilatéral,Normale,14,16,0,0,0,0,291,01:23:02
2025-12-18 10:45:37,Push,Développé militaire,Barre,Bilatéral,Normale,11,50,0,0,0,0,291,01:23:02
2025-12-18 10:45:37,Push,Développé militaire,Barre,Bilatéral,Normale,8,50,0,0,0,0,291,01:23:02
2025-12-18 10:45:37,Push,Développé militaire,Barre,Bilatéral,Normale,5,50,0,0,0,0,291,01:23:02
2025-12-18 10:45:37,Push,Élévation latérale,Haltères,Bilatéral,Normale,14,10,0,0,0,0,291,01:23:02
2025-12-18 10:45:37,Push,Élévation latérale,Haltères,Bilatéral,Normale,14,10,0,0,0,0,291,01:23:02
2025-12-18 10:45:37,Push,Élévation latérale,Haltères,Bilatéral,Normale,11,10,0,0,0,0,291,01:23:02
2025-12-18 10:45:37,Push,Élévation latérale,Haltères,Bilatéral,Normale,12,10,0,0,0,0,291,01:23:02
2025-12-19 11:16:11,Pull,Tirage vertical prise large,Poulie vis-à-vis,Bilatéral,Normale,10,86,0,0,0,0,277,01:19:00
2025-12-19 11:16:11,Pull,Tirage vertical prise large,Poulie vis-à-vis,Bilatéral,Normale,8,86,0,0,0,0,277,01:19:00
2025-12-19 11:16:11,Pull,Tirage vertical prise large,Poulie vis-à-vis,Bilatéral,Normale,14,73,0,0,0,0,277,01:19:00
2025-12-19 11:16:11,Pull,Tirage vertical prise serrée,Poulie vis-à-vis,Bilatéral,Normale,10,66,0,0,0,0,277,01:19:00
2025-12-19 11:16:11,Pull,Tirage vertical prise serrée,Poulie vis-à-vis,Bilatéral,Normale,11,66,0,0,0,0,277,01:19:00
2025-12-19 11:16:11,Pull,Tirage horizontal prise large,Barre,Bilatéral,Normale,12,60,0,0,0,0,277,01:19:00
2025-12-19 11:16:11,Pull,Tirage horizontal prise large,Barre,Bilatéral,Normale,11,60,0,0,0,0,277,01:19:00
2025-12-19 11:16:11,Pull,Tirage horizontal prise large,Barre,Bilatéral,Normale,12,60,0,0,0,0,277,01:19:00
2025-12-19 11:16:11,Pull,Curl pupitre,Haltères,Unilatéral,Normale,12,12,0,0,0,0,277,01:19:00
2025-12-19 11:16:11,Pull,Curl pupitre,Haltères,Unilatéral,Normale,10,12,0,0,0,0,277,01:19:00
2025-12-19 11:16:11,Pull,Curl pupitre,Haltères,Unilatéral,Normale,11,12,0,0,0,0,277,01:19:00
2025-12-19 11:16:11,Pull,Curl pupitre,Haltères,Unilatéral,Normale,9,12,0,0,0,0,277,01:19:00
2025-12-19 11:16:11,Pull,Curl marteau,Poulie vis-à-vis,Bilatéral,Normale,12,20.5,0,0,0,0,277,01:19:00
2025-12-19 11:16:11,Pull,Curl marteau,Poulie vis-à-vis,Bilatéral,Normale,12,20.5,0,0,0,0,277,01:19:00
2025-12-19 11:16:11,Pull,Curl marteau,Poulie vis-à-vis,Bilatéral,Normale,12,20.5,0,0,0,0,277,01:19:00
2025-12-20 09:04:24,Lower B,Flexion jambes parallèles,Barre,Bilatéral,Normale,15,100,0,0,0,0,235,01:37:51
2025-12-20 09:04:24,Lower B,Flexion jambes parallèles,Barre,Bilatéral,Normale,15,100,0,0,0,0,235,01:37:51
2025-12-20 09:04:24,Lower B,Flexion jambes parallèles,Barre,Bilatéral,Normale,15,100,0,0,0,0,235,01:37:51
2025-12-20 09:04:24,Lower B,Flexion jambes parallèles,Barre,Bilatéral,Dégressive,5,100,0,0,0,0,235,01:37:51
2025-12-20 09:04:24,Lower B,Fente bulgare,Haltères,Unilatéral,Normale,12,22,0,0,0,0,235,01:37:51
2025-12-20 09:04:24,Lower B,Fente bulgare,Haltères,Unilatéral,Normale,10,22,0,0,0,0,235,01:37:51
2025-12-20 09:04:24,Lower B,Extension de mollet assis,Machine guidée à poulie,Bilatéral,Normale,15,40,0,0,0,0,235,01:37:51
2025-12-20 09:04:24,Lower B,Extension de mollet assis,Machine guidée à poulie,Bilatéral,Normale,16,40,0,0,0,0,235,01:37:51
2025-12-20 09:04:24,Lower B,Extension de mollet assis,Machine guidée à poulie,Bilatéral,Normale,17,40,0,0,0,0,235,01:37:51
2025-12-20 09:04:24,Lower B,Extension de mollet assis,Machine guidée à poulie,Bilatéral,Normale,16,40,0,0,0,0,235,01:37:51
2025-12-20 09:04:24,Lower B,Extension de mollet assis,Machine guidée à poulie,Bilatéral,Normale,16,40,0,0,0,0,235,01:37:51
2025-12-20 09:04:24,Lower B,Muscle Up,Poids du corps,Bilatéral,Normale,2,0,0,0,0,0,235,01:37:51
2025-12-20 09:04:24,Lower B,Muscle Up,Poids du corps,Bilatéral,Normale,1,0,0,0,0,0,235,01:37:51
2025-12-22 09:05:00,Upper B,Extension de bras poulie haute,Poulie vis-à-vis,Bilatéral,Normale,10,38.5,0,0,0,0,329,01:24:46
2025-12-22 09:05:00,Upper B,Extension de bras poulie haute,Poulie vis-à-vis,Bilatéral,Normale,10,38.5,0,0,0,0,329,01:24:46
2025-12-22 09:05:00,Upper B,Extension de bras poulie haute,Poulie vis-à-vis,Bilatéral,Normale,13,36.5,0,0,0,0,329,01:24:46
2025-12-22 09:05:00,Upper B,Extension de bras poulie haute,Poulie vis-à-vis,Bilatéral,Normale,12,36.5,0,0,0,0,329,01:24:46
2025-12-22 09:05:00,Upper B,Curl biceps supination,Poulie vis-à-vis,Bilatéral,Normale,10,32,0,0,0,0,329,01:24:46
2025-12-22 09:05:00,Upper B,Curl biceps supination,Poulie vis-à-vis,Bilatéral,Normale,10,32,0,0,0,0,329,01:24:46
2025-12-22 09:05:00,Upper B,Curl biceps supination,Poulie vis-à-vis,Bilatéral,Normale,10,32,0,0,0,0,329,01:24:46
2025-12-22 09:05:00,Upper B,Curl biceps supination,Poulie vis-à-vis,Bilatéral,Normale,10,32,0,0,0,0,329,01:24:46
2025-12-22 09:05:00,Upper B,Développé militaire,Barre,Bilatéral,Normale,8,55,0,0,0,0,329,01:24:46
2025-12-22 09:05:00,Upper B,Développé militaire,Barre,Bilatéral,Normale,8,55,0,0,0,0,329,01:24:46
2025-12-22 09:05:00,Upper B,Développé militaire,Barre,Bilatéral,Normale,6,55,0,0,0,0,329,01:24:46
2025-12-22 09:05:00,Upper B,Tirage vertical prise large,Poulie vis-à-vis,Bilatéral,Normale,12,79,0,0,0,0,329,01:24:46
2025-12-22 09:05:00,Upper B,Tirage vertical prise large,Poulie vis-à-vis,Bilatéral,Normale,11,79,0,0,0,0,329,01:24:46
2025-12-22 09:05:00,Upper B,Tirage vertical prise large,Poulie vis-à-vis,Bilatéral,Normale,13,73,0,0,0,0,329,01:24:46
2025-12-22 09:05:00,Upper B,Tirage vertical prise inversée,Poulie vis-à-vis,Bilatéral,Normale,11,66,0,0,0,0,329,01:24:46
2025-12-22 09:05:00,Upper B,Tirage vertical prise inversée,Poulie vis-à-vis,Bilatéral,Normale,9,66,0,0,0,0,329,01:24:46
2025-12-22 09:05:00,Upper B,Dips prise serrée,Poids du corps,Bilatéral,Normale,9,10,0,0,0,0,329,01:24:46
2025-12-22 09:05:00,Upper B,Dips prise serrée,Poids du corps,Bilatéral,Normale,9,10,0,0,0,0,329,01:24:46
2025-12-22 09:05:00,Upper B,Dips prise serrée,Poids du corps,Bilatéral,Normale,8,10,0,0,0,0,329,01:24:46
2025-12-23 13:22:45,Push,Développé incliné,Haltères,Bilatéral,Normale,11,32,0,0,0,0,320,01:22:30
2025-12-23 13:22:45,Push,Développé incliné,Haltères,Bilatéral,Normale,10,32,0,0,0,0,320,01:22:30
2025-12-23 13:22:45,Push,Développé incliné,Haltères,Bilatéral,Normale,9,32,0,0,0,0,320,01:22:30
2025-12-23 13:22:45,Push,Développé incliné,Haltères,Bilatéral,Normale,8,32,0,0,0,0,320,01:22:30
2025-12-23 13:22:45,Push,Extension de bras poulie haute,Poulie vis-à-vis,Bilatéral,Normale,15,29.5,0,0,0,0,320,01:22:30
2025-12-23 13:22:45,Push,Extension de bras poulie haute,Poulie vis-à-vis,Bilatéral,Normale,15,29.5,0,0,0,0,320,01:22:30
2025-12-23 13:22:45,Push,Extension de bras poulie haute,Poulie vis-à-vis,Bilatéral,Normale,18,29.5,0,0,0,0,320,01:22:30
2025-12-23 13:22:45,Push,Extension verticale,Poulie vis-à-vis,Bilatéral,Normale,18,16,0,0,0,0,320,01:22:30
2025-12-23 13:22:45,Push,Extension verticale,Poulie vis-à-vis,Bilatéral,Normale,18,16,0,0,0,0,320,01:22:30
2025-12-23 13:22:45,Push,Extension verticale,Poulie vis-à-vis,Bilatéral,Normale,19,16,0,0,0,0,320,01:22:30
2025-12-23 13:22:45,Push,Développé militaire,Barre,Bilatéral,Normale,15,40,0,0,0,0,320,01:22:30
2025-12-23 13:22:45,Push,Développé militaire,Barre,Bilatéral,Normale,12,40,0,0,0,0,320,01:22:30
2025-12-23 13:22:45,Push,Développé militaire,Barre,Bilatéral,Normale,11,40,0,0,0,0,320,01:22:30
2025-12-23 13:22:45,Push,Élévation latérale,Poulie vis-à-vis,Unilatéral,Normale,10,7,0,0,0,0,320,01:22:30
2025-12-23 13:22:45,Push,Élévation latérale,Poulie vis-à-vis,Unilatéral,Normale,12,7,0,0,0,0,320,01:22:30
2025-12-23 13:22:45,Push,Élévation latérale,Poulie vis-à-vis,Unilatéral,Normale,11,7,0,0,0,0,320,01:22:30
2025-12-23 13:22:45,Push,Élévation latérale,Poulie vis-à-vis,Unilatéral,Normale,10,7,0,0,0,0,320,01:22:30
2025-12-24 09:08:07,Legs,Flexion jambes parallèles,Barre,Bilatéral,Normale,6,120,0,0,0,0,171,01:00:25
2025-12-24 09:08:07,Legs,Flexion jambes parallèles,Barre,Bilatéral,Normale,6,120,0,0,0,0,171,01:00:25
2025-12-24 09:08:07,Legs,Flexion jambes parallèles,Barre,Bilatéral,Normale,6,120,0,0,0,0,171,01:00:25
2025-12-24 09:08:07,Legs,Flexion jambes parallèles,Barre,Bilatéral,Normale,6,120,0,0,0,0,171,01:00:25
2025-12-24 09:08:07,Legs,Extension de jambes,Machine guidée à poulie,Bilatéral,Normale,12,93,0,0,0,0,171,01:00:25
2025-12-24 09:08:07,Legs,Extension de jambes,Machine guidée à poulie,Bilatéral,Normale,9,93,0,0,0,0,171,01:00:25
2025-12-24 09:08:07,Legs,Extension de jambes,Machine guidée à poulie,Bilatéral,Normale,11,86,0,0,0,0,171,01:00:25
2025-12-24 09:08:07,Legs,Flexion de jambes assis,Machine guidée à poulie,Bilatéral,Normale,10,73,0,0,0,0,171,01:00:25
2025-12-24 09:08:07,Legs,Flexion de jambes assis,Machine guidée à poulie,Bilatéral,Normale,9,73,0,0,0,0,171,01:00:25
2025-12-24 09:08:07,Legs,Flexion de jambes assis,Machine guidée à poulie,Bilatéral,Échec,7,66,0,0,0,0,171,01:00:25
2025-12-27 10:03:29,Pull,Tirage vertical prise large,Poulie vis-à-vis,Bilatéral,Normale,10,86,0,0,0,0,300,01:23:14
2025-12-27 10:03:29,Pull,Tirage vertical prise large,Poulie vis-à-vis,Bilatéral,Normale,9,86,0,0,0,0,300,01:23:14
2025-12-27 10:03:29,Pull,Tirage vertical prise large,Poulie vis-à-vis,Bilatéral,Normale,7,86,0,0,0,0,300,01:23:14
2025-12-27 10:03:29,Pull,Tirage vertical prise serrée,Poulie vis-à-vis,Bilatéral,Normale,14,66,0,0,0,0,300,01:23:14
2025-12-27 10:03:29,Pull,Tirage vertical prise serrée,Poulie vis-à-vis,Bilatéral,Normale,13,66,0,0,0,0,300,01:23:14
2025-12-27 10:03:29,Pull,Tirage horizontal assis prise serrée,Poulie vis-à-vis,Bilatéral,Normale,12,66,0,0,0,0,300,01:23:14
2025-12-27 10:03:29,Pull,Tirage horizontal assis prise serrée,Poulie vis-à-vis,Bilatéral,Normale,11,66,0,0,0,0,300,01:23:14
2025-12-27 10:03:29,Pull,Tirage horizontal assis prise serrée,Poulie vis-à-vis,Bilatéral,Normale,11,66,0,0,0,0,300,01:23:14
2025-12-27 10:03:29,Pull,Tirage horizontal assis prise serrée,Poulie vis-à-vis,Bilatéral,Normale,10,66,0,0,0,0,300,01:23:14
2025-12-27 10:03:29,Pull,Curl pupitre,Barre,Bilatéral,Normale,12,29.5,0,0,0,0,300,01:23:14
2025-12-27 10:03:29,Pull,Curl pupitre,Barre,Bilatéral,Normale,12,29.5,0,0,0,0,300,01:23:14
2025-12-27 10:03:29,Pull,Curl pupitre,Barre,Bilatéral,Normale,12,29.5,0,0,0,0,300,01:23:14
2025-12-27 10:03:29,Pull,Curl pupitre,Barre,Bilatéral,Normale,12,29.5,0,0,0,0,300,01:23:14
2025-12-27 10:03:29,Pull,Curl marteau,Poulie vis-à-vis,Bilatéral,Normale,12,20.5,0,0,0,0,300,01:23:14
2025-12-27 10:03:29,Pull,Curl marteau,Poulie vis-à-vis,Bilatéral,Normale,10,20.5,0,0,0,0,300,01:23:14
2025-12-27 10:03:29,Pull,Curl marteau,Poulie vis-à-vis,Bilatéral,Normale,11,20.5,0,0,0,0,300,01:23:14
2025-12-28 20:18:17,Lower B,Flexion jambes parallèles,Barre,Bilatéral,Normale,18,100,0,0,0,0,193,01:10:51
2025-12-28 20:18:17,Lower B,Flexion jambes parallèles,Barre,Bilatéral,Normale,15,100,0,0,0,0,193,01:10:51
2025-12-28 20:18:17,Lower B,Flexion jambes parallèles,Barre,Bilatéral,Dégressive,8,100,0,0,0,0,193,01:10:51
2025-12-28 20:18:17,Lower B,Fente bulgare,Haltères,Unilatéral,Normale,10,22,0,0,0,0,193,01:10:51
2025-12-28 20:18:17,Lower B,Fente bulgare,Haltères,Unilatéral,Normale,12,22,0,0,0,0,193,01:10:51
2025-12-28 20:18:17,Lower B,Extension de mollet assis,Machine guidée à poulie,Bilatéral,Normale,18,40,0,0,0,0,193,01:10:51
2025-12-28 20:18:17,Lower B,Extension de mollet assis,Machine guidée à poulie,Bilatéral,Normale,18,40,0,0,0,0,193,01:10:51
2025-12-28 20:18:17,Lower B,Extension de mollet assis,Machine guidée à poulie,Bilatéral,Normale,15,40,0,0,0,0,193,01:10:51
2025-12-28 20:18:17,Lower B,Extension de mollet assis,Machine guidée à poulie,Bilatéral,Normale,18,40,0,0,0,0,193,01:10:51
2025-12-28 20:18:17,Lower B,Extension de mollet assis,Machine guidée à poulie,Bilatéral,Normale,18,40,0,0,0,0,193,01:10:51
2025-12-29 10:00:42,Upper B,Extension de bras poulie haute,Poulie vis-à-vis,Bilatéral,Normale,10,38.5,0,0,0,0,333,01:26:51
2025-12-29 10:00:42,Upper B,Extension de bras poulie haute,Poulie vis-à-vis,Bilatéral,Normale,9,38.5,0,0,0,0,333,01:26:51
2025-12-29 10:00:42,Upper B,Extension de bras poulie haute,Poulie vis-à-vis,Bilatéral,Normale,10,38.5,0,0,0,0,333,01:26:51
2025-12-29 10:00:42,Upper B,Extension de bras poulie haute,Poulie vis-à-vis,Bilatéral,Normale,10,38.5,0,0,0,0,333,01:26:51
2025-12-29 10:00:42,Upper B,Curl biceps supination,Poulie vis-à-vis,Bilatéral,Normale,10,32,0,0,0,0,333,01:26:51
2025-12-29 10:00:42,Upper B,Curl biceps supination,Poulie vis-à-vis,Bilatéral,Normale,12,32,0,0,0,0,333,01:26:51
2025-12-29 10:00:42,Upper B,Curl biceps supination,Poulie vis-à-vis,Bilatéral,Normale,10,32,0,0,0,0,333,01:26:51
2025-12-29 10:00:42,Upper B,Curl biceps supination,Poulie vis-à-vis,Bilatéral,Normale,10,32,0,0,0,0,333,01:26:51
2025-12-29 10:00:42,Upper B,Développé militaire,Barre,Bilatéral,Normale,7,55,0,0,0,0,333,01:26:51
2025-12-29 10:00:42,Upper B,Développé militaire,Barre,Bilatéral,Normale,8,55,0,0,0,0,333,01:26:51
2025-12-29 10:00:42,Upper B,Développé militaire,Barre,Bilatéral,Normale,7,55,0,0,0,0,333,01:26:51
2025-12-29 10:00:42,Upper B,Traction prise large,Disque,Bilatéral,Normale,12,10,0,0,0,0,333,01:26:51
2025-12-29 10:00:42,Upper B,Traction prise large,Disque,Bilatéral,Normale,10,10,0,0,0,0,333,01:26:51
2025-12-29 10:00:42,Upper B,Traction prise large,Disque,Bilatéral,Normale,7,10,0,0,0,0,333,01:26:51
2025-12-29 10:00:42,Upper B,Traction prise large,Disque,Bilatéral,Normale,9,0,0,0,0,0,333,01:26:51
2025-12-29 10:00:42,Upper B,Traction prise supination,Poids du corps,Bilatéral,Dégressive,6,0,0,0,0,0,333,01:26:51
2025-12-29 10:00:42,Upper B,Traction prise supination,Poids du corps,Bilatéral,Normale,12,0,0,0,0,0,333,01:26:51
2025-12-29 10:00:42,Upper B,Dips prise serrée,Poids du corps,Bilatéral,Normale,10,10,0,0,0,0,333,01:26:51
2025-12-29 10:00:42,Upper B,Dips prise serrée,Poids du corps,Bilatéral,Normale,10,10,0,0,0,0,333,01:26:51
2025-12-29 10:00:42,Upper B,Dips prise serrée,Poids du corps,Bilatéral,Normale,6,10,0,0,0,0,333,01:26:51
2025-12-30 12:12:00,Push,Développé incliné,Barre,Bilatéral,Normale,9,80,0,0,0,0,297,01:21:13
2025-12-30 12:12:00,Push,Développé incliné,Barre,Bilatéral,Normale,9,80,0,0,0,0,297,01:21:13
2025-12-30 12:12:00,Push,Développé incliné,Barre,Bilatéral,Normale,6,80,0,0,0,0,297,01:21:13
2025-12-30 12:12:00,Push,Développé incliné,Barre,Bilatéral,Normale,19,60,0,0,0,0,297,01:21:13
2025-12-30 12:12:00,Push,Extension de bras poulie haute,Poulie vis-à-vis,Bilatéral,Normale,20,29.5,0,0,0,0,297,01:21:13
2025-12-30 12:12:00,Push,Extension de bras poulie haute,Poulie vis-à-vis,Bilatéral,Normale,20,29.5,0,0,0,0,297,01:21:13
2025-12-30 12:12:00,Push,Extension de bras poulie haute,Poulie vis-à-vis,Bilatéral,Normale,17,29.5,0,0,0,0,297,01:21:13
2025-12-30 12:12:00,Push,Extension verticale,Poulie vis-à-vis,Bilatéral,Normale,21,18,0,0,0,0,297,01:21:13
2025-12-30 12:12:00,Push,Extension verticale,Poulie vis-à-vis,Bilatéral,Normale,18,18,0,0,0,0,297,01:21:13
2025-12-30 12:12:00,Push,Extension verticale,Poulie vis-à-vis,Bilatéral,Normale,19,18,0,0,0,0,297,01:21:13
2025-12-30 12:12:00,Push,Développé militaire,Barre,Bilatéral,Normale,4,55,0,0,0,0,297,01:21:13
2025-12-30 12:12:00,Push,Élévation latérale,Poulie vis-à-vis,Unilatéral,Normale,12,7,0,0,0,0,297,01:21:13
2025-12-30 12:12:00,Push,Élévation latérale,Poulie vis-à-vis,Unilatéral,Normale,12,7,0,0,0,0,297,01:21:13
2025-12-30 12:12:00,Push,Élévation latérale,Poulie vis-à-vis,Unilatéral,Normale,12,7,0,0,0,0,297,01:21:13
2025-12-30 12:12:00,Push,Élévation latérale,Poulie vis-à-vis,Unilatéral,Normale,12,7,0,0,0,0,297,01:21:13