Date;Entraînement;Exercise;Equipement;Exécution;Type de Set;Reps;Charge;Durée;Distance;csv.headers.steps;RPE;Calories Brûlées;Durée de l'Entraînement
2026-01-02 11:37:07;Legs;Flexion jambes parallèles;Barre;Bilatéral;Normale;12;120;0;0;0;0;228;01:19:49
2026-01-02 11:37:07;Legs;Flexion jambes parallèles;Barre;Bilatéral;Normale;12;120;0;0;0;0;228;01:19:49
2026-01-02 11:37:07;Legs;Flexion jambes parallèles;Barre;Bilatéral;Normale;12;120;0;0;0;0;228;01:19:49
2026-01-02 11:37:07;Legs;Flexion jambes parallèles;Barre;Bilatéral;Normale;10;120;0;0;0;0;228;01:19:49
2026-01-02 11:37:07;Legs;Extension de mollet assis;Machine guidée à poulie;Bilatéral;Normale;15;20;0;0;0;0;228;01:19:49
2026-01-02 11:37:07;Legs;Extension de mollet assis;Machine guidée à poulie;Bilatéral;Normale;15;20;0;0;0;0;228;01:19:49
2026-01-02 11:37:07;Legs;Extension de mollet assis;Machine guidée à poulie;Bilatéral;Normale;15;20;0;0;0;0;228;01:19:49
2026-01-02 11:37:07;Legs;Extension de mollet assis;Machine guidée à poulie;Bilatéral;Normale;15;20;0;0;0;0;228;01:19:49
2026-01-02 11:37:07;Legs;Extension de mollet assis;Machine guidée à poulie;Bilatéral;Normale;18;20;0;0;0;0;228;01:19:49
2026-01-02 11:37:07;Legs;Curl biceps supination;Barre;Bilatéral;Normale;15;30;0;0;0;0;228;01:19:49
2026-01-02 11:37:07;Legs;Curl biceps supination;Barre;Bilatéral;Normale;15;30;0;0;0;0;228;01:19:49
2026-01-02 11:37:07;Legs;Curl biceps supination;Barre;Bilatéral;Normale;15;30;0;0;0;0;228;01:19:49
2026-01-02 11:37:07;Legs;Curl biceps supination;Barre;Bilatéral;Normale;15;30;0;0;0;0;228;01:19:49
2026-01-03 10:20:27;Pull;Tirage vertical prise large;Poulie vis-à-vis;Bilatéral;Normale;11;86;0;0;0;0;276;01:18:47
2026-01-03 10:20:27;Pull;Tirage vertical prise large;Poulie vis-à-vis;Bilatéral;Normale;9;86;0;0;0;0;276;01:18:47
2026-01-03 10:20:27;Pull;Tirage vertical prise large;Poulie vis-à-vis;Bilatéral;Normale;9;86;0;0;0;0;276;01:18:47
2026-01-03 10:20:27;Pull;Tirage vertical prise serrée;Poulie vis-à-vis;Bilatéral;Normale;12;73;0;0;0;0;276;01:18:47
2026-01-03 10:20:27;Pull;Tirage vertical prise serrée;Poulie vis-à-vis;Bilatéral;Normale;12;73;0;0;0;0;276;01:18:47
2026-01-03 10:20:27;Pull;Tirage horizontal assis prise serrée;Poulie vis-à-vis;Bilatéral;Normale;10;73;0;0;0;0;276;01:18:47
2026-01-03 10:20:27;Pull;Tirage horizontal assis prise serrée;Poulie vis-à-vis;Bilatéral;Normale;12;66;0;0;0;0;276;01:18:47
2026-01-03 10:20:27;Pull;Tirage horizontal assis prise serrée;Poulie vis-à-vis;Bilatéral;Normale;9;66;0;0;0;0;276;01:18:47
2026-01-03 10:20:27;Pull;Tirage horizontal assis prise serrée;Poulie vis-à-vis;Bilatéral;Normale;12;66;0;0;0;0;276;01:18:47
2026-01-03 10:20:27;Pull;Curl biceps supination;Barre;Bilatéral;Normale;12;30;0;0;0;0;276;01:18:47
2026-01-03 10:20:27;Pull;Curl biceps supination;Barre;Bilatéral;Normale;13;30;0;0;0;0;276;01:18:47
2026-01-03 10:20:27;Pull;Curl biceps supination;Barre;Bilatéral;Normale;13;30;0;0;0;0;276;01:18:47
2026-01-03 10:20:27;Pull;Curl marteau;Poulie vis-à-vis;Bilatéral;Normale;12;20.5;0;0;0;0;276;01:18:47
2026-01-03 10:20:27;Pull;Curl marteau;Poulie vis-à-vis;Bilatéral;Normale;12;20.5;0;0;0;0;276;01:18:47
2026-01-03 10:20:27;Pull;Curl marteau;Poulie vis-à-vis;Bilatéral;Normale;12;20.5;0;0;0;0;276;01:18:47
2026-01-04 16:16:27;Nouvel Entraînement;Flexion de jambes assis;Machine guidée à poulie;Bilatéral;Normale;10;73;0;0;0;0;242;01:16:52
2026-01-04 16:16:27;Nouvel Entraînement;Flexion de jambes assis;Machine guidée à poulie;Bilatéral;Normale;10;73;0;0;0;0;242;01:16:52
2026-01-04 16:16:27;Nouvel Entraînement;Flexion de jambes assis;Machine guidée à poulie;Bilatéral;Échec;7;66;0;0;0;0;242;01:16:52
2026-01-04 16:16:27;Nouvel Entraînement;Développé incliné;Barre;Bilatéral;Normale;8;80;0;0;0;0;242;01:16:52
2026-01-04 16:16:27;Nouvel Entraînement;Développé incliné;Barre;Bilatéral;Normale;8;80;0;0;0;0;242;01:16:52
2026-01-04 16:16:27;Nouvel Entraînement;Développé incliné;Barre;Bilatéral;Normale;8;80;0;0;0;0;242;01:16:52
2026-01-04 16:16:27;Nouvel Entraînement;Développé incliné;Barre;Bilatéral;Normale;8;80;0;0;0;0;242;01:16:52
2026-01-04 16:16:27;Nouvel Entraînement;Développé couché;Machine guidée à levier;Bilatéral;Normale;10;80;0;0;0;0;242;01:16:52
2026-01-04 16:16:27;Nouvel Entraînement;Développé couché;Machine guidée à levier;Bilatéral;Normale;10;80;0;0;0;0;242;01:16:52
2026-01-04 16:16:27;Nouvel Entraînement;Développé couché;Machine guidée à levier;Bilatéral;Normale;9;80;0;0;0;0;242;01:16:52
2026-01-04 16:16:27;Nouvel Entraînement;Tirage horizontal prise large;Barre;Bilatéral;Normale;14;60;0;0;0;0;242;01:16:52
2026-01-04 16:16:27;Nouvel Entraînement;Tirage horizontal prise large;Barre;Bilatéral;Normale;12;60;0;0;0;0;242;01:16:52
2026-01-04 16:16:27;Nouvel Entraînement;Tirage horizontal prise large;Barre;Bilatéral;Normale;12;60;0;0;0;0;242;01:16:52
2026-01-04 16:16:27;Nouvel Entraînement;Tirage horizontal prise large;Barre;Bilatéral;Normale;11;60;0;0;0;0;242;01:16:52
2026-01-05 10:28:35;Calisthenie 1;Muscle Up;Poids du corps;Bilatéral;Normale;1;0;0;0;0;0;370;01:43:16
2026-01-05 10:28:35;Calisthenie 1;Muscle Up;Poids du corps;Bilatéral;Normale;1;0;0;0;0;0;370;01:43:16
2026-01-05 10:28:35;Calisthenie 1;Muscle Up;Poids du corps;Bilatéral;Normale;1;-25;0;0;0;0;370;01:43:16
2026-01-05 10:28:35;Calisthenie 1;Muscle Up;Poids du corps;Bilatéral;Normale;2;-25;0;0;0;0;370;01:43:16
2026-01-05 10:28:35;Calisthenie 1;Muscle Up;Poids du corps;Bilatéral;Normale;2;-25;0;0;0;0;370;01:43:16
2026-01-05 10:28:35;Calisthenie 1;Explosive Pull Ups;Poids du corps;Bilatéral;Normale;3;0;0;0;0;0;370;01:43:16
2026-01-05 10:28:35;Calisthenie 1;Explosive Pull Ups;Poids du corps;Bilatéral;Normale;3;0;0;0;0;0;370;01:43:16
2026-01-05 10:28:35;Calisthenie 1;Explosive Pull Ups;Poids du corps;Bilatéral;Normale;3;0;0;0;0;0;370;01:43:16
2026-01-05 10:28:35;Calisthenie 1;Explosive Pull Ups;Poids du corps;Bilatéral;Normale;4;0;0;0;0;0;370;01:43:16
2026-01-05 10:28:35;Calisthenie 1;Dips prise serrée;Poids du corps;Bilatéral;Normale;5;15;0;0;0;0;370;01:43:16
2026-01-05 10:28:35;Calisthenie 1;Dips prise serrée;Poids du corps;Bilatéral;Normale;5;15;0;0;0;0;370;01:43:16
2026-01-05 10:28:35;Calisthenie 1;Dips prise serrée;Poids du corps;Bilatéral;Normale;5;15;0;0;0;0;370;01:43:16
2026-01-05 10:28:35;Calisthenie 1;Muscle Up;Poids du corps;Bilatéral;Dégressive;2;0;0;0;0;0;370;01:43:16
2026-01-05 10:28:35;Calisthenie 1;Muscle Up;Poids du corps;Bilatéral;Normale;1;0;0;0;0;0;370;01:43:16
2026-01-05 10:28:35;Calisthenie 1;Wall Handstand;Poids du corps;Bilatéral;Normale;0;0;0;0;0;0;370;01:43:16
2026-01-05 10:28:35;Calisthenie 1;Wall Handstand;Poids du corps;Bilatéral;Normale;0;0;0;0;0;0;370;01:43:16
2026-01-05 10:28:35;Calisthenie 1;Wall Handstand;Poids du corps;Bilatéral;Normale;0;0;0;0;0;0;370;01:43:16
2026-01-05 10:28:35;Calisthenie 1;Wall Handstand;Poids du corps;Bilatéral;Normale;0;0;0;0;0;0;370;01:43:16
2026-01-05 10:28:35;Calisthenie 1;Développé épaule poids du corps;Poids du corps;Bilatéral;Normale;10;0;0;0;0;0;370;01:43:16
2026-01-05 10:28:35;Calisthenie 1;Développé épaule poids du corps;Poids du corps;Bilatéral;Normale;10;0;0;0;0;0;370;01:43:16
2026-01-05 10:28:35;Calisthenie 1;Développé épaule poids du corps;Poids du corps;Bilatéral;Normale;10;0;0;0;0;0;370;01:43:16
2026-01-05 10:28:35;Calisthenie 1;Pompe;Poids du corps;Bilatéral;Dégressive;8;0;0;0;0;0;370;01:43:16
2026-01-05 10:28:35;Calisthenie 1;Pompe;Poids du corps;Bilatéral;Dégressive;8;0;0;0;0;0;370;01:43:16
2026-01-10 10:41:53;Calisthenie 2;Muscle Up;Poids du corps;Bilatéral;Normale;2;0;0;0;0;0;284;01:18:14
2026-01-10 10:41:53;Calisthenie 2;Muscle Up;Poids du corps;Bilatéral;Normale;1;0;0;0;0;0;284;01:18:14
2026-01-10 10:41:53;Calisthenie 2;Muscle Up;Poids du corps;Bilatéral;Normale;1;0;0;0;0;0;284;01:18:14
2026-01-10 10:41:53;Calisthenie 2;Muscle Up;Poids du corps;Bilatéral;Normale;3;0;0;0;0;0;284;01:18:14
2026-01-10 10:41:53;Calisthenie 2;Muscle Up;Poids du corps;Bilatéral;Normale;2;0;0;0;0;0;284;01:18:14
2026-01-10 10:41:53;Calisthenie 2;Explosive Pull Ups;Poids du corps;Bilatéral;Normale;4;0;0;0;0;0;284;01:18:14
2026-01-10 10:41:53;Calisthenie 2;Explosive Pull Ups;Poids du corps;Bilatéral;Normale;4;0;0;0;0;0;284;01:18:14
2026-01-10 10:41:53;Calisthenie 2;Explosive Pull Ups;Poids du corps;Bilatéral;Normale;4;0;0;0;0;0;284;01:18:14
2026-01-10 10:41:53;Calisthenie 2;Explosive Pull Ups;Poids du corps;Bilatéral;Normale;4;0;0;0;0;0;284;01:18:14
2026-01-10 10:41:53;Calisthenie 2;Dips prise serrée;Poids du corps;Bilatéral;Normale;5;15;0;0;0;0;284;01:18:14
2026-01-10 10:41:53;Calisthenie 2;Dips prise serrée;Poids du corps;Bilatéral;Normale;5;15;0;0;0;0;284;01:18:14
2026-01-10 10:41:53;Calisthenie 2;Dips prise serrée;Poids du corps;Bilatéral;Normale;5;15;0;0;0;0;284;01:18:14
2026-01-10 10:41:53;Calisthenie 2;Muscle Up;Poids du corps;Bilatéral;Normale;4;-25;0;0;0;0;284;01:18:14
2026-01-10 10:41:53;Calisthenie 2;Muscle Up;Poids du corps;Bilatéral;Normale;2;-25;0;0;0;0;284;01:18:14
2026-01-10 10:41:53;Calisthenie 2;Wall Handstand;Poids du corps;Bilatéral;Normale;0;0;0;0;0;0;284;01:18:14
2026-01-10 10:41:53;Calisthenie 2;Wall Handstand;Poids du corps;Bilatéral;Normale;0;0;0;0;0;0;284;01:18:14
2026-01-10 10:41:53;Calisthenie 2;Pompe;Poids du corps;Bilatéral;Dégressive;8;0;0;0;0;0;284;01:18:14
2026-01-12 10:37:24;ACC - Squat;Flexion jambes parallèles;Barre;Bilatéral;Normale;6;130;0;0;0;0;286;01:51:52
2026-01-12 10:37:24;ACC - Squat;Flexion jambes parallèles;Barre;Bilatéral;Normale;6;130;0;0;0;0;286;01:51:52
2026-01-12 10:37:24;ACC - Squat;Flexion jambes parallèles;Barre;Bilatéral;Normale;6;125;0;0;0;0;286;01:51:52
2026-01-12 10:37:24;ACC - Squat;Flexion jambes parallèles;Barre;Bilatéral;Normale;6;125;0;0;0;0;286;01:51:52
2026-01-12 10:37:24;ACC - Squat;Pause Squat;Barre;Bilatéral;Normale;5;115;0;0;0;0;286;01:51:52
2026-01-12 10:37:24;ACC - Squat;Pause Squat;Barre;Bilatéral;Normale;5;115;0;0;0;0;286;01:51:52
2026-01-12 10:37:24;ACC - Squat;Pause Squat;Barre;Bilatéral;Normale;5;115;0;0;0;0;286;01:51:52
2026-01-12 10:37:24;ACC - Squat;Flexion de jambes assis;Machine guidée à poulie;Bilatéral;Normale;12;59;0;0;0;0;286;01:51:52
2026-01-12 10:37:24;ACC - Squat;Flexion de jambes assis;Machine guidée à poulie;Bilatéral;Normale;12;59;0;0;0;0;286;01:51:52
2026-01-12 10:37:24;ACC - Squat;Flexion de jambes assis;Machine guidée à poulie;Bilatéral;Normale;12;59;0;0;0;0;286;01:51:52
2026-01-12 10:37:24;ACC - Squat;Soulevé de bassin dos surélevé;Machine guidée à levier;Unilatéral;Normale;10;62.5;0;0;0;0;286;01:51:52
2026-01-12 10:37:24;ACC - Squat;Soulevé de bassin dos surélevé;Machine guidée à levier;Unilatéral;Normale;11;62.5;0;0;0;0;286;01:51:52
2026-01-12 10:37:24;ACC - Squat;Soulevé de bassin dos surélevé;Machine guidée à levier;Unilatéral;Normale;10;62.5;0;0;0;0;286;01:51:52
2026-01-12 10:37:24;ACC - Squat;Relevé de buste au sol;Poids du corps;Bilatéral;Normale;10;10;0;0;0;0;286;01:51:52
2026-01-12 10:37:24;ACC - Squat;Relevé de buste au sol;Poids du corps;Bilatéral;Normale;10;12;0;0;0;0;286;01:51:52
2026-01-12 10:37:24;ACC - Squat;Relevé de buste au sol;Poids du corps;Bilatéral;Normale;10;12;0;0;0;0;286;01:51:52
2026-01-15 14:19:53;ACC - Incline Bench;Développé incliné;Barre;Bilatéral;Normale;8;75;0;0;0;0;293;01:20:57
2026-01-15 14:19:53;ACC - Incline Bench;Développé incliné;Barre;Bilatéral;Normale;8;75;0;0;0;0;293;01:20:57
2026-01-15 14:19:53;ACC - Incline Bench;Développé incliné;Barre;Bilatéral;Normale;8;75;0;0;0;0;293;01:20:57
2026-01-15 14:19:53;ACC - Incline Bench;Développé incliné;Barre;Bilatéral;Normale;8;75;0;0;0;0;293;01:20:57
2026-01-15 14:19:53;ACC - Incline Bench;Développé militaire;Barre;Bilatéral;Normale;8;45;0;0;0;0;293;01:20:57
2026-01-15 14:19:53;ACC - Incline Bench;Développé militaire;Barre;Bilatéral;Normale;8;45;0;0;0;0;293;01:20:57
2026-01-15 14:19:53;ACC - Incline Bench;Développé militaire;Barre;Bilatéral;Normale;8;45;0;0;0;0;293;01:20:57
2026-01-15 14:19:53;ACC - Incline Bench;Développé incliné;Haltères;Bilatéral;Normale;10;30;0;0;0;0;293;01:20:57
2026-01-15 14:19:53;ACC - Incline Bench;Développé incliné;Haltères;Bilatéral;Normale;10;30;0;0;0;0;293;01:20:57
2026-01-15 14:19:53;ACC - Incline Bench;Développé incliné;Haltères;Bilatéral;Normale;8;30;0;0;0;0;293;01:20:57
2026-01-15 14:19:53;ACC - Incline Bench;Tirage horizontal prise large;Barre;Bilatéral;Normale;10;60;0;0;0;0;293;01:20:57
2026-01-15 14:19:53;ACC - Incline Bench;Tirage horizontal prise large;Barre;Bilatéral;Normale;10;60;0;0;0;0;293;01:20:57
2026-01-15 14:19:53;ACC - Incline Bench;Tirage horizontal prise large;Barre;Bilatéral;Normale;10;60;0;0;0;0;293;01:20:57
2026-01-15 14:19:53;ACC - Incline Bench;Tirage horizontal prise large;Barre;Bilatéral;Normale;10;60;0;0;0;0;293;01:20:57
2026-01-15 14:19:53;ACC - Incline Bench;Dips prise serrée;Poids du corps;Bilatéral;Normale;10;0;0;0;0;0;293;01:20:57
2026-01-15 14:19:53;ACC - Incline Bench;Dips prise serrée;Poids du corps;Bilatéral;Normale;10;0;0;0;0;0;293;01:20:57
2026-01-15 14:19:53;ACC - Incline Bench;Dips prise serrée;Poids du corps;Bilatéral;Normale;8;0;0;0;0;0;293;01:20:57
2026-01-17 10:00:18;ACC - Deadlift;Soulevé de terre;Barre;Bilatéral;Normale;5;130;0;0;0;0;237;01:59:31
2026-01-17 10:00:18;ACC - Deadlift;Soulevé de terre;Barre;Bilatéral;Normale;5;130;0;0;0;0;237;01:59:31
2026-01-17 10:00:18;ACC - Deadlift;Soulevé de terre;Barre;Bilatéral;Normale;5;130;0;0;0;0;237;01:59:31
2026-01-17 10:00:18;ACC - Deadlift;Soulevé de terre;Barre;Bilatéral;Normale;5;130;0;0;0;0;237;01:59:31
2026-01-17 10:00:18;ACC - Deadlift;Deficit Deadlift;Barre;Bilatéral;Normale;6;115;0;0;0;0;237;01:59:31
2026-01-17 10:00:18;ACC - Deadlift;Deficit Deadlift;Barre;Bilatéral;Normale;6;115;0;0;0;0;237;01:59:31
2026-01-17 10:00:18;ACC - Deadlift;Deficit Deadlift;Barre;Bilatéral;Normale;6;115;0;0;0;0;237;01:59:31
2026-01-17 10:00:18;ACC - Deadlift;Soulevé de terre roumain;Barre;Bilatéral;Normale;10;80;0;0;0;0;237;01:59:31
2026-01-17 10:00:18;ACC - Deadlift;Soulevé de terre roumain;Barre;Bilatéral;Normale;10;80;0;0;0;0;237;01:59:31
2026-01-17 10:00:18;ACC - Deadlift;Soulevé de terre roumain;Barre;Bilatéral;Normale;10;80;0;0;0;0;237;01:59:31
2026-01-17 10:00:18;ACC - Deadlift;Tirage horizontal assis prise serrée;Machine guidée à poulie;Bilatéral;Normale;12;59;0;0;0;0;237;01:59:31
2026-01-17 10:00:18;ACC - Deadlift;Tirage horizontal assis prise serrée;Machine guidée à poulie;Bilatéral;Normale;12;59;0;0;0;0;237;01:59:31
2026-01-17 10:00:18;ACC - Deadlift;Tirage horizontal assis prise serrée;Machine guidée à poulie;Bilatéral;Normale;12;59;0;0;0;0;237;01:59:31
2026-01-17 10:00:18;ACC - Deadlift;Tirage horizontal assis prise serrée;Machine guidée à poulie;Bilatéral;Normale;12;59;0;0;0;0;237;01:59:31
2026-01-19 13:54:21;ACC - Incline Bench;Développé incliné;Barre;Bilatéral;Normale;8;75;0;0;0;0;294;01:21:27
2026-01-19 13:54:21;ACC - Incline Bench;Développé incliné;Barre;Bilatéral;Normale;8;75;0;0;0;0;294;01:21:27
2026-01-19 13:54:21;ACC - Incline Bench;Développé incliné;Barre;Bilatéral;Normale;8;75;0;0;0;0;294;01:21:27
2026-01-19 13:54:21;ACC - Incline Bench;Développé incliné;Barre;Bilatéral;Normale;8;75;0;0;0;0;294;01:21:27
2026-01-19 13:54:21;ACC - Incline Bench;Développé militaire;Barre;Bilatéral;Normale;8;45;0;0;0;0;294;01:21:27
2026-01-19 13:54:21;ACC - Incline Bench;Développé militaire;Barre;Bilatéral;Normale;8;45;0;0;0;0;294;01:21:27
2026-01-19 13:54:21;ACC - Incline Bench;Développé militaire;Barre;Bilatéral;Normale;8;45;0;0;0;0;294;01:21:27
2026-01-19 13:54:21;ACC - Incline Bench;Développé incliné;Haltères;Bilatéral;Normale;10;30;0;0;0;0;294;01:21:27
2026-01-19 13:54:21;ACC - Incline Bench;Développé incliné;Haltères;Bilatéral;Normale;10;30;0;0;0;0;294;01:21:27
2026-01-19 13:54:21;ACC - Incline Bench;Développé incliné;Haltères;Bilatéral;Normale;10;30;0;0;0;0;294;01:21:27
2026-01-19 13:54:21;ACC - Incline Bench;Tirage horizontal prise large;Barre;Bilatéral;Normale;10;60;0;0;0;0;294;01:21:27
2026-01-19 13:54:21;ACC - Incline Bench;Tirage horizontal prise large;Barre;Bilatéral;Normale;10;60;0;0;0;0;294;01:21:27
2026-01-19 13:54:21;ACC - Incline Bench;Tirage horizontal prise large;Barre;Bilatéral;Normale;10;60;0;0;0;0;294;01:21:27
2026-01-19 13:54:21;ACC - Incline Bench;Tirage horizontal prise large;Barre;Bilatéral;Normale;10;60;0;0;0;0;294;01:21:27
2026-01-19 13:54:21;ACC - Incline Bench;Dips prise serrée;Poids du corps;Bilatéral;Normale;10;0;0;0;0;0;294;01:21:27
2026-01-19 13:54:21;ACC - Incline Bench;Dips prise serrée;Poids du corps;Bilatéral;Normale;10;0;0;0;0;0;294;01:21:27
2026-01-19 13:54:21;ACC - Incline Bench;Dips prise serrée;Poids du corps;Bilatéral;Normale;10;0;0;0;0;0;294;01:21:27
2026-01-22 12:18:14;ACC - Squat;Flexion jambes parallèles;Barre;Bilatéral;Normale;6;120;0;0;0;0;285;02:09:55
2026-01-22 12:18:14;ACC - Squat;Flexion jambes parallèles;Barre;Bilatéral;Normale;6;120;0;0;0;0;285;02:09:55
2026-01-22 12:18:14;ACC - Squat;Flexion jambes parallèles;Barre;Bilatéral;Normale;6;120;0;0;0;0;285;02:09:55
2026-01-22 12:18:14;ACC - Squat;Flexion jambes parallèles;Barre;Bilatéral;Normale;6;120;0;0;0;0;285;02:09:55
2026-01-22 12:18:14;ACC - Squat;Pause Squat;Barre;Bilatéral;Normale;5;115;0;0;0;0;285;02:09:55
2026-01-22 12:18:14;ACC - Squat;Pause Squat;Barre;Bilatéral;Normale;5;115;0;0;0;0;285;02:09:55
2026-01-22 12:18:14;ACC - Squat;Pause Squat;Barre;Bilatéral;Normale;5;115;0;0;0;0;285;02:09:55
2026-01-22 12:18:14;ACC - Squat;Soulevé de bassin dos surélevé;Machine guidée à levier;Unilatéral;Normale;10;62.5;0;0;0;0;285;02:09:55
2026-01-22 12:18:14;ACC - Squat;Soulevé de bassin dos surélevé;Machine guidée à levier;Unilatéral;Normale;10;62.5;0;0;0;0;285;02:09:55
2026-01-22 12:18:14;ACC - Squat;Soulevé de bassin dos surélevé;Machine guidée à levier;Unilatéral;Normale;10;62.5;0;0;0;0;285;02:09:55
2026-01-22 12:18:14;ACC - Squat;Flexion de jambes assis;Machine guidée à poulie;Bilatéral;Normale;12;59;0;0;0;0;285;02:09:55
2026-01-22 12:18:14;ACC - Squat;Flexion de jambes assis;Machine guidée à poulie;Bilatéral;Normale;12;59;0;0;0;0;285;02:09:55
2026-01-22 12:18:14;ACC - Squat;Flexion de jambes assis;Machine guidée à poulie;Bilatéral;Normale;12;59;0;0;0;0;285;02:09:55
2026-01-22 12:18:14;ACC - Squat;Relevé de buste au sol;Poids du corps;Bilatéral;Normale;10;15;0;0;0;0;285;02:09:55
2026-01-22 12:18:14;ACC - Squat;Relevé de buste au sol;Poids du corps;Bilatéral;Normale;10;15;0;0;0;0;285;02:09:55
2026-01-22 12:18:14;ACC - Squat;Relevé de buste au sol;Poids du corps;Bilatéral;Normale;10;15;0;0;0;0;285;02:09:55
2026-01-23 08:44:04;ACC - Deadlift;Soulevé de terre;Barre;Bilatéral;Normale;5;130;0;0;0;0;237;01:34:28
2026-01-23 08:44:04;ACC - Deadlift;Soulevé de terre;Barre;Bilatéral;Normale;5;130;0;0;0;0;237;01:34:28
2026-01-23 08:44:04;ACC - Deadlift;Soulevé de terre;Barre;Bilatéral;Normale;5;130;0;0;0;0;237;01:34:28
2026-01-23 08:44:04;ACC - Deadlift;Soulevé de terre;Barre;Bilatéral;Normale;5;130;0;0;0;0;237;01:34:28
2026-01-23 08:44:04;ACC - Deadlift;Deficit Deadlift;Barre;Bilatéral;Normale;6;115;0;0;0;0;237;01:34:28
2026-01-23 08:44:04;ACC - Deadlift;Deficit Deadlift;Barre;Bilatéral;Normale;6;115;0;0;0;0;237;01:34:28
2026-01-23 08:44:04;ACC - Deadlift;Deficit Deadlift;Barre;Bilatéral;Normale;6;115;0;0;0;0;237;01:34:28
2026-01-23 08:44:04;ACC - Deadlift;Soulevé de terre roumain;Barre;Bilatéral;Normale;10;80;0;0;0;0;237;01:34:28
2026-01-23 08:44:04;ACC - Deadlift;Soulevé de terre roumain;Barre;Bilatéral;Normale;10;80;0;0;0;0;237;01:34:28
2026-01-23 08:44:04;ACC - Deadlift;Soulevé de terre roumain;Barre;Bilatéral;Normale;8;80;0;0;0;0;237;01:34:28
2026-01-23 08:44:04;ACC - Deadlift;Tirage horizontal assis prise serrée;Poulie vis-à-vis;Bilatéral;Normale;12;59;0;0;0;0;237;01:34:28
2026-01-23 08:44:04;ACC - Deadlift;Tirage horizontal assis prise serrée;Poulie vis-à-vis;Bilatéral;Normale;12;59;0;0;0;0;237;01:34:28
2026-01-23 08:44:04;ACC - Deadlift;Tirage horizontal assis prise serrée;Poulie vis-à-vis;Bilatéral;Normale;12;59;0;0;0;0;237;01:34:28
2026-01-23 08:44:04;ACC - Deadlift;Tirage horizontal assis prise serrée;Poulie vis-à-vis;Bilatéral;Normale;12;59;0;0;0;0;237;01:34:28
2026-01-28 09:07:21;Séance Bonus Pour Handicapé;Presse à cuisses;Machine guidée à levier;Bilatéral;Normale;10;195;0;0;0;0;238;01:55:24
2026-01-28 09:07:21;Séance Bonus Pour Handicapé;Presse à cuisses;Machine guidée à levier;Bilatéral;Normale;10;195;0;0;0;0;238;01:55:24
2026-01-28 09:07:21;Séance Bonus Pour Handicapé;Presse à cuisses;Machine guidée à levier;Bilatéral;Normale;10;195;0;0;0;0;238;01:55:24
2026-01-28 09:07:21;Séance Bonus Pour Handicapé;Presse à cuisses;Machine guidée à levier;Bilatéral;Normale;10;195;0;0;0;0;238;01:55:24
2026-01-28 09:07:21;Séance Bonus Pour Handicapé;Extension de mollet debout;Machine guidée à levier;Bilatéral;Normale;10;155;0;0;0;0;238;01:55:24
2026-01-28 09:07:21;Séance Bonus Pour Handicapé;Extension de mollet debout;Machine guidée à levier;Bilatéral;Normale;10;155;0;0;0;0;238;01:55:24
2026-01-28 09:07:21;Séance Bonus Pour Handicapé;Extension de mollet debout;Machine guidée à levier;Bilatéral;Normale;10;155;0;0;0;0;238;01:55:24
2026-01-28 09:07:21;Séance Bonus Pour Handicapé;Flexion de jambes assis;Machine guidée à poulie;Bilatéral;Normale;12;45;0;0;0;0;238;01:55:24
2026-01-28 09:07:21;Séance Bonus Pour Handicapé;Flexion de jambes assis;Machine guidée à poulie;Bilatéral;Normale;12;45;0;0;0;0;238;01:55:24
2026-01-28 09:07:21;Séance Bonus Pour Handicapé;Flexion de jambes assis;Machine guidée à poulie;Bilatéral;Normale;12;45;0;0;0;0;238;01:55:24
2026-01-28 09:07:21;Séance Bonus Pour Handicapé;Fente avec pied avant surélevé;Haltères;Unilatéral;Normale;10;14;0;0;0;0;238;01:55:24
2026-01-28 09:07:21;Séance Bonus Pour Handicapé;Fente avec pied avant surélevé;Haltères;Unilatéral;Normale;10;14;0;0;0;0;238;01:55:24
2026-01-28 09:07:21;Séance Bonus Pour Handicapé;Fente avec pied avant surélevé;Haltères;Unilatéral;Normale;10;14;0;0;0;0;238;01:55:24
2026-02-01 09:46:13;ACC - Deadlift;Soulevé de terre;Barre;Bilatéral;Normale;6;45;0;0;0;0;297;01:23:59
2026-02-01 09:46:13;ACC - Deadlift;Soulevé de terre;Barre;Bilatéral;Normale;6;45;0;0;0;0;297;01:23:59
2026-02-01 09:46:13;ACC - Deadlift;Soulevé de terre;Barre;Bilatéral;Normale;6;45;0;0;0;0;297;01:23:59
2026-02-01 09:46:13;ACC - Deadlift;Soulevé de terre;Barre;Bilatéral;Normale;6;45;0;0;0;0;297;01:23:59
2026-02-01 09:46:13;ACC - Deadlift;Soulevé de terre roumain;Barre;Bilatéral;Normale;8;30;0;0;0;0;297;01:23:59
2026-02-01 09:46:13;ACC - Deadlift;Soulevé de terre roumain;Barre;Bilatéral;Normale;8;30;0;0;0;0;297;01:23:59
2026-02-01 09:46:13;ACC - Deadlift;Soulevé de terre roumain;Barre;Bilatéral;Normale;8;30;0;0;0;0;297;01:23:59
2026-02-01 09:46:13;ACC - Deadlift;Tirage horizontal assis prise serrée;Poulie vis-à-vis;Bilatéral;Normale;12;27.5;0;0;0;0;297;01:23:59
2026-02-01 09:46:13;ACC - Deadlift;Tirage horizontal assis prise serrée;Poulie vis-à-vis;Bilatéral;Normale;12;27.5;0;0;0;0;297;01:23:59
2026-02-01 09:46:13;ACC - Deadlift;Tirage horizontal assis prise serrée;Poulie vis-à-vis;Bilatéral;Normale;12;27.5;0;0;0;0;297;01:23:59
2026-02-01 09:46:13;ACC - Deadlift;Tirage vertical prise large;Poulie vis-à-vis;Bilatéral;Normale;12;32;0;0;0;0;297;01:23:59
2026-02-01 09:46:13;ACC - Deadlift;Tirage vertical prise large;Poulie vis-à-vis;Bilatéral;Normale;12;32;0;0;0;0;297;01:23:59
2026-02-01 09:46:13;ACC - Deadlift;Tirage vertical prise large;Poulie vis-à-vis;Bilatéral;Normale;12;32;0;0;0;0;297;01:23:59
2026-02-01 09:46:13;ACC - Deadlift;Tirage vertical prise large;Poulie vis-à-vis;Bilatéral;Normale;12;32;0;0;0;0;297;01:23:59
2026-02-01 09:46:13;ACC - Deadlift;Traction prise large;Élastique;Bilatéral;Normale;12;-25;0;0;0;0;297;01:23:59
2026-02-01 09:46:13;ACC - Deadlift;Traction prise large;Élastique;Bilatéral;Normale;12;-25;0;0;0;0;297;01:23:59
2026-02-01 09:46:13;ACC - Deadlift;Traction prise large;Élastique;Bilatéral;Normale;12;-25;0;0;0;0;297;01:23:59
2026-02-02 09:56:25;ACC - Squat;Flexion avant;Poids du corps;Bilatéral;Normale;8;35;0;0;0;0;312;01:44:01
2026-02-02 09:56:25;ACC - Squat;Flexion avant;Poids du corps;Bilatéral;Normale;8;35;0;0;0;0;312;01:44:01
2026-02-02 09:56:25;ACC - Squat;Flexion avant;Poids du corps;Bilatéral;Normale;8;35;0;0;0;0;312;01:44:01
2026-02-02 09:56:25;ACC - Squat;Flexion avant;Poids du corps;Bilatéral;Normale;8;35;0;0;0;0;312;01:44:01
2026-02-02 09:56:25;ACC - Squat;Front pause squat;Barre;Bilatéral;Normale;6;30;0;0;0;0;312;01:44:01
2026-02-02 09:56:25;ACC - Squat;Front pause squat;Barre;Bilatéral;Normale;6;30;0;0;0;0;312;01:44:01
2026-02-02 09:56:25;ACC - Squat;Front pause squat;Barre;Bilatéral;Normale;6;30;0;0;0;0;312;01:44:01
2026-02-02 09:56:25;ACC - Squat;Adduction de hanches;Machine guidée à poulie;Bilatéral;Normale;10;25;0;0;0;0;312;01:44:01
2026-02-02 09:56:25;ACC - Squat;Adduction de hanches;Machine guidée à poulie;Bilatéral;Normale;10;25;0;0;0;0;312;01:44:01
2026-02-02 09:56:25;ACC - Squat;Levé de jambe lateral;Machine guidée à poulie;Bilatéral;Normale;10;25;0;0;0;0;312;01:44:01
2026-02-02 09:56:25;ACC - Squat;Levé de jambe lateral;Machine guidée à poulie;Bilatéral;Normale;10;25;0;0;0;0;312;01:44:01
2026-02-02 09:56:25;ACC - Squat;Relevé de buste au sol;Poids du corps;Bilatéral;Normale;12;10;0;0;0;0;312;01:44:01
2026-02-02 09:56:25;ACC - Squat;Relevé de buste au sol;Poids du corps;Bilatéral;Normale;12;10;0;0;0;0;312;01:44:01
2026-02-02 09:56:25;ACC - Squat;Relevé de buste au sol;Poids du corps;Bilatéral;Normale;12;10;0;0;0;0;312;01:44:01
2026-02-02 09:56:25;ACC - Squat;Flexion de jambes allongé;Machine guidée à poulie;Bilatéral;Normale;15;23;0;0;0;0;312;01:44:01
2026-02-02 09:56:25;ACC - Squat;Flexion de jambes allongé;Machine guidée à poulie;Bilatéral;Normale;15;23;0;0;0;0;312;01:44:01
2026-02-02 09:56:25;ACC - Squat;Flexion de jambes allongé;Machine guidée à poulie;Bilatéral;Normale;15;23;0;0;0;0;312;01:44:01
2026-02-04 09:35:36;Acc - Light bench;Développé couché;Barre;Bilatéral;Normale;20;20;0;0;0;0;290;01:46:21
2026-02-04 09:35:36;Acc - Light bench;Développé couché;Barre;Bilatéral;Normale;20;20;0;0;0;0;290;01:46:21
2026-02-04 09:35:36;Acc - Light bench;Développé couché;Barre;Bilatéral;Normale;30;20;0;0;0;0;290;01:46:21
2026-02-04 09:35:36;Acc - Light bench;Développé couché;Barre;Bilatéral;Normale;30;20;0;0;0;0;290;01:46:21
2026-02-04 09:35:36;Acc - Light bench;Développé militaire;Haltères;Bilatéral;Normale;20;8;0;0;0;0;290;01:46:21
2026-02-04 09:35:36;Acc - Light bench;Extension de bras poulie haute;Poulie vis-à-vis;Bilatéral;Normale;20;13.5;0;0;0;0;290;01:46:21
2026-02-04 09:35:36;Acc - Light bench;Extension de bras poulie haute;Poulie vis-à-vis;Bilatéral;Normale;20;16;0;0;0;0;290;01:46:21
2026-02-04 09:35:36;Acc - Light bench;Extension de bras poulie haute;Poulie vis-à-vis;Bilatéral;Normale;20;16;0;0;0;0;290;01:46:21
2026-02-04 09:35:36;Acc - Light bench;Curl biceps supination;Poulie vis-à-vis;Bilatéral;Normale;20;11.5;0;0;0;0;290;01:46:21
2026-02-04 09:35:36;Acc - Light bench;Curl biceps supination;Poulie vis-à-vis;Bilatéral;Normale;20;11.5;0;0;0;0;290;01:46:21
2026-02-04 09:35:36;Acc - Light bench;Curl biceps supination;Poulie vis-à-vis;Bilatéral;Normale;20;11.5;0;0;0;0;290;01:46:21
2026-02-04 09:35:36;Acc - Light bench;Relevé de buste au sol;Poids du corps;Bilatéral;Normale;12;10;0;0;0;0;290;01:46:21
2026-02-04 09:35:36;Acc - Light bench;Relevé de buste au sol;Poids du corps;Bilatéral;Normale;12;10;0;0;0;0;290;01:46:21
2026-02-04 09:35:36;Acc - Light bench;Relevé de buste au sol;Poids du corps;Bilatéral;Normale;12;10;0;0;0;0;290;01:46:21
2026-02-06 09:51:00;ACC - Deadlift;Soulevé de terre;Barre;Bilatéral;Normale;6;50;0;0;0;0;314;01:40:31
2026-02-06 09:51:00;ACC - Deadlift;Soulevé de terre;Barre;Bilatéral;Normale;8;50;0;0;0;0;314;01:40:31
2026-02-06 09:51:00;ACC - Deadlift;Soulevé de terre;Barre;Bilatéral;Normale;8;50;0;0;0;0;314;01:40:31
2026-02-06 09:51:00;ACC - Deadlift;Soulevé de terre;Barre;Bilatéral;Normale;8;50;0;0;0;0;314;01:40:31
2026-02-06 09:51:00;ACC - Deadlift;Soulevé de terre roumain;Barre;Bilatéral;Normale;8;30;0;0;0;0;314;01:40:31
2026-02-06 09:51:00;ACC - Deadlift;Soulevé de terre roumain;Barre;Bilatéral;Normale;8;30;0;0;0;0;314;01:40:31
2026-02-06 09:51:00;ACC - Deadlift;Soulevé de terre roumain;Barre;Bilatéral;Normale;8;30;0;0;0;0;314;01:40:31
2026-02-06 09:51:00;ACC - Deadlift;Tirage horizontal assis prise serrée;Poulie vis-à-vis;Bilatéral;Normale;20;27.5;0;0;0;0;314;01:40:31
2026-02-06 09:51:00;ACC - Deadlift;Tirage horizontal assis prise serrée;Poulie vis-à-vis;Bilatéral;Normale;20;27.5;0;0;0;0;314;01:40:31
2026-02-06 09:51:00;ACC - Deadlift;Tirage horizontal assis prise serrée;Poulie vis-à-vis;Bilatéral;Normale;20;27.5;0;0;0;0;314;01:40:31
2026-02-06 09:51:00;ACC - Deadlift;Tirage vertical prise large;Poulie vis-à-vis;Bilatéral;Normale;20;32;0;0;0;0;314;01:40:31
2026-02-06 09:51:00;ACC - Deadlift;Tirage vertical prise large;Poulie vis-à-vis;Bilatéral;Normale;20;32;0;0;0;0;314;01:40:31
2026-02-06 09:51:00;ACC - Deadlift;Tirage vertical prise large;Poulie vis-à-vis;Bilatéral;Normale;20;32;0;0;0;0;314;01:40:31
2026-02-06 09:51:00;ACC - Deadlift;Tirage vertical prise large;Poulie vis-à-vis;Bilatéral;Normale;20;32;0;0;0;0;314;01:40:31
2026-02-06 09:51:00;ACC - Deadlift;Traction prise supination;Poids du corps;Bilatéral;Normale;15;0;0;0;0;0;314;01:40:31
2026-02-06 09:51:00;ACC - Deadlift;Traction prise supination;Poids du corps;Bilatéral;Normale;16;0;0;0;0;0;314;01:40:31
2026-02-06 09:51:00;ACC - Deadlift;Traction prise supination;Poids du corps;Bilatéral;Normale;13;0;0;0;0;0;314;01:40:31
2026-02-09 09:43:33;ACC - Squat;Flexion avant;Poids du corps;Bilatéral;Normale;25;37.5;0;0;0;0;207;01:14:16
2026-02-09 09:43:33;ACC - Squat;Flexion avant;Poids du corps;Bilatéral;Normale;25;37.5;0;0;0;0;207;01:14:16
2026-02-09 09:43:33;ACC - Squat;Flexion avant;Poids du corps;Bilatéral;Normale;25;37.5;0;0;0;0;207;01:14:16
2026-02-09 09:43:33;ACC - Squat;Flexion avant;Poids du corps;Bilatéral;Normale;25;37.5;0;0;0;0;207;01:14:16
2026-02-09 09:43:33;ACC - Squat;Front pause squat;Barre;Bilatéral;Normale;10;30;0;0;0;0;207;01:14:16
2026-02-09 09:43:33;ACC - Squat;Front pause squat;Barre;Bilatéral;Normale;10;30;0;0;0;0;207;01:14:16
2026-02-09 09:43:33;ACC - Squat;Front pause squat;Barre;Bilatéral;Normale;10;30;0;0;0;0;207;01:14:16
2026-02-09 09:43:33;ACC - Squat;Flexion de jambes assis;Machine guidée à poulie;Bilatéral;Normale;20;32;0;0;0;0;207;01:14:16
2026-02-09 09:43:33;ACC - Squat;Flexion de jambes assis;Machine guidée à poulie;Bilatéral;Normale;15;45;0;0;0;0;207;01:14:16
2026-02-09 09:43:33;ACC - Squat;Flexion de jambes assis;Machine guidée à poulie;Bilatéral;Normale;12;59;0;0;0;0;207;01:14:16
2026-02-09 09:43:33;ACC - Squat;Flexion de jambes assis;Machine guidée à poulie;Bilatéral;Normale;10;66;0;0;0;0;207;01:14:16
2026-02-11 09:36:33;Acc - Light bench;Curl biceps supination;Barre;Bilatéral;Normale;12;30;0;0;0;0;319;01:33:00
2026-02-11 09:36:33;Acc - Light bench;Curl biceps supination;Barre;Bilatéral;Normale;12;30;0;0;0;0;319;01:33:00
2026-02-11 09:36:33;Acc - Light bench;Curl biceps supination;Barre;Bilatéral;Normale;12;30;0;0;0;0;319;01:33:00
2026-02-11 09:36:33;Acc - Light bench;Curl biceps supination;Barre;Bilatéral;Normale;12;30;0;0;0;0;319;01:33:00
2026-02-11 09:36:33;Acc - Light bench;Curl biceps supination;Barre;Bilatéral;Normale;12;30;0;0;0;0;319;01:33:00
2026-02-11 09:36:33;Acc - Light bench;Développé couché;Barre;Bilatéral;Normale;20;30;0;0;0;0;319;01:33:00
2026-02-11 09:36:33;Acc - Light bench;Développé couché;Barre;Bilatéral;Normale;20;40;0;0;0;0;319;01:33:00
2026-02-11 09:36:33;Acc - Light bench;Développé couché;Barre;Bilatéral;Normale;25;32.5;0;0;0;0;319;01:33:00
2026-02-11 09:36:33;Acc - Light bench;Développé couché;Barre;Bilatéral;Normale;20;32.5;0;0;0;0;319;01:33:00
2026-02-11 09:36:33;Acc - Light bench;Développé couché;Barre;Bilatéral;Normale;20;32.5;0;0;0;0;319;01:33:00
2026-02-11 09:36:33;Acc - Light bench;Extension de bras poulie haute;Poulie vis-à-vis;Bilatéral;Normale;15;32;0;0;0;0;319;01:33:00
2026-02-11 09:36:33;Acc - Light bench;Extension de bras poulie haute;Poulie vis-à-vis;Bilatéral;Normale;15;32;0;0;0;0;319;01:33:00
2026-02-11 09:36:33;Acc - Light bench;Extension de bras poulie haute;Poulie vis-à-vis;Bilatéral;Normale;12;32;0;0;0;0;319;01:33:00
2026-02-11 09:36:33;Acc - Light bench;Extension de bras poulie haute;Poulie vis-à-vis;Bilatéral;Normale;11;32;0;0;0;0;319;01:33:00
2026-02-11 09:36:33;Acc - Light bench;Extension de bras poulie haute;Poulie vis-à-vis;Bilatéral;Normale;11;32;0;0;0;0;319;01:33:00
2026-02-11 09:36:33;Acc - Light bench;Relevé de buste au sol;Poids du corps;Bilatéral;Normale;15;10;0;0;0;0;319;01:33:00
2026-02-11 09:36:33;Acc - Light bench;Relevé de buste au sol;Poids du corps;Bilatéral;Normale;15;10;0;0;0;0;319;01:33:00
2026-02-11 09:36:33;Acc - Light bench;Relevé de buste au sol;Poids du corps;Bilatéral;Normale;15;10;0;0;0;0;319;01:33:00
2026-02-13 11:23:47;ACC - Deadlift;Soulevé de terre;Barre;Bilatéral;Normale;10;95;0;0;0;0;262;01:45:27
2026-02-13 11:23:47;ACC - Deadlift;Soulevé de terre;Barre;Bilatéral;Normale;10;95;0;0;0;0;262;01:45:27
2026-02-13 11:23:47;ACC - Deadlift;Soulevé de terre;Barre;Bilatéral;Normale;10;95;0;0;0;0;262;01:45:27
2026-02-13 11:23:47;ACC - Deadlift;Soulevé de terre;Barre;Bilatéral;Normale;10;95;0;0;0;0;262;01:45:27
2026-02-13 11:23:47;ACC - Deadlift;Soulevé de terre;Barre;Bilatéral;Normale;10;95;0;0;0;0;262;01:45:27
2026-02-13 11:23:47;ACC - Deadlift;Deficit Deadlift;Barre;Bilatéral;Normale;5;40;0;0;0;0;262;01:45:27
2026-02-13 11:23:47;ACC - Deadlift;Deficit Deadlift;Barre;Bilatéral;Normale;5;80;0;0;0;0;262;01:45:27
2026-02-13 11:23:47;ACC - Deadlift;Deficit Deadlift;Barre;Bilatéral;Normale;5;80;0;0;0;0;262;01:45:27
2026-02-13 11:23:47;ACC - Deadlift;Tirage horizontal assis prise serrée;Poulie vis-à-vis;Bilatéral;Normale;8;66;0;0;0;0;262;01:45:27
2026-02-13 11:23:47;ACC - Deadlift;Tirage horizontal assis prise serrée;Poulie vis-à-vis;Bilatéral;Normale;8;66;0;0;0;0;262;01:45:27
2026-02-13 11:23:47;ACC - Deadlift;Tirage horizontal assis prise serrée;Poulie vis-à-vis;Bilatéral;Normale;8;66;0;0;0;0;262;01:45:27
2026-02-13 11:23:47;ACC - Deadlift;Tirage horizontal assis prise serrée;Poulie vis-à-vis;Bilatéral;Normale;8;66;0;0;0;0;262;01:45:27
2026-02-13 11:23:47;ACC - Deadlift;Tirage vertical prise large;Poulie vis-à-vis;Bilatéral;Normale;8;59;0;0;0;0;262;01:45:27
2026-02-13 11:23:47;ACC - Deadlift;Tirage vertical prise large;Poulie vis-à-vis;Bilatéral;Normale;8;59;0;0;0;0;262;01:45:27
2026-02-13 11:23:47;ACC - Deadlift;Tirage vertical prise large;Poulie vis-à-vis;Bilatéral;Normale;8;59;0;0;0;0;262;01:45:27
2026-02-13 11:23:47;ACC - Deadlift;Tirage vertical prise large;Poulie vis-à-vis;Bilatéral;Normale;8;59;0;0;0;0;262;01:45:27
2026-02-16 08:46:43;ACC - Squat;Flexion jambes parallèles;Barre;Bilatéral;Normale;8;100;0;0;0;0;244;01:25:43
2026-02-16 08:46:43;ACC - Squat;Flexion jambes parallèles;Barre;Bilatéral;Normale;6;110;0;0;0;0;244;01:25:43
2026-02-16 08:46:43;ACC - Squat;Flexion jambes parallèles;Barre;Bilatéral;Normale;6;120;0;0;0;0;244;01:25:43
2026-02-16 08:46:43;ACC - Squat;Flexion jambes parallèles;Barre;Bilatéral;Normale;6;120;0;0;0;0;244;01:25:43
2026-02-16 08:46:43;ACC - Squat;Pause Squat;Barre;Bilatéral;Normale;8;52.5;0;0;0;0;244;01:25:43
2026-02-16 08:46:43;ACC - Squat;Pause Squat;Barre;Bilatéral;Normale;8;52.5;0;0;0;0;244;01:25:43
2026-02-16 08:46:43;ACC - Squat;Pause Squat;Barre;Bilatéral;Normale;8;52.5;0;0;0;0;244;01:25:43
2026-02-16 08:46:43;ACC - Squat;Flexion de jambes assis;Machine guidée à poulie;Bilatéral;Normale;10;66;0;0;0;0;244;01:25:43
2026-02-16 08:46:43;ACC - Squat;Flexion de jambes assis;Machine guidée à poulie;Bilatéral;Normale;10;66;0;0;0;0;244;01:25:43
2026-02-16 08:46:43;ACC - Squat;Flexion de jambes assis;Machine guidée à poulie;Bilatéral;Normale;10;66;0;0;0;0;244;01:25:43
2026-02-16 08:46:43;ACC - Squat;Flexion de jambes assis;Machine guidée à poulie;Bilatéral;Normale;10;66;0;0;0;0;244;01:25:43
2026-02-16 08:46:43;ACC - Squat;Relevé de buste au sol;Poids du corps;Bilatéral;Normale;15;10;0;0;0;0;244;01:25:43
2026-02-16 08:46:43;ACC - Squat;Relevé de buste au sol;Poids du corps;Bilatéral;Normale;20;10;0;0;0;0;244;01:25:43
2026-02-16 08:46:43;ACC - Squat;Relevé de buste au sol;Poids du corps;Bilatéral;Normale;20;10;0;0;0;0;244;01:25:43
2026-02-18 09:36:13;Acc - Light bench;Curl biceps supination;Barre;Bilatéral;Normale;12;30;0;0;0;0;271;01:35:21
2026-02-18 09:36:13;Acc - Light bench;Curl biceps supination;Barre;Bilatéral;Normale;12;30;0;0;0;0;271;01:35:21
2026-02-18 09:36:13;Acc - Light bench;Curl biceps supination;Barre;Bilatéral;Normale;13;30;0;0;0;0;271;01:35:21
2026-02-18 09:36:13;Acc - Light bench;Curl biceps supination;Barre;Bilatéral;Normale;13;30;0;0;0;0;271;01:35:21
2026-02-18 09:36:13;Acc - Light bench;Curl biceps supination;Barre;Bilatéral;Normale;15;30;0;0;0;0;271;01:35:21
2026-02-18 09:36:13;Acc - Light bench;Développé couché;Barre;Bilatéral;Normale;6;60;0;0;0;0;271;01:35:21
2026-02-18 09:36:13;Acc - Light bench;Développé couché;Barre;Bilatéral;Normale;6;60;0;0;0;0;271;01:35:21
2026-02-18 09:36:13;Acc - Light bench;Développé couché;Barre;Bilatéral;Normale;8;60;0;0;0;0;271;01:35:21
2026-02-18 09:36:13;Acc - Light bench;Développé couché;Barre;Bilatéral;Normale;8;60;0;0;0;0;271;01:35:21
2026-02-18 09:36:13;Acc - Light bench;Développé couché;Barre;Bilatéral;Normale;10;60;0;0;0;0;271;01:35:21
2026-02-18 09:36:13;Acc - Light bench;Extension de bras poulie haute;Poulie vis-à-vis;Bilatéral;Normale;10;25;0;0;0;0;271;01:35:21
2026-02-18 09:36:13;Acc - Light bench;Extension de bras poulie haute;Poulie vis-à-vis;Bilatéral;Normale;10;34;0;0;0;0;271;01:35:21
2026-02-18 09:36:13;Acc - Light bench;Extension de bras poulie haute;Poulie vis-à-vis;Bilatéral;Normale;10;34;0;0;0;0;271;01:35:21
2026-02-18 09:36:13;Acc - Light bench;Extension de bras poulie haute;Poulie vis-à-vis;Bilatéral;Normale;10;34;0;0;0;0;271;01:35:21
2026-02-18 09:36:13;Acc - Light bench;Knee Push Ups;Poids du corps;Bilatéral;Normale;12;0;0;0;0;0;271;01:35:21
2026-02-18 09:36:13;Acc - Light bench;Knee Push Ups;Poids du corps;Bilatéral;Normale;12;0;0;0;0;0;271;01:35:21
2026-02-20 09:38:16;TRANSMUT - Deadlift;Soulevé de terre;Barre;Bilatéral;Normale;4;140;0;0;0;0;256;01:53:20
2026-02-20 09:38:16;TRANSMUT - Deadlift;Soulevé de terre;Barre;Bilatéral;Normale;4;140;0;0;0;0;256;01:53:20
2026-02-20 09:38:16;TRANSMUT - Deadlift;Soulevé de terre;Barre;Bilatéral;Normale;4;140;0;0;0;0;256;01:53:20
2026-02-20 09:38:16;TRANSMUT - Deadlift;Soulevé de terre;Barre;Bilatéral;Normale;4;140;0;0;0;0;256;01:53:20
2026-02-20 09:38:16;TRANSMUT - Deadlift;Soulevé de terre;Barre;Bilatéral;Normale;4;140;0;0;0;0;256;01:53:20
2026-02-20 09:38:16;TRANSMUT - Deadlift;Deficit Deadlift;Barre;Bilatéral;Normale;5;120;0;0;0;0;256;01:53:20
2026-02-20 09:38:16;TRANSMUT - Deadlift;Deficit Deadlift;Barre;Bilatéral;Normale;4;120;0;0;0;0;256;01:53:20
2026-02-20 09:38:16;TRANSMUT - Deadlift;Deficit Deadlift;Barre;Bilatéral;Normale;4;120;0;0;0;0;256;01:53:20
2026-02-20 09:38:16;TRANSMUT - Deadlift;Tirage horizontal assis prise serrée;Poulie vis-à-vis;Bilatéral;Normale;12;73;0;0;0;0;256;01:53:20
2026-02-20 09:38:16;TRANSMUT - Deadlift;Tirage horizontal assis prise serrée;Poulie vis-à-vis;Bilatéral;Normale;9;73;0;0;0;0;256;01:53:20
2026-02-20 09:38:16;TRANSMUT - Deadlift;Tirage horizontal assis prise serrée;Poulie vis-à-vis;Bilatéral;Normale;8;73;0;0;0;0;256;01:53:20
2026-02-20 09:38:16;TRANSMUT - Deadlift;Tirage horizontal assis prise serrée;Poulie vis-à-vis;Bilatéral;Normale;8;73;0;0;0;0;256;01:53:20
2026-02-20 09:38:16;TRANSMUT - Deadlift;Tirage vertical prise large;Poulie vis-à-vis;Bilatéral;Normale;8;79;0;0;0;0;256;01:53:20
2026-02-20 09:38:16;TRANSMUT - Deadlift;Tirage vertical prise large;Poulie vis-à-vis;Bilatéral;Normale;8;79;0;0;0;0;256;01:53:20
2026-02-20 09:38:16;TRANSMUT - Deadlift;Tirage vertical prise large;Poulie vis-à-vis;Bilatéral;Normale;8;79;0;0;0;0;256;01:53:20
2026-02-20 09:38:16;TRANSMUT - Deadlift;Tirage vertical prise large;Poulie vis-à-vis;Bilatéral;Normale;8;79;0;0;0;0;256;01:53:20
2026-02-23 10:02:36;TRANSMUT - Squat;Flexion jambes parallèles;Barre;Bilatéral;Normale;4;130;0;0;0;0;193;01:20:07
2026-02-23 10:02:36;TRANSMUT - Squat;Flexion jambes parallèles;Barre;Bilatéral;Normale;4;130;0;0;0;0;193;01:20:07
2026-02-23 10:02:36;TRANSMUT - Squat;Flexion jambes parallèles;Barre;Bilatéral;Normale;4;130;0;0;0;0;193;01:20:07
2026-02-23 10:02:36;TRANSMUT - Squat;Flexion jambes parallèles;Barre;Bilatéral;Normale;4;120;0;0;0;0;193;01:20:07
2026-02-23 10:02:36;TRANSMUT - Squat;Flexion jambes parallèles;Barre;Bilatéral;Normale;4;120;0;0;0;0;193;01:20:07
2026-02-23 10:02:36;TRANSMUT - Squat;Pause Squat;Barre;Bilatéral;Normale;5;100;0;0;0;0;193;01:20:07
2026-02-23 10:02:36;TRANSMUT - Squat;Pause Squat;Barre;Bilatéral;Normale;5;100;0;0;0;0;193;01:20:07
2026-02-23 10:02:36;TRANSMUT - Squat;Pause Squat;Barre;Bilatéral;Normale;5;100;0;0;0;0;193;01:20:07
2026-02-23 10:02:36;TRANSMUT - Squat;Flexion de jambes assis;Machine guidée à poulie;Bilatéral;Normale;12;66;0;0;0;0;193;01:20:07
2026-02-23 10:02:36;TRANSMUT - Squat;Flexion de jambes assis;Machine guidée à poulie;Bilatéral;Normale;12;66;0;0;0;0;193;01:20:07
2026-02-23 10:02:36;TRANSMUT - Squat;Flexion de jambes assis;Machine guidée à poulie;Bilatéral;Normale;12;66;0;0;0;0;193;01:20:07
2026-02-23 10:02:36;TRANSMUT - Squat;Flexion de jambes assis;Machine guidée à poulie;Bilatéral;Normale;12;66;0;0;0;0;193;01:20:07
2026-02-25 15:01:32;TRANSMUT - Bench recovery;Développé couché;Barre;Bilatéral;Normale;6;70;0;0;0;0;272;01:14:17
2026-02-25 15:01:32;TRANSMUT - Bench recovery;Développé couché;Barre;Bilatéral;Normale;6;70;0;0;0;0;272;01:14:17
2026-02-25 15:01:32;TRANSMUT - Bench recovery;Développé couché;Barre;Bilatéral;Normale;6;70;0;0;0;0;272;01:14:17
2026-02-25 15:01:32;TRANSMUT - Bench recovery;Développé couché;Barre;Bilatéral;Normale;6;70;0;0;0;0;272;01:14:17
2026-02-25 15:01:32;TRANSMUT - Bench recovery;Développé couché;Barre;Bilatéral;Normale;6;70;0;0;0;0;272;01:14:17
2026-02-25 15:01:32;TRANSMUT - Bench recovery;Curl biceps supination;Barre;Bilatéral;Normale;15;30;0;0;0;0;272;01:14:17
2026-02-25 15:01:32;TRANSMUT - Bench recovery;Curl biceps supination;Barre;Bilatéral;Normale;15;30;0;0;0;0;272;01:14:17
2026-02-25 15:01:32;TRANSMUT - Bench recovery;Curl biceps supination;Barre;Bilatéral;Normale;12;30;0;0;0;0;272;01:14:17
2026-02-25 15:01:32;TRANSMUT - Bench recovery;Curl biceps supination;Barre;Bilatéral;Normale;13;30;0;0;0;0;272;01:14:17
2026-02-25 15:01:32;TRANSMUT - Bench recovery;Extension de bras poulie haute;Poulie vis-à-vis;Bilatéral;Normale;12;36;0;0;0;0;272;01:14:17
2026-02-25 15:01:32;TRANSMUT - Bench recovery;Extension de bras poulie haute;Poulie vis-à-vis;Bilatéral;Normale;12;36;0;0;0;0;272;01:14:17
2026-02-25 15:01:32;TRANSMUT - Bench recovery;Extension de bras poulie haute;Poulie vis-à-vis;Bilatéral;Normale;11;36;0;0;0;0;272;01:14:17
2026-02-25 15:01:32;TRANSMUT - Bench recovery;Extension de bras poulie haute;Poulie vis-à-vis;Bilatéral;Normale;7;36;0;0;0;0;272;01:14:17
2026-02-25 15:01:32;TRANSMUT - Bench recovery;Knee Push Ups;Poids du corps;Bilatéral;Normale;15;0;0;0;0;0;272;01:14:17
2026-02-25 15:01:32;TRANSMUT - Bench recovery;Knee Push Ups;Poids du corps;Bilatéral;Normale;15;0;0;0;0;0;272;01:14:17
2026-02-25 15:01:32;TRANSMUT - Bench recovery;Knee Push Ups;Poids du corps;Bilatéral;Normale;15;0;0;0;0;0;272;01:14:17
2026-02-27 09:09:53;TRANSMUT - Renfo;Curl biceps supination;Haltères;Alterné;Normale;8;20;0;0;0;0;254;01:33:44
2026-02-27 09:09:53;TRANSMUT - Renfo;Curl biceps supination;Haltères;Alterné;Normale;8;20;0;0;0;0;254;01:33:44
2026-02-27 09:09:53;TRANSMUT - Renfo;Tirage visage;Poulie vis-à-vis;Bilatéral;Normale;12;18;0;0;0;0;254;01:33:44
2026-02-27 09:09:53;TRANSMUT - Renfo;Tirage visage;Poulie vis-à-vis;Bilatéral;Normale;12;18;0;0;0;0;254;01:33:44
2026-02-27 09:09:53;TRANSMUT - Renfo;Tirage visage;Poulie vis-à-vis;Bilatéral;Normale;12;18;0;0;0;0;254;01:33:44
2026-02-27 09:09:53;TRANSMUT - Renfo;Développé couché;Barre;Bilatéral;Normale;15;60;0;0;0;0;254;01:33:44
2026-02-27 09:09:53;TRANSMUT - Renfo;Développé couché;Barre;Bilatéral;Normale;15;60;0;0;0;0;254;01:33:44
2026-02-27 09:09:53;TRANSMUT - Renfo;Développé couché;Barre;Bilatéral;Normale;15;60;0;0;0;0;254;01:33:44
2026-02-27 09:09:53;TRANSMUT - Renfo;Développé couché;Barre;Bilatéral;Normale;15;60;0;0;0;0;254;01:33:44
2026-02-27 09:09:53;TRANSMUT - Renfo;Curl inversé;Barre;Bilatéral;Normale;15;20;0;0;0;0;254;01:33:44
2026-02-27 09:09:53;TRANSMUT - Renfo;Pompe;Poids du corps;Bilatéral;Normale;15;0;0;0;0;0;254;01:33:44
2026-02-27 09:09:53;TRANSMUT - Renfo;Pompe;Poids du corps;Bilatéral;Normale;15;0;0;0;0;0;254;01:33:44
2026-02-27 09:09:53;TRANSMUT - Renfo;Pompe;Poids du corps;Bilatéral;Normale;15;0;0;0;0;0;254;01:33:44
2026-03-01 09:37:07;TRANSMUT - Deadlift;Soulevé de terre;Barre;Bilatéral;Normale;4;150;0;0;0;0;241;01:55:18
2026-03-01 09:37:07;TRANSMUT - Deadlift;Soulevé de terre;Barre;Bilatéral;Normale;4;150;0;0;0;0;241;01:55:18
2026-03-01 09:37:07;TRANSMUT - Deadlift;Soulevé de terre;Barre;Bilatéral;Normale;4;150;0;0;0;0;241;01:55:18
2026-03-01 09:37:07;TRANSMUT - Deadlift;Soulevé de terre;Barre;Bilatéral;Normale;4;140;0;0;0;0;241;01:55:18
2026-03-01 09:37:07;TRANSMUT - Deadlift;Soulevé de terre;Barre;Bilatéral;Normale;4;140;0;0;0;0;241;01:55:18
2026-03-01 09:37:07;TRANSMUT - Deadlift;Deficit Deadlift;Barre;Bilatéral;Normale;4;120;0;0;0;0;241;01:55:18
2026-03-01 09:37:07;TRANSMUT - Deadlift;Deficit Deadlift;Barre;Bilatéral;Normale;4;120;0;0;0;0;241;01:55:18
2026-03-01 09:37:07;TRANSMUT - Deadlift;Traction prise large;Disque;Bilatéral;Normale;6;20;0;0;0;0;241;01:55:18
2026-03-01 09:37:07;TRANSMUT - Deadlift;Traction prise large;Disque;Bilatéral;Normale;6;20;0;0;0;0;241;01:55:18
2026-03-01 09:37:07;TRANSMUT - Deadlift;Traction prise large;Disque;Bilatéral;Normale;6;20;0;0;0;0;241;01:55:18
2026-03-01 09:37:07;TRANSMUT - Deadlift;Traction prise large;Disque;Bilatéral;Normale;6;20;0;0;0;0;241;01:55:18
2026-03-01 09:37:07;TRANSMUT - Deadlift;Tirage horizontal prise large;Barre;Bilatéral;Normale;10;60;0;0;0;0;241;01:55:18
2026-03-01 09:37:07;TRANSMUT - Deadlift;Tirage horizontal prise large;Barre;Bilatéral;Normale;8;60;0;0;0;0;241;01:55:18
2026-03-01 09:37:07;TRANSMUT - Deadlift;Tirage horizontal prise large;Barre;Bilatéral;Normale;10;60;0;0;0;0;241;01:55:18
2026-03-01 09:37:07;TRANSMUT - Deadlift;Tirage horizontal prise large;Barre;Bilatéral;Normale;7;60;0;0;0;0;241;01:55:18
2026-03-03 11:56:54;TRANSMUT - Squat;Flexion jambes parallèles;Barre;Bilatéral;Normale;3;135;0;0;0;0;196;01:47:46
2026-03-03 11:56:54;TRANSMUT - Squat;Flexion jambes parallèles;Barre;Bilatéral;Normale;3;135;0;0;0;0;196;01:47:46
2026-03-03 11:56:54;TRANSMUT - Squat;Flexion jambes parallèles;Barre;Bilatéral;Normale;3;135;0;0;0;0;196;01:47:46
2026-03-03 11:56:54;TRANSMUT - Squat;Flexion jambes parallèles;Barre;Bilatéral;Normale;3;135;0;0;0;0;196;01:47:46
2026-03-03 11:56:54;TRANSMUT - Squat;Pause Squat;Barre;Bilatéral;Normale;4;115;0;0;0;0;196;01:47:46
2026-03-03 11:56:54;TRANSMUT - Squat;Pause Squat;Barre;Bilatéral;Normale;4;115;0;0;0;0;196;01:47:46
2026-03-03 11:56:54;TRANSMUT - Squat;Flexion de jambes assis;Machine guidée à poulie;Bilatéral;Normale;12;66;0;0;0;0;196;01:47:46
2026-03-03 11:56:54;TRANSMUT - Squat;Flexion de jambes assis;Machine guidée à poulie;Bilatéral;Normale;11;73;0;0;0;0;196;01:47:46
2026-03-03 11:56:54;TRANSMUT - Squat;Flexion de jambes assis;Machine guidée à poulie;Bilatéral;Normale;11;73;0;0;0;0;196;01:47:46
2026-03-03 11:56:54;TRANSMUT - Squat;Relevé de buste au sol;Poids du corps;Bilatéral;Normale;12;16;0;0;0;0;196;01:47:46
2026-03-03 11:56:54;TRANSMUT - Squat;Relevé de buste au sol;Poids du corps;Bilatéral;Normale;12;16;0;0;0;0;196;01:47:46
2026-03-05 06:42:56;TRANSMUT - Bench recovery;Curl biceps supination;Barre;Bilatéral;Normale;12;33;0;0;0;0;314;01:33:22
2026-03-05 06:42:56;TRANSMUT - Bench recovery;Curl biceps supination;Barre;Bilatéral;Normale;12;33;0;0;0;0;314;01:33:22
2026-03-05 06:42:56;TRANSMUT - Bench recovery;Curl biceps supination;Barre;Bilatéral;Normale;12;33;0;0;0;0;314;01:33:22
2026-03-05 06:42:56;TRANSMUT - Bench recovery;Curl biceps supination;Barre;Bilatéral;Normale;13;33;0;0;0;0;314;01:33:22
2026-03-05 06:42:56;TRANSMUT - Bench recovery;Élévation latérale;Haltères;Bilatéral;Normale;10;6;0;0;0;0;314;01:33:22
2026-03-05 06:42:56;TRANSMUT - Bench recovery;Élévation latérale;Haltères;Bilatéral;Normale;10;6;0;0;0;0;314;01:33:22
2026-03-05 06:42:56;TRANSMUT - Bench recovery;Élévation latérale;Haltères;Bilatéral;Normale;10;6;0;0;0;0;314;01:33:22
2026-03-05 06:42:56;TRANSMUT - Bench recovery;Développé couché;Barre;Bilatéral;Normale;10;75;0;0;0;0;314;01:33:22
2026-03-05 06:42:56;TRANSMUT - Bench recovery;Développé couché;Barre;Bilatéral;Normale;10;75;0;0;0;0;314;01:33:22
2026-03-05 06:42:56;TRANSMUT - Bench recovery;Développé couché;Barre;Bilatéral;Normale;10;75;0;0;0;0;314;01:33:22
2026-03-05 06:42:56;TRANSMUT - Bench recovery;Développé couché;Barre;Bilatéral;Normale;10;75;0;0;0;0;314;01:33:22
2026-03-05 06:42:56;TRANSMUT - Bench recovery;Extension de bras poulie haute;Poulie vis-à-vis;Bilatéral;Normale;12;34;0;0;0;0;314;01:33:22
2026-03-05 06:42:56;TRANSMUT - Bench recovery;Extension de bras poulie haute;Poulie vis-à-vis;Bilatéral;Normale;13;34;0;0;0;0;314;01:33:22
2026-03-05 06:42:56;TRANSMUT - Bench recovery;Extension de bras poulie haute;Poulie vis-à-vis;Bilatéral;Normale;12;34;0;0;0;0;314;01:33:22
2026-03-05 06:42:56;TRANSMUT - Bench recovery;Extension de bras poulie haute;Poulie vis-à-vis;Bilatéral;Normale;13;34;0;0;0;0;314;01:33:22
2026-03-05 06:42:56;TRANSMUT - Bench recovery;Pompe;Poids du corps;Bilatéral;Normale;20;0;0;0;0;0;314;01:33:22
2026-03-05 06:42:56;TRANSMUT - Bench recovery;Pompe;Poids du corps;Bilatéral;Normale;20;0;0;0;0;0;314;01:33:22
2026-03-08 14:51:57;TRANSMUT - Deadlift;Soulevé de terre;Barre;Bilatéral;Normale;4;155;0;0;0;0;167;01:30:53
2026-03-08 14:51:57;TRANSMUT - Deadlift;Soulevé de terre;Barre;Bilatéral;Normale;4;155;0;0;0;0;167;01:30:53
2026-03-08 14:51:57;TRANSMUT - Deadlift;Soulevé de terre;Barre;Bilatéral;Normale;4;150;0;0;0;0;167;01:30:53
2026-03-08 14:51:57;TRANSMUT - Deadlift;Soulevé de terre;Barre;Bilatéral;Normale;4;140;0;0;0;0;167;01:30:53
2026-03-08 14:51:57;TRANSMUT - Deadlift;Soulevé de terre;Barre;Bilatéral;Normale;4;140;0;0;0;0;167;01:30:53
2026-03-08 14:51:57;TRANSMUT - Deadlift;Tirage horizontal assis prise serrée;Poulie vis-à-vis;Bilatéral;Normale;10;73;0;0;0;0;167;01:30:53
2026-03-08 14:51:57;TRANSMUT - Deadlift;Tirage horizontal assis prise serrée;Poulie vis-à-vis;Bilatéral;Normale;10;73;0;0;0;0;167;01:30:53
2026-03-08 14:51:57;TRANSMUT - Deadlift;Tirage horizontal assis prise serrée;Poulie vis-à-vis;Bilatéral;Normale;10;73;0;0;0;0;167;01:30:53
2026-03-08 14:51:57;TRANSMUT - Deadlift;Tirage vertical prise large;Poulie vis-à-vis;Bilatéral;Normale;8;86;0;0;0;0;167;01:30:53
2026-03-08 14:51:57;TRANSMUT - Deadlift;Tirage vertical prise large;Poulie vis-à-vis;Bilatéral;Normale;6;86;0;0;0;0;167;01:30:53
2026-03-08 14:51:57;TRANSMUT - Deadlift;Tirage vertical prise large;Poulie vis-à-vis;Bilatéral;Normale;9;73;0;0;0;0;167;01:30:53
2026-03-10 08:27:04;TRANSMUT - Squat;Flexion jambes parallèles;Barre;Bilatéral;Normale;3;135;0;0;0;0;171;01:29:40
2026-03-10 08:27:04;TRANSMUT - Squat;Flexion jambes parallèles;Barre;Bilatéral;Normale;3;135;0;0;0;0;171;01:29:40
2026-03-10 08:27:04;TRANSMUT - Squat;Flexion jambes parallèles;Barre;Bilatéral;Normale;3;135;0;0;0;0;171;01:29:40
2026-03-10 08:27:04;TRANSMUT - Squat;Flexion jambes parallèles;Barre;Bilatéral;Normale;3;135;0;0;0;0;171;01:29:40
2026-03-10 08:27:04;TRANSMUT - Squat;Flexion jambes parallèles;Barre;Bilatéral;Normale;3;135;0;0;0;0;171;01:29:40
2026-03-10 08:27:04;TRANSMUT - Squat;Flexion de jambes assis;Machine guidée à poulie;Bilatéral;Normale;12;73;0;0;0;0;171;01:29:40
2026-03-10 08:27:04;TRANSMUT - Squat;Flexion de jambes assis;Machine guidée à poulie;Bilatéral;Normale;12;73;0;0;0;0;171;01:29:40
2026-03-10 08:27:04;TRANSMUT - Squat;Flexion de jambes assis;Machine guidée à poulie;Bilatéral;Normale;8;73;0;0;0;0;171;01:29:40
2026-03-10 08:27:04;TRANSMUT - Squat;Relevé de buste au sol;Poids du corps;Bilatéral;Normale;16;16;0;0;0;0;171;01:29:40
2026-03-10 08:27:04;TRANSMUT - Squat;Relevé de buste au sol;Poids du corps;Bilatéral;Normale;16;16;0;0;0;0;171;01:29:40
2026-03-12 12:21:04;TRANSMUT - Bench recovery;Curl biceps supination;Barre;Bilatéral;Normale;12;35.5;0;0;0;0;278;01:48:36
2026-03-12 12:21:04;TRANSMUT - Bench recovery;Curl biceps supination;Barre;Bilatéral;Normale;12;35.5;0;0;0;0;278;01:48:36
2026-03-12 12:21:04;TRANSMUT - Bench recovery;Curl biceps supination;Barre;Bilatéral;Normale;12;35.5;0;0;0;0;278;01:48:36
2026-03-12 12:21:04;TRANSMUT - Bench recovery;Curl biceps supination;Barre;Bilatéral;Normale;12;35.5;0;0;0;0;278;01:48:36
2026-03-12 12:21:04;TRANSMUT - Bench recovery;Élévation latérale;Haltères;Bilatéral;Normale;12;7;0;0;0;0;278;01:48:36
2026-03-12 12:21:04;TRANSMUT - Bench recovery;Élévation latérale;Haltères;Bilatéral;Normale;12;7;0;0;0;0;278;01:48:36
2026-03-12 12:21:04;TRANSMUT - Bench recovery;Élévation latérale;Haltères;Bilatéral;Normale;12;7;0;0;0;0;278;01:48:36
2026-03-12 12:21:04;TRANSMUT - Bench recovery;Développé couché;Barre;Bilatéral;Normale;8;80;0;0;0;0;278;01:48:36
2026-03-12 12:21:04;TRANSMUT - Bench recovery;Développé couché;Barre;Bilatéral;Normale;12;80;0;0;0;0;278;01:48:36
2026-03-12 12:21:04;TRANSMUT - Bench recovery;Développé couché;Barre;Bilatéral;Normale;9;80;0;0;0;0;278;01:48:36
2026-03-12 12:21:04;TRANSMUT - Bench recovery;Développé couché;Barre;Bilatéral;Normale;10;80;0;0;0;0;278;01:48:36
2026-03-12 12:21:04;TRANSMUT - Bench recovery;Développé couché;Barre;Bilatéral;Normale;8;80;0;0;0;0;278;01:48:36
2026-03-12 12:21:04;TRANSMUT - Bench recovery;Développé couché prise serrée;Barre;Bilatéral;Normale;10;52.5;0;0;0;0;278;01:48:36
2026-03-12 12:21:04;TRANSMUT - Bench recovery;Pompe;Poids du corps;Bilatéral;Normale;20;0;0;0;0;0;278;01:48:36
2026-03-12 12:21:04;TRANSMUT - Bench recovery;Pompe;Poids du corps;Bilatéral;Normale;20;0;0;0;0;0;278;01:48:36
2026-03-14 08:08:35;TRANSMUT - Deadlift;Soulevé de terre;Barre;Bilatéral;Normale;3;160;0;0;0;0;140;01:00:00
2026-03-14 08:08:35;TRANSMUT - Deadlift;Soulevé de terre;Barre;Bilatéral;Normale;3;160;0;0;0;0;140;01:00:00
2026-03-14 08:08:35;TRANSMUT - Deadlift;Soulevé de terre;Barre;Bilatéral;Normale;3;150;0;0;0;0;140;01:00:00
2026-03-14 08:08:35;TRANSMUT - Deadlift;Soulevé de terre;Barre;Bilatéral;Normale;3;150;0;0;0;0;140;01:00:00
2026-03-14 08:08:35;TRANSMUT - Deadlift;Tirage horizontal assis prise serrée;Poulie vis-à-vis;Bilatéral;Normale;10;73;0;0;0;0;140;01:00:00
2026-03-14 08:08:35;TRANSMUT - Deadlift;Tirage vertical prise large;Poulie vis-à-vis;Bilatéral;Normale;8;86;0;0;0;0;140;01:00:00
2026-03-14 08:08:35;TRANSMUT - Deadlift;Tirage vertical prise large;Poulie vis-à-vis;Bilatéral;Normale;8;86;0;0;0;0;140;01:00:00
2026-03-14 08:08:35;TRANSMUT - Deadlift;Tirage vertical prise large;Poulie vis-à-vis;Bilatéral;Normale;4;86;0;0;0;0;140;01:00:00
2026-03-17 09:10:27;TRANSMUT - Squat;Flexion jambes parallèles;Barre;Bilatéral;Normale;3;140;0;0;0;0;170;01:09:08
2026-03-17 09:10:27;TRANSMUT - Squat;Flexion jambes parallèles;Barre;Bilatéral;Normale;3;140;0;0;0;0;170;01:09:08
2026-03-17 09:10:27;TRANSMUT - Squat;Flexion jambes parallèles;Barre;Bilatéral;Normale;3;140;0;0;0;0;170;01:09:08
2026-03-17 09:10:27;TRANSMUT - Squat;Flexion jambes parallèles;Barre;Bilatéral;Normale;3;140;0;0;0;0;170;01:09:08
2026-03-17 09:10:27;TRANSMUT - Squat;Flexion jambes parallèles;Barre;Bilatéral;Normale;3;140;0;0;0;0;170;01:09:08
2026-03-17 09:10:27;TRANSMUT - Squat;Flexion de jambes assis;Machine guidée à poulie;Bilatéral;Normale;9;79;0;0;0;0;170;01:09:08
2026-03-17 09:10:27;TRANSMUT - Squat;Flexion de jambes assis;Machine guidée à poulie;Bilatéral;Normale;9;79;0;0;0;0;170;01:09:08
2026-03-17 09:10:27;TRANSMUT - Squat;Flexion de jambes assis;Machine guidée à poulie;Bilatéral;Normale;6;79;0;0;0;0;170;01:09:08
2026-03-17 09:10:27;TRANSMUT - Squat;Relevé de buste au sol;Poids du corps;Bilatéral;Normale;16;20;0;0;0;0;170;01:09:08
2026-03-17 09:10:27;TRANSMUT - Squat;Relevé de buste au sol;Poids du corps;Bilatéral;Échec;21;20;0;0;0;0;170;01:09:08
2026-03-19 13:43:18;REAL - Bench recovery;Développé militaire;Haltères;Bilatéral;Normale;12;12;0;0;0;0;278;01:29:14
2026-03-19 13:43:18;REAL - Bench recovery;Développé militaire;Haltères;Bilatéral;Normale;12;14;0;0;0;0;278;01:29:14
2026-03-19 13:43:18;REAL - Bench recovery;Développé militaire;Haltères;Bilatéral;Normale;12;14;0;0;0;0;278;01:29:14
2026-03-19 13:43:18;REAL - Bench recovery;Élévation latérale;Haltères;Bilatéral;Normale;12;7;0;0;0;0;278;01:29:14
2026-03-19 13:43:18;REAL - Bench recovery;Élévation latérale;Haltères;Bilatéral;Normale;12;7;0;0;0;0;278;01:29:14
2026-03-19 13:43:18;REAL - Bench recovery;Élévation latérale;Haltères;Bilatéral;Normale;12;7;0;0;0;0;278;01:29:14
2026-03-19 13:43:18;REAL - Bench recovery;Curl biceps supination;Barre;Bilatéral;Normale;10;38;0;0;0;0;278;01:29:14
2026-03-19 13:43:18;REAL - Bench recovery;Curl biceps supination;Barre;Bilatéral;Normale;10;38;0;0;0;0;278;01:29:14
2026-03-19 13:43:18;REAL - Bench recovery;Curl biceps supination;Barre;Bilatéral;Normale;10;38;0;0;0;0;278;01:29:14
2026-03-19 13:43:18;REAL - Bench recovery;Développé couché;Barre;Bilatéral;Normale;10;80;0;0;0;0;278;01:29:14
2026-03-19 13:43:18;REAL - Bench recovery;Développé couché;Barre;Bilatéral;Normale;10;80;0;0;0;0;278;01:29:14
2026-03-19 13:43:18;REAL - Bench recovery;Développé couché;Barre;Bilatéral;Normale;10;80;0;0;0;0;278;01:29:14
2026-03-19 13:43:18;REAL - Bench recovery;Développé couché;Barre;Bilatéral;Normale;7;80;0;0;0;0;278;01:29:14
2026-03-19 13:43:18;REAL - Bench recovery;Pompe;Poids du corps;Bilatéral;Normale;20;0;0;0;0;0;278;01:29:14
2026-03-19 13:43:18;REAL - Bench recovery;Pompe;Poids du corps;Bilatéral;Normale;20;0;0;0;0;0;278;01:29:14
2026-03-21 09:42:33;REAL - Deadlift;Soulevé de terre;Barre;Bilatéral;Normale;2;160;0;0;0;0;170;01:23:29
2026-03-21 09:42:33;REAL - Deadlift;Soulevé de terre;Barre;Bilatéral;Normale;2;160;0;0;0;0;170;01:23:29
2026-03-21 09:42:33;REAL - Deadlift;Soulevé de terre;Barre;Bilatéral;Normale;2;160;0;0;0;0;170;01:23:29
2026-03-21 09:42:33;REAL - Deadlift;Soulevé de terre;Barre;Bilatéral;Normale;2;160;0;0;0;0;170;01:23:29
2026-03-21 09:42:33;REAL - Deadlift;Tirage vertical prise large;Poulie vis-à-vis;Bilatéral;Normale;12;73;0;0;0;0;170;01:23:29
2026-03-21 09:42:33;REAL - Deadlift;Tirage vertical prise large;Poulie vis-à-vis;Bilatéral;Normale;12;73;0;0;0;0;170;01:23:29
2026-03-21 09:42:33;REAL - Deadlift;Tirage vertical prise large;Poulie vis-à-vis;Bilatéral;Normale;10;73;0;0;0;0;170;01:23:29
2026-03-21 09:42:33;REAL - Deadlift;Tirage horizontal assis prise serrée;Poulie vis-à-vis;Bilatéral;Normale;12;66;0;0;0;0;170;01:23:29
2026-03-21 09:42:33;REAL - Deadlift;Tirage horizontal assis prise serrée;Poulie vis-à-vis;Bilatéral;Normale;12;59;0;0;0;0;170;01:23:29
2026-03-21 09:42:33;REAL - Deadlift;Tirage horizontal assis prise serrée;Poulie vis-à-vis;Bilatéral;Normale;12;59;0;0;0;0;170;01:23:29
2026-03-23 12:38:47;Renfo;Développé incliné;Barre;Bilatéral;Normale;12;60;0;0;0;0;191;01:06:31
2026-03-23 12:38:47;Renfo;Développé incliné;Barre;Bilatéral;Normale;10;70;0;0;0;0;191;01:06:31
2026-03-23 12:38:47;Renfo;Développé incliné;Barre;Bilatéral;Normale;10;70;0;0;0;0;191;01:06:31
2026-03-23 12:38:47;Renfo;Développé incliné;Barre;Bilatéral;Normale;10;70;0;0;0;0;191;01:06:31
2026-03-23 12:38:47;Renfo;Curl pupitre;Barre;Bilatéral;Normale;8;28;0;0;0;0;191;01:06:31
2026-03-23 12:38:47;Renfo;Dips prise serrée;Poids du corps;Bilatéral;Dégressive;10;0;0;0;0;0;191;01:06:31
2026-03-23 12:38:47;Renfo;Dips prise serrée;Poids du corps;Bilatéral;Dégressive;10;0;0;0;0;0;191;01:06:31
2026-03-23 12:38:47;Renfo;Dips prise serrée;Poids du corps;Bilatéral;Normale;12;0;0;0;0;0;191;01:06:31
2026-03-23 12:38:47;Renfo;Développé militaire;Barre;Bilatéral;Normale;10;40;0;0;0;0;191;01:06:31
2026-03-23 12:38:47;Renfo;Développé militaire;Barre;Bilatéral;Normale;10;40;0;0;0;0;191;01:06:31
2026-03-26 09:23:44;REAL - Bench recovery;Développé militaire;Haltères;Bilatéral;Normale;12;20;0;0;0;0;282;01:25:27
2026-03-26 09:23:44;REAL - Bench recovery;Développé militaire;Haltères;Bilatéral;Normale;15;20;0;0;0;0;282;01:25:27
2026-03-26 09:23:44;REAL - Bench recovery;Développé militaire;Haltères;Bilatéral;Normale;15;20;0;0;0;0;282;01:25:27
2026-03-26 09:23:44;REAL - Bench recovery;Élévation latérale;Haltères;Bilatéral;Normale;12;7;0;0;0;0;282;01:25:27
2026-03-26 09:23:44;REAL - Bench recovery;Élévation latérale;Haltères;Bilatéral;Normale;13;7;0;0;0;0;282;01:25:27
2026-03-26 09:23:44;REAL - Bench recovery;Élévation latérale;Haltères;Bilatéral;Normale;15;7;0;0;0;0;282;01:25:27
2026-03-26 09:23:44;REAL - Bench recovery;Curl biceps supination;Barre;Bilatéral;Normale;10;38;0;0;0;0;282;01:25:27
2026-03-26 09:23:44;REAL - Bench recovery;Curl biceps supination;Barre;Bilatéral;Normale;10;38;0;0;0;0;282;01:25:27
2026-03-26 09:23:44;REAL - Bench recovery;Curl biceps supination;Barre;Bilatéral;Normale;7;38;0;0;0;0;282;01:25:27
2026-03-26 09:23:44;REAL - Bench recovery;Développé couché;Barre;Bilatéral;Normale;15;80;0;0;0;0;282;01:25:27
2026-03-26 09:23:44;REAL - Bench recovery;Développé couché;Barre;Bilatéral;Normale;11;80;0;0;0;0;282;01:25:27
2026-03-26 09:23:44;REAL - Bench recovery;Développé couché;Barre;Bilatéral;Normale;11;80;0;0;0;0;282;01:25:27
2026-03-26 09:23:44;REAL - Bench recovery;Développé couché;Barre;Bilatéral;Normale;10;80;0;0;0;0;282;01:25:27
2026-03-26 09:23:44;REAL - Bench recovery;Pompe;Poids du corps;Bilatéral;Normale;20;0;0;0;0;0;282;01:25:27
2026-03-26 09:23:44;REAL - Bench recovery;Pompe;Poids du corps;Bilatéral;Normale;20;0;0;0;0;0;282;01:25:27
2026-04-03 14:26:31;Recto Verso;Traction prise large;Disque;Bilatéral;Normale;8;20;0;0;0;0;236;01:55:56
2026-04-03 14:26:31;Recto Verso;Traction prise large;Disque;Bilatéral;Normale;8;20;0;0;0;0;236;01:55:56
2026-04-03 14:26:31;Recto Verso;Traction prise large;Disque;Bilatéral;Normale;6;20;0;0;0;0;236;01:55:56
2026-04-03 14:26:31;Recto Verso;Traction prise large;Disque;Bilatéral;Normale;6;20;0;0;0;0;236;01:55:56
2026-04-03 14:26:31;Recto Verso;Développé incliné;Barre;Bilatéral;Normale;8;80;0;0;0;0;236;01:55:56
2026-04-03 14:26:31;Recto Verso;Développé incliné;Barre;Bilatéral;Normale;12;70;0;0;0;0;236;01:55:56
2026-04-03 14:26:31;Recto Verso;Développé incliné;Barre;Bilatéral;Normale;10;70;0;0;0;0;236;01:55:56
2026-04-03 14:26:31;Recto Verso;Développé incliné;Barre;Bilatéral;Normale;9;70;0;0;0;0;236;01:55:56
2026-04-03 14:26:31;Recto Verso;Tirage horizontal prise large;Barre;Bilatéral;Normale;10;60;0;0;0;0;236;01:55:56
2026-04-03 14:26:31;Recto Verso;Tirage horizontal prise large;Barre;Bilatéral;Normale;9;70;0;0;0;0;236;01:55:56
2026-04-03 14:26:31;Recto Verso;Tirage horizontal prise large;Barre;Bilatéral;Normale;9;70;0;0;0;0;236;01:55:56
2026-04-03 14:26:31;Recto Verso;Développé militaire;Barre;Bilatéral;Normale;6;50;0;0;0;0;236;01:55:56
2026-04-03 14:26:31;Recto Verso;Développé militaire;Barre;Bilatéral;Normale;5;55;0;0;0;0;236;01:55:56
2026-04-03 14:26:31;Recto Verso;Développé militaire;Barre;Bilatéral;Normale;4;55;0;0;0;0;236;01:55:56
2026-04-08 13:09:51;Legs & More;Flexion jambes parallèles;Barre;Bilatéral;Normale;8;120;0;0;0;0;265;01:09:48
2026-04-08 13:09:51;Legs & More;Flexion jambes parallèles;Barre;Bilatéral;Normale;8;120;0;0;0;0;265;01:09:48
2026-04-08 13:09:51;Legs & More;Extension de bras poulie haute;Poulie vis-à-vis;Bilatéral;Normale;13;36.5;0;0;0;0;265;01:09:48
2026-04-08 13:09:51;Legs & More;Extension de bras poulie haute;Poulie vis-à-vis;Bilatéral;Normale;13;36.5;0;0;0;0;265;01:09:48
2026-04-08 13:09:51;Legs & More;Extension de bras poulie haute;Poulie vis-à-vis;Bilatéral;Normale;10;36.5;0;0;0;0;265;01:09:48
2026-04-08 13:09:51;Legs & More;Curl biceps supination;Poulie vis-à-vis;Bilatéral;Normale;10;34;0;0;0;0;265;01:09:48
2026-04-08 13:09:51;Legs & More;Curl biceps supination;Poulie vis-à-vis;Bilatéral;Normale;8;34;0;0;0;0;265;01:09:48
2026-04-08 13:09:51;Legs & More;Curl biceps supination;Poulie vis-à-vis;Bilatéral;Normale;9;32;0;0;0;0;265;01:09:48
2026-04-08 13:09:51;Legs & More;Élévation latérale;Poulie vis-à-vis;Unilatéral;Normale;10;7;0;0;0;0;265;01:09:48
2026-04-08 13:09:51;Legs & More;Élévation latérale;Poulie vis-à-vis;Unilatéral;Normale;10;7;0;0;0;0;265;01:09:48
2026-04-08 13:09:51;Legs & More;Élévation latérale;Poulie vis-à-vis;Unilatéral;Normale;10;7;0;0;0;0;265;01:09:48
2026-04-08 13:09:51;Legs & More;Tirage vertical prise serrée;Poulie vis-à-vis;Bilatéral;Normale;12;73;0;0;0;0;265;01:09:48
2026-04-08 13:09:51;Legs & More;Tirage vertical prise serrée;Poulie vis-à-vis;Bilatéral;Normale;10;73;0;0;0;0;265;01:09:48
2026-04-08 13:09:51;Legs & More;Tirage vertical prise serrée;Poulie vis-à-vis;Bilatéral;Normale;9;73;0;0;0;0;265;01:09:48
2026-04-10 08:05:46;Nouvel Entraînement;Élévation latérale;Poulie vis-à-vis;Unilatéral;Normale;12;7;0;0;0;0;256;01:19:31
2026-04-10 08:05:46;Nouvel Entraînement;Élévation latérale;Poulie vis-à-vis;Unilatéral;Normale;12;7;0;0;0;0;256;01:19:31
2026-04-10 08:05:46;Nouvel Entraînement;Élévation latérale;Poulie vis-à-vis;Unilatéral;Normale;12;7;0;0;0;0;256;01:19:31
2026-04-10 08:05:46;Nouvel Entraînement;Élévation latérale;Poulie vis-à-vis;Unilatéral;Normale;12;7;0;0;0;0;256;01:19:31
2026-04-10 08:05:46;Nouvel Entraînement;Développé couché;Barre;Bilatéral;Normale;8;85;0;0;0;0;256;01:19:31
2026-04-10 08:05:46;Nouvel Entraînement;Développé couché;Barre;Bilatéral;Normale;8;85;0;0;0;0;256;01:19:31
2026-04-10 08:05:46;Nouvel Entraînement;Développé couché;Barre;Bilatéral;Normale;8;85;0;0;0;0;256;01:19:31
2026-04-10 08:05:46;Nouvel Entraînement;Développé couché;Barre;Bilatéral;Normale;8;85;0;0;0;0;256;01:19:31
2026-04-10 08:05:46;Nouvel Entraînement;Tirage visage;Poulie vis-à-vis;Bilatéral;Normale;15;22.5;0;0;0;0;256;01:19:31
2026-04-10 08:05:46;Nouvel Entraînement;Tirage visage;Poulie vis-à-vis;Bilatéral;Normale;15;22.5;0;0;0;0;256;01:19:31
2026-04-10 08:05:46;Nouvel Entraînement;Tirage visage;Poulie vis-à-vis;Bilatéral;Normale;15;22.5;0;0;0;0;256;01:19:31
2026-04-10 08:05:46;Nouvel Entraînement;Développé militaire;Barre;Bilatéral;Normale;9;50;0;0;0;0;256;01:19:31
2026-04-10 08:05:46;Nouvel Entraînement;Développé militaire;Barre;Bilatéral;Normale;7;50;0;0;0;0;256;01:19:31
2026-04-10 08:05:46;Nouvel Entraînement;Développé militaire;Barre;Bilatéral;Normale;4;50;0;0;0;0;256;01:19:31
2026-04-13 09:10:28;UPPER POWER;Élévation latérale;Poulie vis-à-vis;Unilatéral;Normale;15;7;0;0;0;0;358;01:57:23
2026-04-13 09:10:28;UPPER POWER;Élévation latérale;Poulie vis-à-vis;Unilatéral;Normale;15;7;0;0;0;0;358;01:57:23
2026-04-13 09:10:28;UPPER POWER;Élévation latérale;Poulie vis-à-vis;Unilatéral;Normale;15;7;0;0;0;0;358;01:57:23
2026-04-13 09:10:28;UPPER POWER;Élévation latérale;Poulie vis-à-vis;Unilatéral;Normale;15;7;0;0;0;0;358;01:57:23
2026-04-13 09:10:28;UPPER POWER;Traction prise large;Disque;Bilatéral;Normale;6;25;0;0;0;0;358;01:57:23
2026-04-13 09:10:28;UPPER POWER;Traction prise large;Disque;Bilatéral;Normale;6;25;0;0;0;0;358;01:57:23
2026-04-13 09:10:28;UPPER POWER;Traction prise large;Disque;Bilatéral;Normale;5;25;0;0;0;0;358;01:57:23
2026-04-13 09:10:28;UPPER POWER;Traction prise large;Disque;Bilatéral;Normale;8;20;0;0;0;0;358;01:57:23
2026-04-13 09:10:28;UPPER POWER;Traction prise large;Disque;Bilatéral;Normale;6;20;0;0;0;0;358;01:57:23
2026-04-13 09:10:28;UPPER POWER;Traction prise large;Disque;Bilatéral;Normale;5;20;0;0;0;0;358;01:57:23
2026-04-13 09:10:28;UPPER POWER;Développé militaire;Barre;Bilatéral;Normale;10;50;0;0;0;0;358;01:57:23
2026-04-13 09:10:28;UPPER POWER;Développé militaire;Barre;Bilatéral;Normale;9;50;0;0;0;0;358;01:57:23
2026-04-13 09:10:28;UPPER POWER;Développé militaire;Barre;Bilatéral;Normale;6;50;0;0;0;0;358;01:57:23
2026-04-13 09:10:28;UPPER POWER;Développé militaire;Barre;Bilatéral;Normale;8;50;0;0;0;0;358;01:57:23
2026-04-13 09:10:28;UPPER POWER;Développé incliné;Barre;Bilatéral;Normale;4;80;0;0;0;0;358;01:57:23
2026-04-13 09:10:28;UPPER POWER;Développé incliné;Barre;Bilatéral;Normale;11;70;0;0;0;0;358;01:57:23
2026-04-13 09:10:28;UPPER POWER;Développé incliné;Barre;Bilatéral;Normale;9;70;0;0;0;0;358;01:57:23
2026-04-13 09:10:28;UPPER POWER;Curl biceps supination;Barre;Bilatéral;Normale;8;38;0;0;0;0;358;01:57:23
2026-04-13 09:10:28;UPPER POWER;Curl biceps supination;Barre;Bilatéral;Normale;8;38;0;0;0;0;358;01:57:23
2026-04-13 09:10:28;UPPER POWER;Curl biceps supination;Barre;Bilatéral;Normale;7;38;0;0;0;0;358;01:57:23
2026-04-13 09:10:28;UPPER POWER;Curl biceps supination;Barre;Bilatéral;Normale;7;38;0;0;0;0;358;01:57:23
2026-04-15 11:08:56;LOWER ENDURANCE;Flexion jambes parallèles;Barre;Bilatéral;Normale;8;110;0;0;0;0;407;01:49:25
2026-04-15 11:08:56;LOWER ENDURANCE;Flexion jambes parallèles;Barre;Bilatéral;Normale;8;110;0;0;0;0;407;01:49:25
2026-04-15 11:08:56;LOWER ENDURANCE;Flexion jambes parallèles;Barre;Bilatéral;Normale;8;110;0;0;0;0;407;01:49:25
2026-04-15 11:08:56;LOWER ENDURANCE;Flexion jambes parallèles;Barre;Bilatéral;Normale;8;110;0;0;0;0;407;01:49:25
2026-04-15 11:08:56;LOWER ENDURANCE;Flexion de jambes assis;Machine guidée à poulie;Bilatéral;Normale;10;73;0;0;0;0;407;01:49:25
2026-04-15 11:08:56;LOWER ENDURANCE;Flexion de jambes assis;Machine guidée à poulie;Bilatéral;Normale;11;73;0;0;0;0;407;01:49:25
2026-04-15 11:08:56;LOWER ENDURANCE;Flexion de jambes assis;Machine guidée à poulie;Bilatéral;Normale;10;73;0;0;0;0;407;01:49:25
2026-04-15 11:08:56;LOWER ENDURANCE;Élévation latérale;Poulie vis-à-vis;Unilatéral;Normale;18;7;0;0;0;0;407;01:49:25
2026-04-15 11:08:56;LOWER ENDURANCE;Élévation latérale;Poulie vis-à-vis;Unilatéral;Normale;18;7;0;0;0;0;407;01:49:25
2026-04-15 11:08:56;LOWER ENDURANCE;Élévation latérale;Poulie vis-à-vis;Unilatéral;Normale;18;7;0;0;0;0;407;01:49:25
2026-04-15 11:08:56;LOWER ENDURANCE;Élévation latérale;Poulie vis-à-vis;Unilatéral;Normale;18;7;0;0;0;0;407;01:49:25
2026-04-15 11:08:56;LOWER ENDURANCE;Montée sur banc;Poids du corps;Unilatéral;Normale;15;0;0;0;0;0;407;01:49:25
2026-04-15 11:08:56;LOWER ENDURANCE;Montée sur banc;Poids du corps;Unilatéral;Normale;15;0;0;0;0;0;407;01:49:25
2026-04-15 11:08:56;LOWER ENDURANCE;Montée sur banc;Poids du corps;Unilatéral;Normale;15;0;0;0;0;0;407;01:49:25
2026-04-15 11:08:56;LOWER ENDURANCE;Extension de mollet debout;Machine guidée à poulie;Bilatéral;Normale;15;86;0;0;0;0;407;01:49:25
2026-04-15 11:08:56;LOWER ENDURANCE;Extension de mollet debout;Machine guidée à poulie;Bilatéral;Normale;15;86;0;0;0;0;407;01:49:25
2026-04-15 11:08:56;LOWER ENDURANCE;Extension de mollet debout;Machine guidée à poulie;Bilatéral;Normale;15;86;0;0;0;0;407;01:49:25
2026-04-15 11:08:56;LOWER ENDURANCE;Extension de mollet debout;Machine guidée à poulie;Bilatéral;Normale;15;86;0;0;0;0;407;01:49:25
2026-04-15 11:08:56;LOWER ENDURANCE;Sissy squat;Poids du corps;Bilatéral;Normale;10;0;0;0;0;0;407;01:49:25
2026-04-15 11:08:56;LOWER ENDURANCE;Sissy squat;Poids du corps;Bilatéral;Normale;10;0;0;0;0;0;407;01:49:25
2026-04-15 11:08:56;LOWER ENDURANCE;Sissy squat;Poids du corps;Bilatéral;Normale;10;0;0;0;0;0;407;01:49:25
2026-04-17 11:49:29;UPPER ENDURANCE;Élévation latérale;Poulie vis-à-vis;Unilatéral;Normale;20;7;0;0;0;0;433;01:20:08
2026-04-17 11:49:29;UPPER ENDURANCE;Élévation latérale;Poulie vis-à-vis;Unilatéral;Normale;20;7;0;0;0;0;433;01:20:08
2026-04-17 11:49:29;UPPER ENDURANCE;Élévation latérale;Poulie vis-à-vis;Unilatéral;Normale;20;7;0;0;0;0;433;01:20:08
2026-04-17 11:49:29;UPPER ENDURANCE;Élévation latérale;Poulie vis-à-vis;Unilatéral;Normale;20;7;0;0;0;0;433;01:20:08
2026-04-17 11:49:29;UPPER ENDURANCE;Traction prise large;Poids du corps;Bilatéral;Normale;6;0;0;0;0;0;433;01:20:08
2026-04-17 11:49:29;UPPER ENDURANCE;Traction prise large;Poids du corps;Bilatéral;Normale;6;0;0;0;0;0;433;01:20:08
2026-04-17 11:49:29;UPPER ENDURANCE;Traction prise large;Poids du corps;Bilatéral;Normale;6;0;0;0;0;0;433;01:20:08
2026-04-17 11:49:29;UPPER ENDURANCE;Traction prise large;Poids du corps;Bilatéral;Normale;6;0;0;0;0;0;433;01:20:08
2026-04-17 11:49:29;UPPER ENDURANCE;Traction prise large;Poids du corps;Bilatéral;Normale;6;0;0;0;0;0;433;01:20:08
2026-04-17 11:49:29;UPPER ENDURANCE;Traction prise large;Poids du corps;Bilatéral;Normale;6;0;0;0;0;0;433;01:20:08
2026-04-17 11:49:29;UPPER ENDURANCE;Traction prise large;Poids du corps;Bilatéral;Normale;6;0;0;0;0;0;433;01:20:08
2026-04-17 11:49:29;UPPER ENDURANCE;Traction prise large;Poids du corps;Bilatéral;Normale;6;0;0;0;0;0;433;01:20:08
2026-04-17 11:49:29;UPPER ENDURANCE;Traction prise large;Poids du corps;Bilatéral;Normale;6;0;0;0;0;0;433;01:20:08
2026-04-17 11:49:29;UPPER ENDURANCE;Traction prise large;Poids du corps;Bilatéral;Normale;6;0;0;0;0;0;433;01:20:08
2026-04-17 11:49:29;UPPER ENDURANCE;Développé couché;Barre;Bilatéral;Normale;15;70;0;0;0;0;433;01:20:08
2026-04-17 11:49:29;UPPER ENDURANCE;Développé couché;Barre;Bilatéral;Normale;12;70;0;0;0;0;433;01:20:08
2026-04-17 11:49:29;UPPER ENDURANCE;Développé couché;Barre;Bilatéral;Normale;12;70;0;0;0;0;433;01:20:08
2026-04-17 11:49:29;UPPER ENDURANCE;Extension verticale;Poulie vis-à-vis;Bilatéral;Normale;9;18;0;0;0;0;433;01:20:08
2026-04-17 11:49:29;UPPER ENDURANCE;Extension verticale;Poulie vis-à-vis;Bilatéral;Normale;12;16;0;0;0;0;433;01:20:08
2026-04-17 11:49:29;UPPER ENDURANCE;Extension verticale;Poulie vis-à-vis;Bilatéral;Normale;12;16;0;0;0;0;433;01:20:08
2026-04-17 11:49:29;UPPER ENDURANCE;Extension verticale;Poulie vis-à-vis;Bilatéral;Normale;12;16;0;0;0;0;433;01:20:08
2026-04-17 11:49:29;UPPER ENDURANCE;Pompe;Poids du corps;Bilatéral;Normale;20;0;0;0;0;0;433;01:20:08
2026-04-17 11:49:29;UPPER ENDURANCE;Pompe;Poids du corps;Bilatéral;Normale;20;0;0;0;0;0;433;01:20:08
2026-04-17 11:49:29;UPPER ENDURANCE;Burpees;Poids du corps;Bilatéral;Normale;15;0;0;0;0;0;433;01:20:08
2026-04-20 20:17:00;UPPER POWER;Élévation latérale;Poulie vis-à-vis;Unilatéral;Normale;12;9;0;0;0;0;355;01:49:00
2026-04-20 20:17:00;UPPER POWER;Élévation latérale;Poulie vis-à-vis;Unilatéral;Normale;12;9;0;0;0;0;355;01:49:00
2026-04-20 20:17:00;UPPER POWER;Élévation latérale;Poulie vis-à-vis;Unilatéral;Normale;12;9;0;0;0;0;355;01:49:00
2026-04-20 20:17:00;UPPER POWER;Élévation latérale;Poulie vis-à-vis;Unilatéral;Normale;12;9;0;0;0;0;355;01:49:00
2026-04-20 20:17:00;UPPER POWER;Traction prise large;Disque;Bilatéral;Normale;6;25;0;0;0;0;355;01:49:00
2026-04-20 20:17:00;UPPER POWER;Traction prise large;Disque;Bilatéral;Normale;6;25;0;0;0;0;355;01:49:00
2026-04-20 20:17:00;UPPER POWER;Traction prise large;Disque;Bilatéral;Normale;6;25;0;0;0;0;355;01:49:00
2026-04-20 20:17:00;UPPER POWER;Traction prise large;Disque;Bilatéral;Normale;5;25;0;0;0;0;355;01:49:00
2026-04-20 20:17:00;UPPER POWER;Traction prise large;Disque;Bilatéral;Normale;5;25;0;0;0;0;355;01:49:00
2026-04-20 20:17:00;UPPER POWER;Traction prise large;Disque;Bilatéral;Normale;5;25;0;0;0;0;355;01:49:00
2026-04-20 20:17:00;UPPER POWER;Développé militaire;Barre;Bilatéral;Normale;11;50;0;0;0;0;355;01:49:00
2026-04-20 20:17:00;UPPER POWER;Développé militaire;Barre;Bilatéral;Normale;10;50;0;0;0;0;355;01:49:00
2026-04-20 20:17:00;UPPER POWER;Développé militaire;Barre;Bilatéral;Normale;9;50;0;0;0;0;355;01:49:00
2026-04-20 20:17:00;UPPER POWER;Développé militaire;Barre;Bilatéral;Normale;8;50;0;0;0;0;355;01:49:00
2026-04-20 20:17:00;UPPER POWER;Développé incliné;Barre;Bilatéral;Normale;12;70;0;0;0;0;355;01:49:00
2026-04-20 20:17:00;UPPER POWER;Développé incliné;Barre;Bilatéral;Normale;10;70;0;0;0;0;355;01:49:00
2026-04-20 20:17:00;UPPER POWER;Développé incliné;Barre;Bilatéral;Normale;9;70;0;0;0;0;355;01:49:00
2026-04-20 20:17:00;UPPER POWER;Curl biceps supination;Barre;Bilatéral;Normale;9;38;0;0;0;0;355;01:49:00
2026-04-20 20:17:00;UPPER POWER;Curl biceps supination;Barre;Bilatéral;Normale;9;38;0;0;0;0;355;01:49:00
2026-04-20 20:17:00;UPPER POWER;Curl biceps supination;Barre;Bilatéral;Normale;7;38;0;0;0;0;355;01:49:00
2026-04-20 20:17:00;UPPER POWER;Curl biceps supination;Barre;Bilatéral;Normale;7;38;0;0;0;0;355;01:49:00
2026-04-22 09:50:22;LOWER ENDURANCE;Élévation latérale;Poulie vis-à-vis;Unilatéral;Normale;15;9;0;0;0;0;403;02:39:40
2026-04-22 09:50:22;LOWER ENDURANCE;Élévation latérale;Poulie vis-à-vis;Unilatéral;Normale;15;9;0;0;0;0;403;02:39:40
2026-04-22 09:50:22;LOWER ENDURANCE;Élévation latérale;Poulie vis-à-vis;Unilatéral;Normale;15;9;0;0;0;0;403;02:39:40
2026-04-22 09:50:22;LOWER ENDURANCE;Élévation latérale;Poulie vis-à-vis;Unilatéral;Normale;15;9;0;0;0;0;403;02:39:40
2026-04-22 09:50:22;LOWER ENDURANCE;Flexion jambes parallèles;Barre;Bilatéral;Normale;8;120;0;0;0;0;403;02:39:40
2026-04-22 09:50:22;LOWER ENDURANCE;Flexion jambes parallèles;Barre;Bilatéral;Normale;8;120;0;0;0;0;403;02:39:40
2026-04-22 09:50:22;LOWER ENDURANCE;Flexion jambes parallèles;Barre;Bilatéral;Normale;8;120;0;0;0;0;403;02:39:40
2026-04-22 09:50:22;LOWER ENDURANCE;Flexion jambes parallèles;Barre;Bilatéral;Normale;8;120;0;0;0;0;403;02:39:40
2026-04-22 09:50:22;LOWER ENDURANCE;Flexion de jambes assis;Machine guidée à poulie;Bilatéral;Normale;12;73;0;0;0;0;403;02:39:40
2026-04-22 09:50:22;LOWER ENDURANCE;Flexion de jambes assis;Machine guidée à poulie;Bilatéral;Normale;11;73;0;0;0;0;403;02:39:40
2026-04-22 09:50:22;LOWER ENDURANCE;Flexion de jambes assis;Machine guidée à poulie;Bilatéral;Normale;9;73;0;0;0;0;403;02:39:40
2026-04-22 09:50:22;LOWER ENDURANCE;Montée sur banc;Poids du corps;Unilatéral;Normale;15;4;0;0;0;0;403;02:39:40
2026-04-22 09:50:22;LOWER ENDURANCE;Montée sur banc;Poids du corps;Unilatéral;Normale;15;4;0;0;0;0;403;02:39:40
2026-04-22 09:50:22;LOWER ENDURANCE;Montée sur banc;Poids du corps;Unilatéral;Normale;15;4;0;0;0;0;403;02:39:40
2026-04-22 09:50:22;LOWER ENDURANCE;Extension de mollet debout;Machine guidée à poulie;Bilatéral;Normale;15;93;0;0;0;0;403;02:39:40
2026-04-22 09:50:22;LOWER ENDURANCE;Extension de mollet debout;Machine guidée à poulie;Bilatéral;Normale;15;93;0;0;0;0;403;02:39:40
2026-04-22 09:50:22;LOWER ENDURANCE;Extension de mollet debout;Machine guidée à poulie;Bilatéral;Normale;15;93;0;0;0;0;403;02:39:40
2026-04-22 09:50:22;LOWER ENDURANCE;Extension de mollet debout;Machine guidée à poulie;Bilatéral;Normale;15;93;0;0;0;0;403;02:39:40
2026-04-22 09:50:22;LOWER ENDURANCE;Sissy squat;Poids du corps;Bilatéral;Normale;12;0;0;0;0;0;403;02:39:40
2026-04-22 09:50:22;LOWER ENDURANCE;Sissy squat;Poids du corps;Bilatéral;Normale;12;0;0;0;0;0;403;02:39:40
2026-04-22 09:50:22;LOWER ENDURANCE;Sissy squat;Poids du corps;Bilatéral;Normale;12;0;0;0;0;0;403;02:39:40
2026-04-27 12:32:49;UPPER POWER;Élévation latérale;Poulie vis-à-vis;Unilatéral;Normale;15;9;0;0;0;0;126;00:26:52
2026-04-27 12:32:49;UPPER POWER;Élévation latérale;Poulie vis-à-vis;Unilatéral;Normale;15;9;0;0;0;0;126;00:26:52
2026-04-27 12:32:49;UPPER POWER;Élévation latérale;Poulie vis-à-vis;Unilatéral;Normale;15;9;0;0;0;0;126;00:26:52
2026-04-27 12:32:49;UPPER POWER;Élévation latérale;Poulie vis-à-vis;Unilatéral;Normale;15;9;0;0;0;0;126;00:26:52
2026-04-27 12:32:49;UPPER POWER;Traction prise large;Disque;Bilatéral;Normale;6;25;0;0;0;0;126;00:26:52
2026-04-27 12:32:49;UPPER POWER;Traction prise large;Disque;Bilatéral;Normale;6;25;0;0;0;0;126;00:26:52
2026-05-02 09:45:00;Nouvel Entraînement;Élévation latérale;Poulie vis-à-vis;Unilatéral;Normale;15;9;0;0;0;0;368;01:00:40
2026-05-02 09:45:00;Nouvel Entraînement;Élévation latérale;Poulie vis-à-vis;Unilatéral;Normale;15;9;0;0;0;0;368;01:00:40
2026-05-02 09:45:00;Nouvel Entraînement;Élévation latérale;Poulie vis-à-vis;Unilatéral;Normale;13;9;0;0;0;0;368;01:00:40
2026-05-02 09:45:00;Nouvel Entraînement;Développé couché;Barre;Bilatéral;Normale;20;70;0;0;0;0;368;01:00:40
2026-05-02 09:45:00;Nouvel Entraînement;Pompe;Poids du corps;Bilatéral;Normale;10;0;0;0;0;0;368;01:00:40
2026-05-02 09:45:00;Nouvel Entraînement;Pompe;Poids du corps;Bilatéral;Normale;10;0;0;0;0;0;368;01:00:40
2026-05-02 09:45:00;Nouvel Entraînement;Pompe;Poids du corps;Bilatéral;Normale;10;0;0;0;0;0;368;01:00:40
2026-05-02 09:45:00;Nouvel Entraînement;Burpees;Poids du corps;Bilatéral;Normale;10;0;0;0;0;0;368;01:00:40
2026-05-02 09:45:00;Nouvel Entraînement;Burpees;Poids du corps;Bilatéral;Normale;10;0;0;0;0;0;368;01:00:40
2026-05-02 09:45:00;Nouvel Entraînement;Burpees;Poids du corps;Bilatéral;Normale;10;0;0;0;0;0;368;01:00:40
2026-05-02 09:45:00;Nouvel Entraînement;Fente avant;Poids du corps;Unilatéral;Normale;12;20;0;0;0;0;368;01:00:40
2026-05-02 09:45:00;Nouvel Entraînement;Fente avant;Poids du corps;Unilatéral;Normale;12;20;0;0;0;0;368;01:00:40
2026-05-02 09:45:00;Nouvel Entraînement;Fente avant;Poids du corps;Unilatéral;Normale;12;20;0;0;0;0;368;01:00:40
2026-05-02 09:45:00;Nouvel Entraînement;Farmer Carry;Haltères;Bilatéral;Normale;40;60;0;0;0;0;368;01:00:40
2026-05-02 09:45:00;Nouvel Entraînement;Farmer Carry;Haltères;Bilatéral;Normale;40;60;0;0;0;0;368;01:00:40
2026-05-02 09:45:00;Nouvel Entraînement;Farmer Carry;Haltères;Bilatéral;Normale;40;60;0;0;0;0;368;01:00:40
2026-05-02 09:45:00;Nouvel Entraînement;Squat Hold;Poids du corps;Bilatéral;Normale;0;0;0;0;0;0;368;01:00:40
2026-05-02 09:45:00;Nouvel Entraînement;Squat Hold;Poids du corps;Bilatéral;Normale;0;0;0;0;0;0;368;01:00:40
2026-05-02 09:45:00;Nouvel Entraînement;Squat Hold;Poids du corps;Bilatéral;Normale;0;0;0;0;0;0;368;01:00:40
2026-05-02 09:45:00;Nouvel Entraînement;Planche frontale;Poids du corps;Bilatéral;Normale;0;0;0;0;0;0;368;01:00:40
2026-05-02 09:45:00;Nouvel Entraînement;Planche frontale;Poids du corps;Bilatéral;Normale;0;0;0;0;0;0;368;01:00:40
2026-05-02 09:45:00;Nouvel Entraînement;Planche frontale;Poids du corps;Bilatéral;Normale;0;0;0;0;0;0;368;01:00:40
2026-05-05 20:43:00;UPPER POWER;Élévation latérale;Poulie vis-à-vis;Unilatéral;Normale;15;9;0;0;0;0;291;01:41:00
2026-05-05 20:43:00;UPPER POWER;Élévation latérale;Poulie vis-à-vis;Unilatéral;Normale;15;9;0;0;0;0;291;01:41:00
2026-05-05 20:43:00;UPPER POWER;Élévation latérale;Poulie vis-à-vis;Unilatéral;Normale;15;9;0;0;0;0;291;01:41:00
2026-05-05 20:43:00;UPPER POWER;Élévation latérale;Poulie vis-à-vis;Unilatéral;Normale;15;9;0;0;0;0;291;01:41:00
2026-05-05 20:43:00;UPPER POWER;Traction prise large;Disque;Bilatéral;Normale;5;25;0;0;0;0;291;01:41:00
2026-05-05 20:43:00;UPPER POWER;Traction prise large;Disque;Bilatéral;Normale;4;25;0;0;0;0;291;01:41:00
2026-05-05 20:43:00;UPPER POWER;Traction prise large;Disque;Bilatéral;Normale;7;20;0;0;0;0;291;01:41:00
2026-05-05 20:43:00;UPPER POWER;Traction prise large;Disque;Bilatéral;Normale;6;20;0;0;0;0;291;01:41:00
2026-05-05 20:43:00;UPPER POWER;Traction prise large;Disque;Bilatéral;Normale;6;20;0;0;0;0;291;01:41:00
2026-05-05 20:43:00;UPPER POWER;Traction prise large;Disque;Bilatéral;Normale;6;20;0;0;0;0;291;01:41:00
2026-05-05 20:43:00;UPPER POWER;Développé militaire;Barre;Bilatéral;Normale;6;55;0;0;0;0;291;01:41:00
2026-05-05 20:43:00;UPPER POWER;Développé militaire;Barre;Bilatéral;Normale;6;55;0;0;0;0;291;01:41:00
2026-05-05 20:43:00;UPPER POWER;Développé militaire;Barre;Bilatéral;Normale;6;55;0;0;0;0;291;01:41:00
2026-05-05 20:43:00;UPPER POWER;Développé militaire;Barre;Bilatéral;Normale;6;55;0;0;0;0;291;01:41:00
2026-05-05 20:43:00;UPPER POWER;Développé incliné;Barre;Bilatéral;Normale;10;70;0;0;0;0;291;01:41:00
2026-05-05 20:43:00;UPPER POWER;Développé incliné;Barre;Bilatéral;Normale;10;70;0;0;0;0;291;01:41:00
2026-05-05 20:43:00;UPPER POWER;Développé incliné;Barre;Bilatéral;Normale;8;70;0;0;0;0;291;01:41:00
2026-05-07 13:18:53;LOWER ENDURANCE;Flexion jambes parallèles;Barre;Bilatéral;Normale;10;100;0;0;0;0;391;01:45:05
2026-05-07 13:18:53;LOWER ENDURANCE;Flexion jambes parallèles;Barre;Bilatéral;Normale;10;100;0;0;0;0;391;01:45:05
2026-05-07 13:18:53;LOWER ENDURANCE;Flexion jambes parallèles;Barre;Bilatéral;Normale;10;100;0;0;0;0;391;01:45:05
2026-05-07 13:18:53;LOWER ENDURANCE;Flexion jambes parallèles;Barre;Bilatéral;Normale;10;100;0;0;0;0;391;01:45:05
2026-05-07 13:18:53;LOWER ENDURANCE;Élévation latérale;Haltères;Bilatéral;Normale;15;10;0;0;0;0;391;01:45:05
2026-05-07 13:18:53;LOWER ENDURANCE;Élévation latérale;Haltères;Bilatéral;Normale;15;10;0;0;0;0;391;01:45:05
2026-05-07 13:18:53;LOWER ENDURANCE;Élévation latérale;Haltères;Bilatéral;Normale;15;10;0;0;0;0;391;01:45:05
2026-05-07 13:18:53;LOWER ENDURANCE;Élévation latérale;Haltères;Bilatéral;Normale;15;10;0;0;0;0;391;01:45:05
2026-05-07 13:18:53;LOWER ENDURANCE;Flexion de jambes assis;Machine guidée à poulie;Bilatéral;Normale;12;73;0;0;0;0;391;01:45:05
2026-05-07 13:18:53;LOWER ENDURANCE;Flexion de jambes assis;Machine guidée à poulie;Bilatéral;Normale;12;73;0;0;0;0;391;01:45:05
2026-05-07 13:18:53;LOWER ENDURANCE;Flexion de jambes assis;Machine guidée à poulie;Bilatéral;Normale;9;73;0;0;0;0;391;01:45:05
2026-05-07 13:18:53;LOWER ENDURANCE;Montée sur banc;Poids du corps;Unilatéral;Normale;15;6;0;0;0;0;391;01:45:05
2026-05-07 13:18:53;LOWER ENDURANCE;Montée sur banc;Poids du corps;Unilatéral;Normale;15;6;0;0;0;0;391;01:45:05
2026-05-07 13:18:53;LOWER ENDURANCE;Montée sur banc;Poids du corps;Unilatéral;Normale;15;6;0;0;0;0;391;01:45:05
2026-05-07 13:18:53;LOWER ENDURANCE;Extension de mollet debout;Machine guidée à poulie;Bilatéral;Normale;15;100;0;0;0;0;391;01:45:05
2026-05-07 13:18:53;LOWER ENDURANCE;Extension de mollet debout;Machine guidée à poulie;Bilatéral;Normale;15;100;0;0;0;0;391;01:45:05
2026-05-07 13:18:53;LOWER ENDURANCE;Extension de mollet debout;Machine guidée à poulie;Bilatéral;Normale;15;100;0;0;0;0;391;01:45:05
2026-05-07 13:18:53;LOWER ENDURANCE;Extension de mollet debout;Machine guidée à poulie;Bilatéral;Normale;15;100;0;0;0;0;391;01:45:05
2026-05-07 13:18:53;LOWER ENDURANCE;Sissy squat;Poids du corps;Bilatéral;Normale;12;0;0;0;0;0;391;01:45:05
2026-05-07 13:18:53;LOWER ENDURANCE;Sissy squat;Poids du corps;Bilatéral;Normale;12;0;0;0;0;0;391;01:45:05
2026-05-07 13:18:53;LOWER ENDURANCE;Sissy squat;Poids du corps;Bilatéral;Normale;12;0;0;0;0;0;391;01:45:05
2026-05-10 19:51:52;UPPER ENDURANCE;Élévation latérale;Poulie vis-à-vis;Unilatéral;Normale;16;9;0;0;0;0;426;01:11:03
2026-05-10 19:51:52;UPPER ENDURANCE;Élévation latérale;Poulie vis-à-vis;Unilatéral;Normale;15;9;0;0;0;0;426;01:11:03
2026-05-10 19:51:52;UPPER ENDURANCE;Élévation latérale;Poulie vis-à-vis;Unilatéral;Normale;15;9;0;0;0;0;426;01:11:03
2026-05-10 19:51:52;UPPER ENDURANCE;Élévation latérale;Poulie vis-à-vis;Unilatéral;Normale;15;9;0;0;0;0;426;01:11:03
2026-05-10 19:51:52;UPPER ENDURANCE;Traction prise large;Poids du corps;Bilatéral;Normale;6;0;0;0;0;0;426;01:11:03
2026-05-10 19:51:52;UPPER ENDURANCE;Traction prise large;Poids du corps;Bilatéral;Normale;6;0;0;0;0;0;426;01:11:03
2026-05-10 19:51:52;UPPER ENDURANCE;Traction prise large;Poids du corps;Bilatéral;Normale;6;0;0;0;0;0;426;01:11:03
2026-05-10 19:51:52;UPPER ENDURANCE;Traction prise large;Poids du corps;Bilatéral;Normale;6;0;0;0;0;0;426;01:11:03
2026-05-10 19:51:52;UPPER ENDURANCE;Traction prise large;Poids du corps;Bilatéral;Normale;6;0;0;0;0;0;426;01:11:03
2026-05-10 19:51:52;UPPER ENDURANCE;Traction prise large;Poids du corps;Bilatéral;Normale;6;0;0;0;0;0;426;01:11:03
2026-05-10 19:51:52;UPPER ENDURANCE;Traction prise large;Poids du corps;Bilatéral;Normale;6;0;0;0;0;0;426;01:11:03
2026-05-10 19:51:52;UPPER ENDURANCE;Traction prise large;Poids du corps;Bilatéral;Normale;6;0;0;0;0;0;426;01:11:03
2026-05-10 19:51:52;UPPER ENDURANCE;Traction prise large;Poids du corps;Bilatéral;Normale;4;0;0;0;0;0;426;01:11:03
2026-05-10 19:51:52;UPPER ENDURANCE;Traction prise large;Poids du corps;Bilatéral;Normale;5;0;0;0;0;0;426;01:11:03
2026-05-10 19:51:52;UPPER ENDURANCE;Développé incliné;Haltères;Bilatéral;Normale;12;30;0;0;0;0;426;01:11:03
2026-05-10 19:51:52;UPPER ENDURANCE;Développé incliné;Haltères;Bilatéral;Normale;10;30;0;0;0;0;426;01:11:03
2026-05-10 19:51:52;UPPER ENDURANCE;Développé incliné;Haltères;Bilatéral;Normale;11;30;0;0;0;0;426;01:11:03
2026-05-10 19:51:52;UPPER ENDURANCE;Extension verticale;Poulie vis-à-vis;Bilatéral;Normale;15;16;0;0;0;0;426;01:11:03
2026-05-10 19:51:52;UPPER ENDURANCE;Extension verticale;Poulie vis-à-vis;Bilatéral;Normale;15;16;0;0;0;0;426;01:11:03
2026-05-10 19:51:52;UPPER ENDURANCE;Extension verticale;Poulie vis-à-vis;Bilatéral;Normale;12;16;0;0;0;0;426;01:11:03
2026-05-10 19:51:52;UPPER ENDURANCE;Extension verticale;Poulie vis-à-vis;Bilatéral;Normale;15;16;0;0;0;0;426;01:11:03
2026-05-10 19:51:52;UPPER ENDURANCE;Pompe;Poids du corps;Bilatéral;Normale;20;0;0;0;0;0;426;01:11:03
2026-05-10 19:51:52;UPPER ENDURANCE;Pompe;Poids du corps;Bilatéral;Normale;20;0;0;0;0;0;426;01:11:03
2026-05-10 19:51:52;UPPER ENDURANCE;Burpees;Poids du corps;Bilatéral;Normale;20;0;0;0;0;0;426;01:11:03
2026-05-13 20:00:07;UPPER POWER;Élévation latérale;Poulie vis-à-vis;Unilatéral;Normale;15;9;0;0;0;0;358;01:48:35
2026-05-13 20:00:07;UPPER POWER;Élévation latérale;Poulie vis-à-vis;Unilatéral;Normale;15;9;0;0;0;0;358;01:48:35
2026-05-13 20:00:07;UPPER POWER;Élévation latérale;Poulie vis-à-vis;Unilatéral;Normale;15;9;0;0;0;0;358;01:48:35
2026-05-13 20:00:07;UPPER POWER;Élévation latérale;Poulie vis-à-vis;Unilatéral;Normale;15;9;0;0;0;0;358;01:48:35
2026-05-13 20:00:07;UPPER POWER;Traction prise large;Disque;Bilatéral;Normale;6;25;0;0;0;0;358;01:48:35
2026-05-13 20:00:07;UPPER POWER;Traction prise large;Disque;Bilatéral;Normale;6;25;0;0;0;0;358;01:48:35
2026-05-13 20:00:07;UPPER POWER;Traction prise large;Disque;Bilatéral;Normale;6;25;0;0;0;0;358;01:48:35
2026-05-13 20:00:07;UPPER POWER;Traction prise large;Disque;Bilatéral;Normale;6;25;0;0;0;0;358;01:48:35
2026-05-13 20:00:07;UPPER POWER;Traction prise large;Disque;Bilatéral;Normale;4;25;0;0;0;0;358;01:48:35
2026-05-13 20:00:07;UPPER POWER;Traction prise large;Disque;Bilatéral;Normale;7;20;0;0;0;0;358;01:48:35
2026-05-13 20:00:07;UPPER POWER;Développé militaire;Barre;Bilatéral;Normale;7;55;0;0;0;0;358;01:48:35
2026-05-13 20:00:07;UPPER POWER;Développé militaire;Barre;Bilatéral;Normale;7;55;0;0;0;0;358;01:48:35
2026-05-13 20:00:07;UPPER POWER;Développé militaire;Barre;Bilatéral;Normale;6;55;0;0;0;0;358;01:48:35
2026-05-13 20:00:07;UPPER POWER;Développé militaire;Barre;Bilatéral;Normale;6;55;0;0;0;0;358;01:48:35
2026-05-13 20:00:07;UPPER POWER;Développé incliné;Barre;Bilatéral;Normale;8;75;0;0;0;0;358;01:48:35
2026-05-13 20:00:07;UPPER POWER;Développé incliné;Barre;Bilatéral;Normale;8;75;0;0;0;0;358;01:48:35
2026-05-13 20:00:07;UPPER POWER;Développé incliné;Barre;Bilatéral;Normale;8;75;0;0;0;0;358;01:48:35
2026-05-13 20:00:07;UPPER POWER;Curl biceps supination;Barre;Bilatéral;Normale;10;37.5;0;0;0;0;358;01:48:35
2026-05-13 20:00:07;UPPER POWER;Curl biceps supination;Barre;Bilatéral;Normale;10;37.5;0;0;0;0;358;01:48:35
2026-05-13 20:00:07;UPPER POWER;Curl biceps supination;Barre;Bilatéral;Normale;8;37.5;0;0;0;0;358;01:48:35
2026-05-13 20:00:07;UPPER POWER;Curl biceps supination;Barre;Bilatéral;Normale;8;37.5;0;0;0;0;358;01:48:35
2026-05-14 12:13:37;LOWER ENDURANCE;Flexion jambes parallèles;Barre;Bilatéral;Normale;12;100;0;0;0;0;307;01:30:50
2026-05-14 12:13:37;LOWER ENDURANCE;Flexion jambes parallèles;Barre;Bilatéral;Normale;12;100;0;0;0;0;307;01:30:50
2026-05-14 12:13:37;LOWER ENDURANCE;Flexion jambes parallèles;Barre;Bilatéral;Normale;12;100;0;0;0;0;307;01:30:50
2026-05-14 12:13:37;LOWER ENDURANCE;Flexion jambes parallèles;Barre;Bilatéral;Normale;12;100;0;0;0;0;307;01:30:50
2026-05-14 12:13:37;LOWER ENDURANCE;Oiseau;Machine guidée à poulie;Bilatéral;Normale;10;39;0;0;0;0;307;01:30:50
2026-05-14 12:13:37;LOWER ENDURANCE;Oiseau;Machine guidée à poulie;Bilatéral;Normale;12;39;0;0;0;0;307;01:30:50
2026-05-14 12:13:37;LOWER ENDURANCE;Montée sur banc;Poids du corps;Unilatéral;Normale;15;8;0;0;0;0;307;01:30:50
2026-05-14 12:13:37;LOWER ENDURANCE;Montée sur banc;Poids du corps;Unilatéral;Normale;15;8;0;0;0;0;307;01:30:50
2026-05-14 12:13:37;LOWER ENDURANCE;Montée sur banc;Poids du corps;Unilatéral;Normale;15;8;0;0;0;0;307;01:30:50
2026-05-14 12:13:37;LOWER ENDURANCE;Extension de mollet debout;Machine guidée à poulie;Bilatéral;Normale;15;107;0;0;0;0;307;01:30:50
2026-05-14 12:13:37;LOWER ENDURANCE;Extension de mollet debout;Machine guidée à poulie;Bilatéral;Normale;15;107;0;0;0;0;307;01:30:50
2026-05-14 12:13:37;LOWER ENDURANCE;Extension de mollet debout;Machine guidée à poulie;Bilatéral;Normale;15;107;0;0;0;0;307;01:30:50
2026-05-14 12:13:37;LOWER ENDURANCE;Extension de mollet debout;Machine guidée à poulie;Bilatéral;Normale;15;107;0;0;0;0;307;01:30:50
2026-05-14 12:13:37;LOWER ENDURANCE;Flexion de jambes assis;Machine guidée à poulie;Bilatéral;Normale;12;73;0;0;0;0;307;01:30:50
2026-05-14 12:13:37;LOWER ENDURANCE;Flexion de jambes assis;Machine guidée à poulie;Bilatéral;Normale;12;73;0;0;0;0;307;01:30:50
2026-05-14 12:13:37;LOWER ENDURANCE;Flexion de jambes assis;Machine guidée à poulie;Bilatéral;Normale;10;73;0;0;0;0;307;01:30:50
2026-05-16 20:17:27;UPPER ENDURANCE;Élévation latérale;Poulie vis-à-vis;Unilatéral;Normale;15;9;0;0;0;0;428;01:26:23
2026-05-16 20:17:27;UPPER ENDURANCE;Élévation latérale;Poulie vis-à-vis;Unilatéral;Normale;15;9;0;0;0;0;428;01:26:23
2026-05-16 20:17:27;UPPER ENDURANCE;Élévation latérale;Poulie vis-à-vis;Unilatéral;Normale;15;9;0;0;0;0;428;01:26:23
2026-05-16 20:17:27;UPPER ENDURANCE;Élévation latérale;Poulie vis-à-vis;Unilatéral;Normale;15;9;0;0;0;0;428;01:26:23
2026-05-16 20:17:27;UPPER ENDURANCE;Traction prise large;Poids du corps;Bilatéral;Normale;6;0;0;0;0;0;428;01:26:23
2026-05-16 20:17:27;UPPER ENDURANCE;Traction prise large;Poids du corps;Bilatéral;Normale;6;0;0;0;0;0;428;01:26:23
2026-05-16 20:17:27;UPPER ENDURANCE;Traction prise large;Poids du corps;Bilatéral;Normale;6;0;0;0;0;0;428;01:26:23
2026-05-16 20:17:27;UPPER ENDURANCE;Traction prise large;Poids du corps;Bilatéral;Normale;6;0;0;0;0;0;428;01:26:23
2026-05-16 20:17:27;UPPER ENDURANCE;Traction prise large;Poids du corps;Bilatéral;Normale;6;0;0;0;0;0;428;01:26:23
2026-05-16 20:17:27;UPPER ENDURANCE;Traction prise large;Poids du corps;Bilatéral;Normale;6;0;0;0;0;0;428;01:26:23
2026-05-16 20:17:27;UPPER ENDURANCE;Traction prise large;Poids du corps;Bilatéral;Normale;6;0;0;0;0;0;428;01:26:23
2026-05-16 20:17:27;UPPER ENDURANCE;Traction prise large;Poids du corps;Bilatéral;Normale;6;0;0;0;0;0;428;01:26:23
2026-05-16 20:17:27;UPPER ENDURANCE;Traction prise large;Poids du corps;Bilatéral;Normale;5;0;0;0;0;0;428;01:26:23
2026-05-16 20:17:27;UPPER ENDURANCE;Traction prise large;Poids du corps;Bilatéral;Normale;5;0;0;0;0;0;428;01:26:23
2026-05-16 20:17:27;UPPER ENDURANCE;Développé incliné;Haltères;Bilatéral;Normale;10;30;0;0;0;0;428;01:26:23
2026-05-16 20:17:27;UPPER ENDURANCE;Développé incliné;Haltères;Bilatéral;Normale;12;30;0;0;0;0;428;01:26:23
2026-05-16 20:17:27;UPPER ENDURANCE;Développé incliné;Haltères;Bilatéral;Normale;12;30;0;0;0;0;428;01:26:23
2026-05-16 20:17:27;UPPER ENDURANCE;Extension verticale;Poulie vis-à-vis;Bilatéral;Normale;15;18;0;0;0;0;428;01:26:23
2026-05-16 20:17:27;UPPER ENDURANCE;Extension verticale;Poulie vis-à-vis;Bilatéral;Normale;15;18;0;0;0;0;428;01:26:23
2026-05-16 20:17:27;UPPER ENDURANCE;Extension verticale;Poulie vis-à-vis;Bilatéral;Normale;15;18;0;0;0;0;428;01:26:23
2026-05-16 20:17:27;UPPER ENDURANCE;Extension verticale;Poulie vis-à-vis;Bilatéral;Normale;15;18;0;0;0;0;428;01:26:23
2026-05-16 20:17:27;UPPER ENDURANCE;Pompe;Poids du corps;Bilatéral;Normale;22;0;0;0;0;0;428;01:26:23
2026-05-16 20:17:27;UPPER ENDURANCE;Pompe;Poids du corps;Bilatéral;Normale;20;0;0;0;0;0;428;01:26:23
2026-05-16 20:17:27;UPPER ENDURANCE;Burpees;Poids du corps;Bilatéral;Normale;25;0;0;0;0;0;428;01:26:23
2026-05-18 20:30:00;UPPER POWER;Tirage visage;Poulie vis-à-vis;Bilatéral;Normale;20;22.5;0;0;0;0;344;01:44:00
2026-05-18 20:30:00;UPPER POWER;Tirage visage;Poulie vis-à-vis;Bilatéral;Normale;20;22.5;0;0;0;0;344;01:44:00
2026-05-18 20:30:00;UPPER POWER;Tirage visage;Poulie vis-à-vis;Bilatéral;Normale;20;22.5;0;0;0;0;344;01:44:00
2026-05-18 20:30:00;UPPER POWER;Tirage visage;Poulie vis-à-vis;Bilatéral;Normale;20;22.5;0;0;0;0;344;01:44:00
2026-05-18 20:30:00;UPPER POWER;Traction prise large;Disque;Bilatéral;Normale;4;30;0;0;0;0;344;01:44:00
2026-05-18 20:30:00;UPPER POWER;Traction prise large;Disque;Bilatéral;Normale;4;30;0;0;0;0;344;01:44:00
2026-05-18 20:30:00;UPPER POWER;Traction prise large;Disque;Bilatéral;Normale;4;30;0;0;0;0;344;01:44:00
2026-05-18 20:30:00;UPPER POWER;Traction prise large;Disque;Bilatéral;Normale;4;30;0;0;0;0;344;01:44:00
2026-05-18 20:30:00;UPPER POWER;Traction prise large;Disque;Bilatéral;Normale;4;30;0;0;0;0;344;01:44:00
2026-05-18 20:30:00;UPPER POWER;Traction prise large;Disque;Bilatéral;Normale;4;30;0;0;0;0;344;01:44:00
2026-05-18 20:30:00;UPPER POWER;Développé militaire;Barre;Bilatéral;Normale;7;55;0;0;0;0;344;01:44:00
2026-05-18 20:30:00;UPPER POWER;Développé militaire;Barre;Bilatéral;Normale;7;55;0;0;0;0;344;01:44:00
2026-05-18 20:30:00;UPPER POWER;Développé militaire;Barre;Bilatéral;Normale;7;55;0;0;0;0;344;01:44:00
2026-05-18 20:30:00;UPPER POWER;Développé militaire;Barre;Bilatéral;Normale;6;55;0;0;0;0;344;01:44:00
2026-05-18 20:30:00;UPPER POWER;Développé incliné;Barre;Bilatéral;Normale;8;75;0;0;0;0;344;01:44:00
2026-05-18 20:30:00;UPPER POWER;Développé incliné;Barre;Bilatéral;Normale;8;75;0;0;0;0;344;01:44:00
2026-05-18 20:30:00;UPPER POWER;Développé incliné;Barre;Bilatéral;Normale;7;75;0;0;0;0;344;01:44:00
2026-05-18 20:30:00;UPPER POWER;Curl biceps supination;Barre;Bilatéral;Normale;8;37.5;0;0;0;0;344;01:44:00
2026-05-18 20:30:00;UPPER POWER;Curl biceps supination;Barre;Bilatéral;Normale;8;37.5;0;0;0;0;344;01:44:00
2026-05-18 20:30:00;UPPER POWER;Curl biceps supination;Barre;Bilatéral;Normale;8;37.5;0;0;0;0;344;01:44:00
2026-05-18 20:30:00;UPPER POWER;Curl biceps supination;Barre;Bilatéral;Normale;8;37.5;0;0;0;0;344;01:44:00
2026-05-21 20:06:00;LOWER ENDURANCE;Flexion jambes parallèles;Barre;Bilatéral;Normale;14;100;0;0;0;0;359;01:58:00
2026-05-21 20:06:00;LOWER ENDURANCE;Flexion jambes parallèles;Barre;Bilatéral;Normale;14;100;0;0;0;0;359;01:58:00
2026-05-21 20:06:00;LOWER ENDURANCE;Flexion jambes parallèles;Barre;Bilatéral;Normale;14;100;0;0;0;0;359;01:58:00
2026-05-21 20:06:00;LOWER ENDURANCE;Flexion jambes parallèles;Barre;Bilatéral;Normale;14;100;0;0;0;0;359;01:58:00
2026-05-21 20:06:00;LOWER ENDURANCE;Élévation latérale;Poulie vis-à-vis;Unilatéral;Normale;18;9;0;0;0;0;359;01:58:00
2026-05-21 20:06:00;LOWER ENDURANCE;Élévation latérale;Poulie vis-à-vis;Unilatéral;Normale;18;9;0;0;0;0;359;01:58:00
2026-05-21 20:06:00;LOWER ENDURANCE;Élévation latérale;Poulie vis-à-vis;Unilatéral;Normale;18;9;0;0;0;0;359;01:58:00
2026-05-21 20:06:00;LOWER ENDURANCE;Élévation latérale;Poulie vis-à-vis;Unilatéral;Normale;18;9;0;0;0;0;359;01:58:00
2026-05-21 20:06:00;LOWER ENDURANCE;Montée sur banc;Poids du corps;Unilatéral;Normale;15;10;0;0;0;0;359;01:58:00
2026-05-21 20:06:00;LOWER ENDURANCE;Montée sur banc;Poids du corps;Unilatéral;Normale;15;10;0;0;0;0;359;01:58:00
2026-05-21 20:06:00;LOWER ENDURANCE;Montée sur banc;Poids du corps;Unilatéral;Normale;15;10;0;0;0;0;359;01:58:00
2026-05-21 20:06:00;LOWER ENDURANCE;Extension de mollet debout;Machine guidée à poulie;Bilatéral;Normale;15;110;0;0;0;0;359;01:58:00
2026-05-21 20:06:00;LOWER ENDURANCE;Extension de mollet debout;Machine guidée à poulie;Bilatéral;Normale;15;110;0;0;0;0;359;01:58:00
2026-05-21 20:06:00;LOWER ENDURANCE;Extension de mollet debout;Machine guidée à poulie;Bilatéral;Normale;15;110;0;0;0;0;359;01:58:00
2026-05-21 20:06:00;LOWER ENDURANCE;Extension de mollet debout;Machine guidée à poulie;Bilatéral;Normale;15;110;0;0;0;0;359;01:58:00
2026-05-21 20:06:00;LOWER ENDURANCE;Flexion de jambes allongé;Machine guidée à poulie;Bilatéral;Normale;10;35;0;0;0;0;359;01:58:00
2026-05-21 20:06:00;LOWER ENDURANCE;Flexion de jambes allongé;Machine guidée à poulie;Bilatéral;Normale;10;35;0;0;0;0;359;01:58:00
2026-05-21 20:06:00;LOWER ENDURANCE;Flexion de jambes allongé;Machine guidée à poulie;Bilatéral;Normale;10;35;0;0;0;0;359;01:58:00
2026-05-25 12:21:30;UPPER POWER;Élévation latérale;Poulie vis-à-vis;Unilatéral;Normale;15;9;0;0;0;0;354;01:56:46
2026-05-25 12:21:30;UPPER POWER;Élévation latérale;Poulie vis-à-vis;Unilatéral;Normale;15;9;0;0;0;0;354;01:56:46
2026-05-25 12:21:30;UPPER POWER;Élévation latérale;Poulie vis-à-vis;Unilatéral;Normale;15;9;0;0;0;0;354;01:56:46
2026-05-25 12:21:30;UPPER POWER;Élévation latérale;Poulie vis-à-vis;Unilatéral;Normale;15;9;0;0;0;0;354;01:56:46
2026-05-25 12:21:30;UPPER POWER;Traction prise large;Disque;Bilatéral;Normale;5;30;0;0;0;0;354;01:56:46
2026-05-25 12:21:30;UPPER POWER;Traction prise large;Disque;Bilatéral;Normale;4;30;0;0;0;0;354;01:56:46
2026-05-25 12:21:30;UPPER POWER;Traction prise large;Disque;Bilatéral;Normale;4;30;0;0;0;0;354;01:56:46
2026-05-25 12:21:30;UPPER POWER;Traction prise large;Disque;Bilatéral;Normale;4;30;0;0;0;0;354;01:56:46
2026-05-25 12:21:30;UPPER POWER;Traction prise large;Disque;Bilatéral;Normale;4;30;0;0;0;0;354;01:56:46
2026-05-25 12:21:30;UPPER POWER;Traction prise large;Disque;Bilatéral;Normale;4;30;0;0;0;0;354;01:56:46
2026-05-25 12:21:30;UPPER POWER;Développé militaire;Barre;Bilatéral;Normale;6;57.5;0;0;0;0;354;01:56:46
2026-05-25 12:21:30;UPPER POWER;Développé militaire;Barre;Bilatéral;Normale;6;57.5;0;0;0;0;354;01:56:46
2026-05-25 12:21:30;UPPER POWER;Développé militaire;Barre;Bilatéral;Normale;5;57.5;0;0;0;0;354;01:56:46
2026-05-25 12:21:30;UPPER POWER;Développé militaire;Barre;Bilatéral;Normale;6;57.5;0;0;0;0;354;01:56:46
2026-05-25 12:21:30;UPPER POWER;Développé incliné;Barre;Bilatéral;Normale;8;75;0;0;0;0;354;01:56:46
2026-05-25 12:21:30;UPPER POWER;Développé incliné;Barre;Bilatéral;Normale;8;75;0;0;0;0;354;01:56:46
2026-05-25 12:21:30;UPPER POWER;Développé incliné;Barre;Bilatéral;Normale;8;75;0;0;0;0;354;01:56:46
2026-05-25 12:21:30;UPPER POWER;Curl biceps supination;Barre;Bilatéral;Normale;10;38;0;0;0;0;354;01:56:46
2026-05-25 12:21:30;UPPER POWER;Curl biceps supination;Barre;Bilatéral;Normale;9;38;0;0;0;0;354;01:56:46
2026-05-25 12:21:30;UPPER POWER;Curl biceps supination;Barre;Bilatéral;Normale;8;38;0;0;0;0;354;01:56:46
2026-05-25 12:21:30;UPPER POWER;Curl biceps supination;Barre;Bilatéral;Normale;8;38;0;0;0;0;354;01:56:46
2026-05-28 10:13:27;LOWER ENDURANCE;Flexion jambes parallèles;Barre;Bilatéral;Normale;16;100;0;0;0;0;199;01:00:57
2026-05-28 10:13:27;LOWER ENDURANCE;Flexion jambes parallèles;Barre;Bilatéral;Normale;16;100;0;0;0;0;199;01:00:57
2026-05-28 10:13:27;LOWER ENDURANCE;Flexion jambes parallèles;Barre;Bilatéral;Normale;16;100;0;0;0;0;199;01:00:57
2026-05-28 10:13:27;LOWER ENDURANCE;Flexion jambes parallèles;Barre;Bilatéral;Normale;16;100;0;0;0;0;199;01:00:57
2026-05-28 10:13:27;LOWER ENDURANCE;Extension de mollet debout;Machine guidée à poulie;Bilatéral;Normale;15;113;0;0;0;0;199;01:00:57
2026-05-28 10:13:27;LOWER ENDURANCE;Extension de mollet debout;Machine guidée à poulie;Bilatéral;Normale;15;113;0;0;0;0;199;01:00:57
2026-05-28 10:13:27;LOWER ENDURANCE;Extension de mollet debout;Machine guidée à poulie;Bilatéral;Normale;15;113;0;0;0;0;199;01:00:57
2026-05-28 10:13:27;LOWER ENDURANCE;Extension de mollet debout;Machine guidée à poulie;Bilatéral;Normale;15;113;0;0;0;0;199;01:00:57
2026-05-28 10:13:27;LOWER ENDURANCE;Flexion de jambes assis;Machine guidée à poulie;Bilatéral;Normale;10;73;0;0;0;0;199;01:00:57
2026-05-28 10:13:27;LOWER ENDURANCE;Flexion de jambes assis;Machine guidée à poulie;Bilatéral;Normale;10;73;0;0;0;0;199;01:00:57
2026-05-28 10:13:27;LOWER ENDURANCE;Flexion de jambes assis;Machine guidée à poulie;Bilatéral;Normale;8;73;0;0;0;0;199;01:00:57
2026-05-29 19:05:09;UPPER ENDURANCE;Traction prise large;Poids du corps;Bilatéral;Normale;6;0;0;0;0;0;394;01:13:48
2026-05-29 19:05:09;UPPER ENDURANCE;Traction prise large;Poids du corps;Bilatéral;Normale;6;0;0;0;0;0;394;01:13:48
2026-05-29 19:05:09;UPPER ENDURANCE;Traction prise large;Poids du corps;Bilatéral;Normale;6;0;0;0;0;0;394;01:13:48
2026-05-29 19:05:09;UPPER ENDURANCE;Traction prise large;Poids du corps;Bilatéral;Normale;6;0;0;0;0;0;394;01:13:48
2026-05-29 19:05:09;UPPER ENDURANCE;Traction prise large;Poids du corps;Bilatéral;Normale;6;0;0;0;0;0;394;01:13:48
2026-05-29 19:05:09;UPPER ENDURANCE;Traction prise large;Poids du corps;Bilatéral;Normale;6;0;0;0;0;0;394;01:13:48
2026-05-29 19:05:09;UPPER ENDURANCE;Traction prise large;Poids du corps;Bilatéral;Normale;6;0;0;0;0;0;394;01:13:48
2026-05-29 19:05:09;UPPER ENDURANCE;Traction prise large;Poids du corps;Bilatéral;Normale;6;0;0;0;0;0;394;01:13:48
2026-05-29 19:05:09;UPPER ENDURANCE;Traction prise large;Poids du corps;Bilatéral;Normale;6;0;0;0;0;0;394;01:13:48
2026-05-29 19:05:09;UPPER ENDURANCE;Traction prise large;Poids du corps;Bilatéral;Normale;6;0;0;0;0;0;394;01:13:48
2026-05-29 19:05:09;UPPER ENDURANCE;Dips prise serrée;Poids du corps;Bilatéral;Normale;10;0;0;0;0;0;394;01:13:48
2026-05-29 19:05:09;UPPER ENDURANCE;Dips prise serrée;Poids du corps;Bilatéral;Normale;10;0;0;0;0;0;394;01:13:48
2026-05-29 19:05:09;UPPER ENDURANCE;Dips prise serrée;Poids du corps;Bilatéral;Normale;10;0;0;0;0;0;394;01:13:48
2026-05-29 19:05:09;UPPER ENDURANCE;Dips prise serrée;Poids du corps;Bilatéral;Normale;10;0;0;0;0;0;394;01:13:48
2026-05-29 19:05:09;UPPER ENDURANCE;Dips prise serrée;Poids du corps;Bilatéral;Normale;10;0;0;0;0;0;394;01:13:48
2026-05-29 19:05:09;UPPER ENDURANCE;Relevé de buste au sol;Poids du corps;Bilatéral;Normale;12;20;0;0;0;0;394;01:13:48
2026-05-29 19:05:09;UPPER ENDURANCE;Relevé de buste au sol;Poids du corps;Bilatéral;Normale;12;20;0;0;0;0;394;01:13:48
2026-05-29 19:05:09;UPPER ENDURANCE;Relevé de buste au sol;Poids du corps;Bilatéral;Normale;12;20;0;0;0;0;394;01:13:48
2026-05-29 19:05:09;UPPER ENDURANCE;Relevé de buste au sol;Poids du corps;Bilatéral;Normale;12;20;0;0;0;0;394;01:13:48
2026-05-29 19:05:09;UPPER ENDURANCE;Pompe;Poids du corps;Bilatéral;Normale;20;0;0;0;0;0;394;01:13:48
2026-05-29 19:05:09;UPPER ENDURANCE;Pompe;Poids du corps;Bilatéral;Normale;20;0;0;0;0;0;394;01:13:48
2026-05-29 19:05:09;UPPER ENDURANCE;Pompe;Poids du corps;Bilatéral;Normale;20;0;0;0;0;0;394;01:13:48
2026-05-29 19:05:09;UPPER ENDURANCE;Burpees;Poids du corps;Bilatéral;Normale;20;0;0;0;0;0;394;01:13:48
2026-05-29 19:05:09;UPPER ENDURANCE;Burpees;Poids du corps;Bilatéral;Normale;20;0;0;0;0;0;394;01:13:48
2026-06-01 18:46:47;UPPER POWER;Traction prise large;Disque;Bilatéral;Normale;6;30;0;0;0;0;315;01:35:52
2026-06-01 18:46:47;UPPER POWER;Traction prise large;Disque;Bilatéral;Normale;6;30;0;0;0;0;315;01:35:52
2026-06-01 18:46:47;UPPER POWER;Traction prise large;Disque;Bilatéral;Normale;5;30;0;0;0;0;315;01:35:52
2026-06-01 18:46:47;UPPER POWER;Traction prise large;Disque;Bilatéral;Normale;5;30;0;0;0;0;315;01:35:52
2026-06-01 18:46:47;UPPER POWER;Traction prise large;Disque;Bilatéral;Normale;4;30;0;0;0;0;315;01:35:52
2026-06-01 18:46:47;UPPER POWER;Traction prise large;Disque;Bilatéral;Normale;4;30;0;0;0;0;315;01:35:52
2026-06-01 18:46:47;UPPER POWER;Développé militaire;Barre;Bilatéral;Normale;7;57.5;0;0;0;0;315;01:35:52
2026-06-01 18:46:47;UPPER POWER;Développé militaire;Barre;Bilatéral;Normale;6;57.5;0;0;0;0;315;01:35:52
2026-06-01 18:46:47;UPPER POWER;Développé militaire;Barre;Bilatéral;Normale;6;57.5;0;0;0;0;315;01:35:52
2026-06-01 18:46:47;UPPER POWER;Développé militaire;Barre;Bilatéral;Normale;6;57.5;0;0;0;0;315;01:35:52
2026-06-01 18:46:47;UPPER POWER;Écarté;Machine guidée à poulie;Bilatéral;Normale;12;66;0;0;0;0;315;01:35:52
2026-06-01 18:46:47;UPPER POWER;Écarté;Machine guidée à poulie;Bilatéral;Normale;13;66;0;0;0;0;315;01:35:52
2026-06-01 18:46:47;UPPER POWER;Écarté;Machine guidée à poulie;Bilatéral;Normale;13;66;0;0;0;0;315;01:35:52
2026-06-01 18:46:47;UPPER POWER;Curl biceps supination;Haltères;Alterné;Normale;9;20;0;0;0;0;315;01:35:52
2026-06-01 18:46:47;UPPER POWER;Curl biceps supination;Haltères;Alterné;Normale;9;20;0;0;0;0;315;01:35:52
2026-06-01 18:46:47;UPPER POWER;Curl biceps supination;Haltères;Alterné;Normale;7;20;0;0;0;0;315;01:35:52
2026-06-01 18:46:47;UPPER POWER;Curl biceps supination;Haltères;Alterné;Normale;7;20;0;0;0;0;315;01:35:52
2026-06-01 18:46:47;UPPER POWER;Dips prise serrée;Poids du corps;Bilatéral;Échec;14;0;0;0;0;0;315;01:35:52
2026-06-01 18:46:47;UPPER POWER;Dips prise serrée;Poids du corps;Bilatéral;Échec;15;0;0;0;0;0;315;01:35:52
2026-06-05 18:54:28;LOWER ENDURANCE;Élévation latérale;Poulie vis-à-vis;Unilatéral;Normale;15;9;0;0;0;0;299;01:28:15
2026-06-05 18:54:28;LOWER ENDURANCE;Élévation latérale;Poulie vis-à-vis;Unilatéral;Normale;15;9;0;0;0;0;299;01:28:15
2026-06-05 18:54:28;LOWER ENDURANCE;Flexion jambes parallèles;Barre;Bilatéral;Normale;12;110;0;0;0;0;299;01:28:15
2026-06-05 18:54:28;LOWER ENDURANCE;Flexion jambes parallèles;Barre;Bilatéral;Normale;12;110;0;0;0;0;299;01:28:15
2026-06-05 18:54:28;LOWER ENDURANCE;Flexion jambes parallèles;Barre;Bilatéral;Normale;12;110;0;0;0;0;299;01:28:15
2026-06-05 18:54:28;LOWER ENDURANCE;Extension de mollet debout;Machine guidée à poulie;Bilatéral;Normale;15;120;0;0;0;0;299;01:28:15
2026-06-05 18:54:28;LOWER ENDURANCE;Extension de mollet debout;Machine guidée à poulie;Bilatéral;Normale;15;120;0;0;0;0;299;01:28:15
2026-06-05 18:54:28;LOWER ENDURANCE;Extension de mollet debout;Machine guidée à poulie;Bilatéral;Normale;15;120;0;0;0;0;299;01:28:15
2026-06-05 18:54:28;LOWER ENDURANCE;Extension de mollet debout;Machine guidée à poulie;Bilatéral;Normale;15;120;0;0;0;0;299;01:28:15
2026-06-05 18:54:28;LOWER ENDURANCE;Saut sur banc;Poids du corps;Bilatéral;Normale;8;0;0;0;0;0;299;01:28:15
2026-06-05 18:54:28;LOWER ENDURANCE;Saut sur banc;Poids du corps;Bilatéral;Normale;8;0;0;0;0;0;299;01:28:15
2026-06-05 18:54:28;LOWER ENDURANCE;Saut sur banc;Poids du corps;Bilatéral;Normale;8;0;0;0;0;0;299;01:28:15
2026-06-05 18:54:28;LOWER ENDURANCE;Saut sur banc;Poids du corps;Bilatéral;Normale;8;0;0;0;0;0;299;01:28:15
2026-06-05 18:54:28;LOWER ENDURANCE;Flexion de jambes assis;Machine guidée à poulie;Bilatéral;Normale;12;73;0;0;0;0;299;01:28:15
2026-06-05 18:54:28;LOWER ENDURANCE;Flexion de jambes assis;Machine guidée à poulie;Bilatéral;Normale;12;73;0;0;0;0;299;01:28:15
2026-06-05 18:54:28;LOWER ENDURANCE;Flexion de jambes assis;Machine guidée à poulie;Bilatéral;Normale;12;73;0;0;0;0;299;01:28:15
2026-06-06 17:30:27;UPPER ENDURANCE;Traction prise large;Poids du corps;Bilatéral;Normale;6;0;0;0;0;0;419;01:20:32
2026-06-06 17:30:27;UPPER ENDURANCE;Traction prise large;Poids du corps;Bilatéral;Normale;6;0;0;0;0;0;419;01:20:32
2026-06-06 17:30:27;UPPER ENDURANCE;Traction prise large;Poids du corps;Bilatéral;Normale;6;0;0;0;0;0;419;01:20:32
2026-06-06 17:30:27;UPPER ENDURANCE;Traction prise large;Poids du corps;Bilatéral;Normale;6;0;0;0;0;0;419;01:20:32
2026-06-06 17:30:27;UPPER ENDURANCE;Traction prise large;Poids du corps;Bilatéral;Normale;6;0;0;0;0;0;419;01:20:32
2026-06-06 17:30:27;UPPER ENDURANCE;Traction prise large;Poids du corps;Bilatéral;Normale;6;0;0;0;0;0;419;01:20:32
2026-06-06 17:30:27;UPPER ENDURANCE;Traction prise large;Poids du corps;Bilatéral;Normale;6;0;0;0;0;0;419;01:20:32
2026-06-06 17:30:27;UPPER ENDURANCE;Traction prise large;Poids du corps;Bilatéral;Normale;6;0;0;0;0;0;419;01:20:32
2026-06-06 17:30:27;UPPER ENDURANCE;Traction prise large;Poids du corps;Bilatéral;Normale;6;0;0;0;0;0;419;01:20:32
2026-06-06 17:30:27;UPPER ENDURANCE;Traction prise large;Poids du corps;Bilatéral;Normale;6;0;0;0;0;0;419;01:20:32
2026-06-06 17:30:27;UPPER ENDURANCE;Traction prise large;Poids du corps;Bilatéral;Normale;6;0;0;0;0;0;419;01:20:32
2026-06-06 17:30:27;UPPER ENDURANCE;Traction prise large;Poids du corps;Bilatéral;Normale;6;0;0;0;0;0;419;01:20:32
2026-06-06 17:30:27;UPPER ENDURANCE;Dips prise serrée;Poids du corps;Bilatéral;Normale;15;0;0;0;0;0;419;01:20:32
2026-06-06 17:30:27;UPPER ENDURANCE;Dips prise serrée;Poids du corps;Bilatéral;Normale;15;0;0;0;0;0;419;01:20:32
2026-06-06 17:30:27;UPPER ENDURANCE;Dips prise serrée;Poids du corps;Bilatéral;Normale;10;0;0;0;0;0;419;01:20:32
2026-06-06 17:30:27;UPPER ENDURANCE;Dips prise serrée;Poids du corps;Bilatéral;Normale;10;0;0;0;0;0;419;01:20:32
2026-06-06 17:30:27;UPPER ENDURANCE;Dips prise serrée;Poids du corps;Bilatéral;Normale;10;0;0;0;0;0;419;01:20:32
2026-06-06 17:30:27;UPPER ENDURANCE;Relevé de buste au banc décliné;Poids du corps;Bilatéral;Normale;10;10;0;0;0;0;419;01:20:32
2026-06-06 17:30:27;UPPER ENDURANCE;Relevé de buste au banc décliné;Poids du corps;Bilatéral;Normale;10;5;0;0;0;0;419;01:20:32
2026-06-06 17:30:27;UPPER ENDURANCE;Relevé de buste au banc décliné;Poids du corps;Bilatéral;Normale;10;5;0;0;0;0;419;01:20:32
2026-06-06 17:30:27;UPPER ENDURANCE;Relevé de buste au banc décliné;Poids du corps;Bilatéral;Normale;10;5;0;0;0;0;419;01:20:32
2026-06-06 17:30:27;UPPER ENDURANCE;Pompe;Poids du corps;Bilatéral;Normale;20;0;0;0;0;0;419;01:20:32
2026-06-06 17:30:27;UPPER ENDURANCE;Pompe;Poids du corps;Bilatéral;Normale;20;0;0;0;0;0;419;01:20:32
2026-06-06 17:30:27;UPPER ENDURANCE;Pompe;Poids du corps;Bilatéral;Normale;20;0;0;0;0;0;419;01:20:32
2026-06-06 17:30:27;UPPER ENDURANCE;Burpees;Poids du corps;Bilatéral;Normale;20;0;0;0;0;0;419;01:20:32
2026-06-06 17:30:27;UPPER ENDURANCE;Burpees;Poids du corps;Bilatéral;Normale;20;0;0;0;0;0;419;01:20:32
2026-06-10 04:12:35;UPPER POWER;Traction prise large;Disque;Bilatéral;Normale;4;35;0;0;0;0;312;01:48:24
2026-06-10 04:12:35;UPPER POWER;Traction prise large;Disque;Bilatéral;Normale;4;35;0;0;0;0;312;01:48:24
2026-06-10 04:12:35;UPPER POWER;Traction prise large;Disque;Bilatéral;Normale;4;35;0;0;0;0;312;01:48:24
2026-06-10 04:12:35;UPPER POWER;Traction prise large;Disque;Bilatéral;Normale;4;35;0;0;0;0;312;01:48:24
2026-06-10 04:12:35;UPPER POWER;Traction prise large;Disque;Bilatéral;Normale;4;35;0;0;0;0;312;01:48:24
2026-06-10 04:12:35;UPPER POWER;Traction prise large;Disque;Bilatéral;Normale;4;35;0;0;0;0;312;01:48:24
2026-06-10 04:12:35;UPPER POWER;Développé militaire;Barre;Bilatéral;Normale;5;60;0;0;0;0;312;01:48:24
2026-06-10 04:12:35;UPPER POWER;Développé militaire;Barre;Bilatéral;Normale;4;60;0;0;0;0;312;01:48:24
2026-06-10 04:12:35;UPPER POWER;Développé militaire;Barre;Bilatéral;Normale;5;60;0;0;0;0;312;01:48:24
2026-06-10 04:12:35;UPPER POWER;Développé militaire;Barre;Bilatéral;Normale;4;60;0;0;0;0;312;01:48:24
2026-06-10 04:12:35;UPPER POWER;Écarté;Machine guidée à poulie;Bilatéral;Normale;15;73;0;0;0;0;312;01:48:24
2026-06-10 04:12:35;UPPER POWER;Écarté;Machine guidée à poulie;Bilatéral;Normale;12;73;0;0;0;0;312;01:48:24
2026-06-10 04:12:35;UPPER POWER;Écarté;Machine guidée à poulie;Bilatéral;Normale;12;73;0;0;0;0;312;01:48:24
2026-06-10 04:12:35;UPPER POWER;Curl biceps supination;Haltères;Alterné;Normale;10;20;0;0;0;0;312;01:48:24
2026-06-10 04:12:35;UPPER POWER;Curl biceps supination;Haltères;Alterné;Normale;10;20;0;0;0;0;312;01:48:24
2026-06-10 04:12:35;UPPER POWER;Curl biceps supination;Haltères;Alterné;Normale;10;20;0;0;0;0;312;01:48:24
2026-06-10 04:12:35;UPPER POWER;Curl biceps supination;Haltères;Alterné;Normale;7;20;0;0;0;0;312;01:48:24
2026-06-10 04:12:35;UPPER POWER;Dips prise serrée;Poids du corps;Bilatéral;Échec;12;0;0;0;0;0;312;01:48:24
2026-06-10 04:12:35;UPPER POWER;Dips prise serrée;Poids du corps;Bilatéral;Échec;13;0;0;0;0;0;312;01:48:24
2026-06-16 18:58:40;Spartan 1;Traction prise large;Disque;Bilatéral;Normale;4;35;0;0;0;0;334;01:27:16
2026-06-16 18:58:40;Spartan 1;Traction prise large;Disque;Bilatéral;Normale;4;35;0;0;0;0;334;01:27:16
2026-06-16 18:58:40;Spartan 1;Traction prise large;Disque;Bilatéral;Normale;4;35;0;0;0;0;334;01:27:16
2026-06-16 18:58:40;Spartan 1;Traction prise large;Disque;Bilatéral;Normale;4;35;0;0;0;0;334;01:27:16
2026-06-16 18:58:40;Spartan 1;Traction prise large;Disque;Bilatéral;Normale;4;35;0;0;0;0;334;01:27:16
2026-06-16 18:58:40;Spartan 1;Traction prise large;Disque;Bilatéral;Normale;3;35;0;0;0;0;334;01:27:16
2026-06-16 18:58:40;Spartan 1;Dips prise serrée;Poids du corps;Bilatéral;Normale;12;10;0;0;0;0;334;01:27:16
2026-06-16 18:58:40;Spartan 1;Dips prise serrée;Poids du corps;Bilatéral;Normale;10;10;0;0;0;0;334;01:27:16
2026-06-16 18:58:40;Spartan 1;Dips prise serrée;Poids du corps;Bilatéral;Normale;9;0;0;0;0;0;334;01:27:16
2026-06-16 18:58:40;Spartan 1;Dips prise serrée;Poids du corps;Bilatéral;Normale;7;0;0;0;0;0;334;01:27:16
2026-06-16 18:58:40;Spartan 1;Dips prise serrée;Poids du corps;Bilatéral;Normale;7;0;0;0;0;0;334;01:27:16
2026-06-16 18:58:40;Spartan 1;Pompe;Poids du corps;Bilatéral;Normale;20;0;0;0;0;0;334;01:27:16
2026-06-16 18:58:40;Spartan 1;Pompe;Poids du corps;Bilatéral;Normale;20;0;0;0;0;0;334;01:27:16
2026-06-16 18:58:40;Spartan 1;Pompe;Poids du corps;Bilatéral;Normale;20;0;0;0;0;0;334;01:27:16
2026-06-16 18:58:40;Spartan 1;Pompe;Poids du corps;Bilatéral;Normale;20;0;0;0;0;0;334;01:27:16
2026-06-16 18:58:40;Spartan 1;Planche latérale;Poids du corps;Unilatéral;Normale;0;0;0;0;0;0;334;01:27:16
2026-06-16 18:58:40;Spartan 1;Planche latérale;Poids du corps;Unilatéral;Normale;0;0;0;0;0;0;334;01:27:16
2026-06-16 18:58:40;Spartan 1;Planche latérale;Poids du corps;Unilatéral;Normale;0;0;0;0;0;0;334;01:27:16
2026-06-16 18:58:40;Spartan 1;Burpees;Poids du corps;Bilatéral;Normale;20;0;0;0;0;0;334;01:27:16
2026-06-16 18:58:40;Spartan 1;Burpees;Poids du corps;Bilatéral;Normale;20;0;0;0;0;0;334;01:27:16
2026-06-20 08:10:37;Spartan;Élévation latérale;Poulie vis-à-vis;Unilatéral;Normale;15;10;0;0;0;0;507;01:46:15
2026-06-20 08:10:37;Spartan;Élévation latérale;Poulie vis-à-vis;Unilatéral;Normale;15;10;0;0;0;0;507;01:46:15
2026-06-20 08:10:37;Spartan;Traction prise large;Poids du corps;Bilatéral;Normale;6;0;0;0;0;0;507;01:46:15
2026-06-20 08:10:37;Spartan;Traction prise large;Poids du corps;Bilatéral;Normale;6;0;0;0;0;0;507;01:46:15
2026-06-20 08:10:37;Spartan;Traction prise large;Poids du corps;Bilatéral;Normale;6;0;0;0;0;0;507;01:46:15
2026-06-20 08:10:37;Spartan;Traction prise large;Poids du corps;Bilatéral;Normale;6;0;0;0;0;0;507;01:46:15
2026-06-20 08:10:37;Spartan;Traction prise large;Poids du corps;Bilatéral;Normale;6;0;0;0;0;0;507;01:46:15
2026-06-20 08:10:37;Spartan;Traction prise large;Poids du corps;Bilatéral;Normale;6;0;0;0;0;0;507;01:46:15
2026-06-20 08:10:37;Spartan;Traction prise large;Poids du corps;Bilatéral;Normale;6;0;0;0;0;0;507;01:46:15
2026-06-20 08:10:37;Spartan;Traction prise large;Poids du corps;Bilatéral;Normale;6;0;0;0;0;0;507;01:46:15
2026-06-20 08:10:37;Spartan;Traction prise large;Poids du corps;Bilatéral;Normale;6;0;0;0;0;0;507;01:46:15
2026-06-20 08:10:37;Spartan;Traction prise large;Poids du corps;Bilatéral;Normale;6;0;0;0;0;0;507;01:46:15
2026-06-20 08:10:37;Spartan;Traction prise large;Poids du corps;Bilatéral;Normale;6;0;0;0;0;0;507;01:46:15
2026-06-20 08:10:37;Spartan;Traction prise large;Poids du corps;Bilatéral;Normale;6;0;0;0;0;0;507;01:46:15
2026-06-20 08:10:37;Spartan;Traction prise large;Poids du corps;Bilatéral;Normale;6;0;0;0;0;0;507;01:46:15
2026-06-20 08:10:37;Spartan;Traction prise large;Poids du corps;Bilatéral;Normale;6;0;0;0;0;0;507;01:46:15
2026-06-20 08:10:37;Spartan;Traction prise large;Poids du corps;Bilatéral;Normale;6;0;0;0;0;0;507;01:46:15
2026-06-20 08:10:37;Spartan;Dips prise serrée;Poids du corps;Bilatéral;Normale;15;0;0;0;0;0;507;01:46:15
2026-06-20 08:10:37;Spartan;Dips prise serrée;Poids du corps;Bilatéral;Normale;13;0;0;0;0;0;507;01:46:15
2026-06-20 08:10:37;Spartan;Dips prise serrée;Poids du corps;Bilatéral;Normale;9;0;0;0;0;0;507;01:46:15
2026-06-20 08:10:37;Spartan;Dips prise serrée;Poids du corps;Bilatéral;Normale;10;0;0;0;0;0;507;01:46:15
2026-06-20 08:10:37;Spartan;Dips prise serrée;Poids du corps;Bilatéral;Normale;12;0;0;0;0;0;507;01:46:15
2026-06-20 08:10:37;Spartan;Relevé de buste au banc décliné;Poids du corps;Bilatéral;Normale;15;0;0;0;0;0;507;01:46:15
2026-06-20 08:10:37;Spartan;Relevé de buste au banc décliné;Poids du corps;Bilatéral;Normale;15;0;0;0;0;0;507;01:46:15
2026-06-20 08:10:37;Spartan;Relevé de buste au banc décliné;Poids du corps;Bilatéral;Normale;15;0;0;0;0;0;507;01:46:15
2026-06-20 08:10:37;Spartan;Extension de mollet debout;Machine guidée à poulie;Bilatéral;Normale;15;127;0;0;0;0;507;01:46:15
2026-06-20 08:10:37;Spartan;Extension de mollet debout;Machine guidée à poulie;Bilatéral;Normale;15;127;0;0;0;0;507;01:46:15
2026-06-20 08:10:37;Spartan;Extension de mollet debout;Machine guidée à poulie;Bilatéral;Normale;15;127;0;0;0;0;507;01:46:15
2026-06-20 08:10:37;Spartan;Extension de mollet debout;Machine guidée à poulie;Bilatéral;Normale;15;127;0;0;0;0;507;01:46:15
2026-06-20 08:10:37;Spartan;Burpees;Poids du corps;Bilatéral;Normale;20;0;0;0;0;0;507;01:46:15
2026-06-20 08:10:37;Spartan;Burpees;Poids du corps;Bilatéral;Normale;20;0;0;0;0;0;507;01:46:15
2026-07-14 11:05:05;Reprise post spartan;Relevé périostites;Kettlebell;Unilatéral;Normale;15;8;0;0;0;0;243;01:03:01
2026-07-14 11:05:05;Reprise post spartan;Relevé périostites;Kettlebell;Unilatéral;Normale;15;8;0;0;0;0;243;01:03:01
2026-07-14 11:05:05;Reprise post spartan;Relevé périostites;Kettlebell;Unilatéral;Normale;15;8;0;0;0;0;243;01:03:01
2026-07-14 11:05:05;Reprise post spartan;Relevé périostites;Kettlebell;Unilatéral;Normale;15;8;0;0;0;0;243;01:03:01
2026-07-14 11:05:05;Reprise post spartan;Curl biceps supination;Haltères;Alterné;Normale;15;16;0;0;0;0;243;01:03:01
2026-07-14 11:05:05;Reprise post spartan;Curl biceps supination;Haltères;Alterné;Normale;15;16;0;0;0;0;243;01:03:01
2026-07-14 11:05:05;Reprise post spartan;Curl biceps supination;Haltères;Alterné;Normale;15;16;0;0;0;0;243;01:03:01
2026-07-14 11:05:05;Reprise post spartan;Extension de bras poulie haute;Poulie vis-à-vis;Bilatéral;Normale;15;34;0;0;0;0;243;01:03:01
2026-07-14 11:05:05;Reprise post spartan;Extension de bras poulie haute;Poulie vis-à-vis;Bilatéral;Normale;15;34;0;0;0;0;243;01:03:01
2026-07-14 11:05:05;Reprise post spartan;Extension de bras poulie haute;Poulie vis-à-vis;Bilatéral;Normale;15;34;0;0;0;0;243;01:03:01
2026-07-14 11:05:05;Reprise post spartan;Élévation latérale;Haltères;Bilatéral;Normale;12;10;0;0;0;0;243;01:03:01
2026-07-14 11:05:05;Reprise post spartan;Élévation latérale;Haltères;Bilatéral;Normale;12;10;0;0;0;0;243;01:03:01
2026-07-14 11:05:05;Reprise post spartan;Élévation latérale;Haltères;Bilatéral;Normale;12;10;0;0;0;0;243;01:03:01
